FamilyMembers,TotalPower,Season,HouseType,Sqft,Units
7,1410,Rainy,Flat,2715,949.19
3,6445,Rainy,Flat,9825,9277.39
6,16075,Winter,Flat,8232,4119.23
8,15195,Rainy,Flat,6107,5119.18
8,12405,Rainy,Flat,4056,7055.19
7,7610,Summer,Flat,1213,2729.08
7,14020,Winter,Flat,3524,9501.44
8,16525,Rainy,Flat,1827,3672.23
6,25650,Rainy,House,7317,19603.72
4,8500,Winter,House,3699,6637.16
5,2320,Summer,Flat,7386,3902.17
1,22250,Summer,House,4568,43815.69
1,21800,Rainy,Flat,5739,13134.79
7,14030,Summer,House,541,1422.26
8,1760,Rainy,House,6960,2886.86
8,3360,Winter,Flat,8829,3331.79
3,13925,Winter,Flat,3672,5658.78
4,26290,Summer,House,9054,71523.03
5,7175,Summer,Flat,6263,8776.96
5,4815,Rainy,Flat,6982,3219.84
4,14160,Summer,House,9195,30779.97
1,5910,Rainy,Flat,6302,3913.82
7,3900,Rainy,Flat,9520,2177.7
5,9750,Summer,House,4983,13535.53
7,1095,Rainy,Flat,2386,624.74
2,11590,Summer,Flat,9667,29321.69
5,6350,Rainy,Flat,2576,3169.97
4,7060,Summer,House,4117,7394.79
2,15905,Summer,House,5393,27576.25
1,9660,Rainy,Flat,844,1864.19
3,9960,Winter,House,8793,15758.56
4,19360,Summer,Flat,2378,10601.95
8,1660,Summer,Flat,6144,2784.68
5,18980,Rainy,House,7030,21591.31
4,18900,Winter,Flat,4753,15807.5
5,6710,Winter,House,7918,6358.41
4,1200,Winter,House,7843,1860.37
3,20235,Rainy,House,8813,62117.23
8,11400,Rainy,House,4935,11363.63
6,4110,Summer,House,7460,9280.21
5,15700,Summer,Flat,753,2645.41
7,16060,Summer,Flat,2655,13075.57
2,14810,Rainy,Flat,8333,21117.2
8,23370,Summer,House,6030,16977.83
4,8250,Rainy,House,4431,6413.98
6,13565,Winter,Flat,9544,29031.79
1,1990,Summer,Flat,5241,2932.04
3,16200,Winter,Flat,2555,6865.61
4,15190,Winter,House,6505,15601.32
4,14200,Rainy,House,6747,8026.41
7,11590,Winter,Flat,1150,1239.03
1,8975,Rainy,House,4965,5430.87
3,12400,Summer,Flat,5402,10728.9
1,12580,Summer,Flat,5154,11926.59
2,11610,Summer,House,6159,14771.02
4,7565,Summer,Flat,3978,6314.4
4,3240,Rainy,Flat,1026,731.42
3,16040,Rainy,Flat,5430,10038.37
8,11360,Winter,Flat,694,1535.06
4,8700,Summer,Flat,3813,4146.43
4,5640,Rainy,House,9621,6346.61
2,9005,Rainy,Flat,1646,2520.17
2,7180,Summer,House,5915,10445.43
3,10620,Winter,Flat,2584,2762.96
8,17800,Rainy,House,718,3210.32
5,3450,Summer,Flat,3808,2202.11
2,9430,Rainy,Flat,5277,4662.38
1,8270,Winter,Flat,612,671.67
8,11205,Winter,Flat,681,203.19
1,1740,Summer,Flat,6628,1603.48
3,18490,Rainy,Flat,3537,16370.38
3,22550,Summer,House,6759,60005.21
8,10590,Rainy,House,8882,13877.54
5,13305,Summer,Flat,1040,2212.58
6,17300,Rainy,Flat,5077,15495.46
8,11370,Rainy,Flat,5261,7813.89
5,15010,Summer,Flat,5029,13937.22
2,8180,Rainy,Flat,1684,2214.03
8,19520,Winter,Flat,3545,4801.05
5,14550,Rainy,Flat,5777,15735.02
5,1160,Rainy,Flat,6090,1557.48
5,14520,Winter,House,4917,15910.6
8,15220,Summer,House,9829,40383.95
3,6855,Winter,House,3203,4949.11
7,14530,Summer,Flat,6124,8521.87
1,6250,Summer,Flat,6295,11979.61
2,15590,Winter,House,3450,9887.39
2,4360,Winter,House,4080,1930.92
7,30720,Rainy,House,8021,44003.48
7,11810,Winter,Flat,9511,18802.35
4,18540,Summer,House,1742,5670.88
1,5020,Summer,House,1655,1319.02
2,13530,Winter,House,2706,8845.98
5,7250,Summer,House,1080,1179.83
1,6965,Summer,Flat,8485,13030.98
1,1710,Rainy,House,8781,3621.29
8,15215,Winter,House,5106,8144.9
1,9590,Rainy,House,1070,2089.58
3,11770,Summer,House,783,1888.84
3,7070,Summer,Flat,4953,6066.9
8,4950,Winter,Flat,472,384.25
3,10500,Rainy,House,7284,28805.76
7,20300,Winter,House,7471,43734.32
3,12770,Summer,Flat,8896,5231.9
7,14480,Winter,Flat,1563,4514.45
6,17360,Rainy,House,6020,24280.91
7,11000,Summer,House,9544,34931.19
1,10410,Rainy,Flat,9264,12896.38
1,3530,Rainy,Flat,5331,1830.46
5,16000,Winter,House,6158,12315.16
8,15420,Winter,Flat,1502,3551.02
3,16160,Rainy,Flat,7661,25101.84
6,20740,Rainy,Flat,6754,20222.37
1,13700,Winter,House,4660,10756.66
5,11890,Winter,Flat,4962,5396.85
6,18230,Rainy,House,6505,25491.74
3,12380,Rainy,House,5053,13915.83
3,17500,Summer,Flat,4726,17905.99
3,26770,Rainy,Flat,2766,12222.61
3,4590,Summer,Flat,4309,5794.71
6,6840,Winter,Flat,8571,6436.09
8,4450,Winter,House,5226,5875.32
4,6330,Summer,Flat,9114,14418.36
3,6560,Winter,House,9654,10856.25
7,7070,Summer,Flat,6967,11466.47
4,2155,Summer,Flat,6742,4983.83
8,8035,Rainy,Flat,7191,3819.55
4,4190,Winter,Flat,806,205.72
7,1845,Rainy,House,2447,638.99
7,6445,Summer,House,5084,4876.75
8,11490,Summer,Flat,8015,18830.54
6,29695,Winter,Flat,7867,37845.35
4,12515,Summer,House,3379,3705.08
3,4635,Rainy,House,599,417.97
5,16320,Winter,Flat,3802,9093.22
2,340,Rainy,Flat,3930,149.49
7,10800,Rainy,Flat,4148,9105.54
1,2770,Rainy,Flat,1758,1526.19
6,8685,Rainy,House,6441,14520.04
2,18995,Rainy,House,5057,25747.81
8,18600,Summer,Flat,4003,11622.6
7,13990,Rainy,House,7754,16633.99
3,8930,Rainy,House,5457,14235.77
4,15000,Winter,House,5268,10562.23
4,10735,Summer,House,8579,6261.87
5,8640,Winter,Flat,2961,4174.21
4,5000,Summer,Flat,6588,5311.07
6,9850,Winter,House,8567,19499.75
6,9750,Rainy,Flat,2535,2433.2
7,10105,Rainy,House,4469,8456.51
4,10590,Summer,Flat,7866,20108.23
5,5165,Summer,Flat,957,1036.37
6,9470,Summer,House,3835,8534.21
8,22990,Summer,Flat,3709,8543.11
3,3145,Summer,House,2370,3105.44
3,4270,Rainy,Flat,2217,874.94
6,10510,Summer,House,6976,16349.46
4,18220,Summer,Flat,2629,4230.73
8,2665,Winter,Flat,9360,2138.03
6,3575,Summer,Flat,5914,4247.89
2,8390,Winter,House,9048,16820.02
1,3330,Winter,Flat,1495,943.5
4,12870,Winter,Flat,4342,7476.26
4,15270,Rainy,House,5067,7654.21
6,6825,Winter,House,6923,17287.96
7,15100,Rainy,Flat,9938,23079.61
8,5540,Rainy,House,1321,1586.2
1,6615,Summer,Flat,4910,11413.22
5,3020,Summer,House,4943,4031.82
6,14940,Summer,House,1959,6488.98
2,19560,Summer,House,4165,16763.95
7,2710,Summer,Flat,7421,3285.94
2,8780,Summer,House,3701,5799.19
6,14855,Summer,Flat,1732,5145.02
2,10965,Rainy,House,4453,12694.9
4,11005,Summer,Flat,5158,9900.18
1,1160,Winter,House,6129,1082.34
8,19360,Rainy,House,9871,38510.67
5,9555,Summer,Flat,3988,13344.17
7,13530,Rainy,House,6721,22713.61
3,18190,Summer,Flat,9344,18447.81
5,20625,Summer,Flat,4209,18349.6
6,10455,Summer,Flat,3656,11264.32
6,3100,Winter,Flat,4802,3004.05
4,1500,Summer,House,4584,2072.64
3,14160,Summer,House,2795,9503.49
1,910,Winter,Flat,3125,553.94
7,18650,Rainy,House,8989,33046.7
8,24945,Winter,Flat,9759,48564.95
8,10480,Rainy,Flat,2473,4787.33
5,23560,Winter,Flat,4457,13827.84
7,9750,Winter,Flat,5062,6161.0
2,10755,Winter,Flat,5822,8584.97
8,10350,Summer,Flat,4939,6262.04
1,3780,Summer,House,9250,15834.26
7,7150,Rainy,Flat,9380,9669.1
6,9460,Summer,Flat,1214,2019.18
3,10575,Rainy,House,2473,2432.32
2,5290,Summer,Flat,7082,4858.55
6,11150,Winter,House,1259,1729.74
2,17600,Summer,House,9982,41420.41
3,12700,Rainy,Flat,7970,16057.9
1,7470,Rainy,House,4136,7652.84
5,1040,Winter,Flat,8769,976.61
2,7450,Summer,House,4617,12933.49
7,4500,Rainy,House,9805,10042.45
6,25360,Winter,Flat,7003,18426.95
8,5285,Winter,Flat,2533,1297.34
8,15295,Rainy,House,9850,29181.7
2,13795,Winter,Flat,8775,11849.27
6,11940,Summer,Flat,1045,3239.35
5,6365,Summer,House,7688,21707.33
6,33550,Winter,Flat,5041,16675.75
1,6980,Rainy,Flat,2783,5015.05
8,14740,Summer,House,5833,8554.93
3,10560,Winter,Flat,5709,2876.74
2,2700,Rainy,House,7621,4887.68
5,12600,Summer,House,8919,15598.58
3,10070,Rainy,Flat,1909,1935.75
1,15630,Summer,House,9984,33382.1
4,18370,Winter,House,8132,14679.53
2,12680,Summer,House,2574,9537.96
3,5200,Winter,House,2862,4715.54
2,14450,Winter,Flat,9680,20366.69
1,17550,Rainy,House,3314,11004.17
3,15590,Summer,Flat,4303,14991.42
2,10570,Summer,Flat,6957,15857.09
6,13000,Winter,House,3560,11344.63
1,19670,Winter,House,9177,37787.18
6,24400,Rainy,Flat,8350,30097.25
7,17010,Rainy,House,5454,16914.99
7,16990,Rainy,Flat,7818,24614.0
7,4710,Rainy,House,7339,7480.02
3,1075,Rainy,Flat,9001,2394.55
1,1220,Rainy,House,9375,3866.22
7,13780,Winter,Flat,2998,7312.22
8,11380,Winter,House,4459,6313.03
2,19780,Rainy,House,4613,12178.57
8,14230,Rainy,Flat,7898,21291.76
6,11650,Summer,Flat,6672,12066.92
5,6540,Rainy,Flat,9028,17518.57
4,11000,Summer,House,5896,21571.28
4,5545,Summer,Flat,3864,4080.41
5,19400,Rainy,House,8411,50491.78
4,9340,Winter,House,4295,1956.02
5,17035,Summer,House,7502,21867.34
5,1920,Rainy,House,5324,2435.9
7,20220,Winter,House,4887,12659.84
3,12050,Winter,House,6640,25938.02
8,15870,Winter,Flat,6813,8456.89
4,34100,Winter,Flat,9521,34645.14
1,10780,Summer,Flat,7601,21331.84
4,16550,Rainy,Flat,6141,16652.5
4,12090,Rainy,Flat,4243,6049.0
4,10790,Rainy,Flat,7163,18859.01
3,7860,Winter,Flat,9850,9530.47
2,4845,Summer,Flat,3278,3544.57
2,12470,Summer,House,9275,10169.68
7,8550,Winter,Flat,1634,3263.97
2,2570,Rainy,House,3049,1714.23
8,10275,Winter,Flat,5464,2647.4
4,12350,Rainy,House,7578,24354.99
1,19840,Winter,House,4852,9972.57
2,14880,Summer,House,1670,6115.57
5,13110,Winter,Flat,449,818.42
7,10940,Winter,Flat,8619,11046.81
3,4730,Winter,Flat,8025,10298.87
2,7385,Rainy,Flat,6089,7958.39
7,21310,Winter,Flat,7658,33030.88
7,11720,Winter,Flat,4593,9591.34
5,505,Summer,House,9326,685.81
8,685,Summer,House,1736,602.41
3,7425,Summer,Flat,2579,3340.6
8,5855,Summer,Flat,3557,1857.09
5,14000,Summer,House,4239,12446.05
2,10255,Rainy,Flat,454,419.38
2,10610,Summer,House,2909,4846.29
3,11455,Winter,Flat,7854,15775.36
6,19400,Rainy,Flat,4089,8596.16
4,14470,Summer,Flat,2015,4541.35
6,16000,Rainy,House,9499,21979.99
3,4650,Winter,Flat,601,673.32
3,23645,Summer,Flat,5494,20557.18
4,12995,Rainy,Flat,1849,8042.5
2,2850,Summer,House,1256,1233.14
1,4950,Rainy,Flat,3492,4079.68
3,7780,Summer,Flat,8431,11859.82
1,13180,Summer,House,2993,5069.12
2,2185,Winter,Flat,1421,416.52
8,5450,Rainy,Flat,4585,6612.73
4,27020,Summer,Flat,7745,44042.61
5,4600,Rainy,Flat,6965,4831.32
6,2970,Rainy,House,4284,1734.6
1,7500,Winter,House,6714,13209.11
6,20545,Winter,Flat,3125,4969.4
4,7500,Summer,House,3616,8003.86
3,13650,Rainy,House,8051,28905.04
5,6765,Summer,Flat,6674,12461.23
8,3725,Winter,House,9527,5683.77
5,14410,Winter,House,1198,3694.39
4,3450,Winter,House,1124,568.26
4,12785,Winter,Flat,8174,20387.67
5,14960,Winter,Flat,9853,22343.76
7,8090,Summer,House,5645,6424.53
4,2050,Winter,House,5706,2340.61
6,11865,Summer,Flat,575,1357.29
8,8885,Summer,Flat,4573,6220.64
7,13350,Summer,House,4069,9547.76
2,5180,Rainy,Flat,5088,4018.51
8,15115,Rainy,House,9018,26031.47
7,1520,Summer,House,2341,516.65
7,6950,Rainy,Flat,3853,3614.57
6,9520,Winter,House,9241,15030.13
6,10445,Summer,House,6643,18307.49
5,10350,Rainy,House,6160,14209.7
7,20870,Winter,Flat,2143,5923.33
5,1530,Rainy,House,3470,704.94
2,7815,Winter,House,4429,4718.79
2,18610,Rainy,House,6558,29711.87
5,3250,Rainy,Flat,2361,1625.9
1,13585,Summer,House,697,3290.83
2,3845,Rainy,House,9824,9981.1
1,1935,Rainy,Flat,7724,1509.41
3,3860,Summer,House,8248,2581.43
8,6510,Summer,House,6413,12677.03
4,3275,Winter,House,6167,4128.4
4,15020,Winter,House,3111,7943.18
2,8925,Rainy,Flat,5965,14892.31
2,12370,Winter,Flat,2855,4189.35
4,16260,Winter,House,3094,4365.42
7,2590,Winter,Flat,7031,1814.46
1,9030,Summer,House,9674,25341.79
8,9200,Rainy,House,637,527.38
2,8030,Winter,House,5987,3789.96
3,11290,Winter,Flat,2855,4425.58
4,15630,Summer,Flat,7344,24049.32
4,19920,Summer,Flat,7637,22389.48
2,9935,Winter,Flat,4396,5792.76
4,1250,Summer,House,1768,560.53
5,3030,Rainy,House,2114,1094.22
5,8665,Winter,Flat,6742,6054.99
6,11650,Summer,House,5214,10327.73
6,9860,Winter,Flat,2724,3553.51
3,16285,Winter,House,1892,3475.14
6,9860,Summer,House,5089,16443.43
2,13750,Rainy,House,5688,20746.96
2,1710,Summer,Flat,4669,893.69
2,12640,Winter,House,2006,2470.03
1,13595,Rainy,Flat,4642,14051.45
1,17000,Winter,House,7561,31601.39
4,7980,Summer,House,5032,11713.6
5,21440,Rainy,Flat,2579,5177.46
4,9200,Winter,Flat,4521,8028.51
8,3515,Summer,House,2215,1373.15
1,7180,Winter,Flat,4877,6340.6
4,18885,Winter,Flat,9978,18745.39
8,16150,Summer,House,3873,28823.17
6,7625,Rainy,House,7971,13669.64
4,22515,Summer,Flat,2041,4336.13
5,16480,Winter,House,1757,4853.03
2,15510,Winter,House,5432,17383.5
8,15475,Winter,Flat,3499,11310.9
4,18210,Winter,Flat,2498,7392.62
1,18370,Winter,Flat,7172,16867.66
1,16735,Rainy,House,9437,39150.74
1,15830,Winter,House,5887,23815.3
7,2275,Summer,House,3801,2855.1
7,3895,Rainy,Flat,1811,1837.97
7,2680,Rainy,Flat,9833,3168.31
1,5115,Summer,House,2448,5472.5
6,23750,Summer,House,3595,21012.24
2,10410,Rainy,House,5674,14946.23
4,15565,Winter,Flat,3825,5897.06
1,6260,Rainy,House,3490,6745.09
4,675,Winter,Flat,9622,949.89
6,12315,Rainy,House,9895,20957.71
3,6950,Rainy,Flat,1168,1348.25
3,1920,Rainy,Flat,6863,1347.02
4,8140,Winter,Flat,1563,1376.67
2,8350,Summer,Flat,9325,18812.15
3,18600,Rainy,Flat,7062,21759.98
4,7860,Rainy,House,550,666.83
1,16060,Rainy,House,6202,14737.98
2,11250,Summer,Flat,7790,26576.89
7,14590,Rainy,House,8388,19801.32
2,1450,Winter,House,643,114.25
6,10515,Winter,Flat,7271,13998.45
1,12990,Summer,House,5864,19727.74
4,28300,Summer,Flat,9091,57600.29
8,22180,Summer,House,8276,31328.9
3,15015,Summer,Flat,2409,6322.54
2,15375,Summer,Flat,7922,15488.94
7,1085,Summer,House,672,208.24
3,355,Rainy,Flat,6622,282.5
3,22265,Rainy,House,7737,41694.6
6,19825,Summer,House,1534,8276.97
6,9600,Rainy,House,7853,7540.44
2,6100,Rainy,Flat,4888,1905.55
4,13785,Summer,House,8113,35922.01
8,4730,Winter,Flat,742,281.5
6,13545,Summer,Flat,960,1793.97
8,20140,Summer,House,7295,46712.84
2,10150,Rainy,House,8014,14163.49
5,6450,Summer,Flat,403,414.77
8,5740,Winter,House,8711,3418.47
3,15495,Rainy,Flat,9883,32125.66
4,14080,Summer,Flat,2373,4686.48
4,13310,Summer,House,1327,4532.32
2,7970,Rainy,House,7586,16167.4
4,15560,Summer,Flat,1574,3653.36
6,18870,Rainy,House,9764,27860.12
5,7360,Winter,Flat,9620,10345.44
8,1190,Rainy,Flat,4115,534.74
3,8190,Rainy,House,1626,2314.18
8,15295,Rainy,House,4766,24282.97
4,630,Summer,House,9459,1597.79
1,11040,Summer,House,4619,9556.9
6,7500,Summer,Flat,8957,9512.43
2,24930,Rainy,Flat,6161,19263.21
6,12860,Summer,Flat,1861,4062.8
5,20450,Summer,Flat,7917,39381.98
4,13615,Rainy,Flat,5460,10694.02
5,8380,Winter,Flat,8673,9236.25
5,8340,Summer,House,1373,1946.04
7,5645,Rainy,House,6546,4979.61
7,5400,Rainy,House,4113,4509.35
1,8060,Summer,Flat,8403,14209.82
5,2960,Summer,Flat,1219,1017.8
8,18480,Rainy,House,2309,12699.99
5,7680,Rainy,Flat,9148,10425.75
4,18120,Winter,House,7826,16070.44
7,21440,Winter,Flat,6898,12912.79
8,8070,Rainy,Flat,8533,14237.1
6,1135,Winter,House,1003,284.01
3,22185,Winter,Flat,3835,9634.8
4,6875,Winter,House,6599,9017.94
1,7950,Summer,Flat,1787,1294.39
1,11635,Winter,Flat,2165,3397.2
4,2445,Rainy,House,2371,525.23
7,24810,Winter,Flat,7251,32742.7
3,10580,Rainy,House,2092,3698.0
2,14665,Winter,Flat,888,1174.11
2,26715,Winter,House,4567,23167.01
4,3180,Winter,Flat,2551,1537.85
4,5120,Winter,House,5666,4562.02
2,2790,Winter,Flat,3763,856.21
6,8100,Winter,Flat,5879,6277.3
1,1680,Rainy,House,6121,3309.18
3,16830,Summer,House,2901,15224.03
3,9330,Summer,Flat,4214,6123.36
6,16400,Winter,House,3712,10586.76
6,1530,Winter,Flat,695,189.0
5,11070,Winter,Flat,1254,1593.1
8,13520,Winter,House,9659,35828.0
7,19350,Summer,House,3864,8299.11
3,3295,Winter,House,5387,2303.67
6,19870,Rainy,House,5346,36182.09
4,3360,Winter,House,7037,4565.73
8,2530,Summer,Flat,3645,2058.01
6,8765,Winter,House,4006,6114.27
1,14265,Rainy,House,1694,4826.67
7,5280,Summer,Flat,7767,7404.67
7,10360,Summer,House,1375,5372.45
5,5980,Summer,Flat,6394,6107.79
6,15550,Rainy,House,8766,34116.87
6,10800,Winter,Flat,1260,1920.54
6,24580,Rainy,House,436,3098.84
7,15850,Summer,Flat,6455,24359.33
8,18250,Rainy,Flat,2469,12580.1
7,7640,Rainy,House,5357,5204.03
2,26055,Summer,House,2345,14453.15
1,17120,Summer,Flat,1524,2436.93
5,8635,Summer,Flat,4667,5564.54
3,5415,Rainy,House,573,765.5
5,9035,Winter,Flat,4598,8814.27
8,1710,Rainy,Flat,9555,4955.49
7,12750,Winter,House,2836,5496.08
7,5795,Summer,Flat,9530,15178.6
2,8155,Winter,Flat,7467,9872.26
8,11130,Winter,Flat,2575,1945.47
3,6960,Rainy,Flat,1838,2590.85
6,15200,Winter,Flat,7975,28679.51
8,13115,Rainy,Flat,1738,3502.77
1,8895,Rainy,House,5601,10476.25
7,4020,Winter,Flat,9975,5841.7
6,8220,Winter,House,9389,12207.93
5,5605,Summer,House,4527,5053.34
5,7155,Winter,House,6193,7061.78
6,8085,Winter,Flat,8340,10912.14
6,1145,Rainy,Flat,8362,587.51
1,12490,Winter,House,7073,11630.91
8,23150,Rainy,House,455,2702.1
5,15320,Winter,House,5594,13245.47
8,4680,Rainy,Flat,7110,8711.35
1,4320,Rainy,House,8547,8053.62
1,7560,Winter,Flat,3838,2949.86
6,22330,Winter,House,5282,15756.71
4,1980,Winter,Flat,8060,1964.11
7,1470,Summer,House,6048,1818.93
5,14040,Rainy,Flat,3377,4499.77
3,16800,Summer,Flat,6944,23550.86
8,10490,Rainy,House,558,2046.93
3,13110,Winter,House,2926,4378.15
3,5440,Rainy,Flat,4582,4243.89
7,8570,Summer,Flat,7864,10169.27
3,8095,Rainy,House,8143,13908.13
2,14560,Summer,House,5237,24596.15
1,5650,Rainy,House,7444,11057.25
3,10990,Rainy,Flat,8995,12515.64
6,19535,Summer,Flat,423,1617.02
1,18895,Winter,Flat,4169,9867.79
1,3370,Summer,Flat,4494,4103.68
3,21310,Summer,Flat,8103,26451.55
1,7260,Winter,Flat,4732,8772.55
5,6315,Rainy,House,9602,10936.67
3,11210,Rainy,House,451,1031.51
6,10745,Rainy,House,4741,2692.89
3,9030,Winter,House,1481,2372.3
2,1100,Winter,House,7001,1209.98
5,14815,Summer,Flat,3078,10944.91
2,13610,Rainy,House,8547,28208.97
2,4505,Rainy,Flat,6739,2504.45
6,18620,Summer,Flat,4226,18518.72
1,10260,Winter,Flat,2391,3915.93
2,17380,Summer,House,4064,29221.97
7,8140,Summer,House,6509,12461.89
4,6740,Rainy,Flat,3203,2123.32
5,7785,Winter,House,7492,12444.37
8,10010,Winter,Flat,5631,5599.3
7,1120,Winter,Flat,7997,1551.46
3,5860,Summer,House,7871,6423.34
3,7000,Rainy,House,7613,5314.75
8,9480,Winter,House,7621,13646.97
7,14500,Summer,Flat,4894,17429.0
8,11345,Winter,House,2563,2725.33
4,20710,Rainy,Flat,3364,14439.26
5,5345,Winter,House,899,1143.04
1,13360,Winter,Flat,6137,7259.21
6,11205,Rainy,House,2351,2531.84
3,15720,Summer,House,9858,50095.27
7,14660,Rainy,House,1032,3046.05
8,325,Rainy,House,9213,758.87
3,10840,Winter,Flat,6155,8376.23
1,9530,Rainy,House,2133,5289.48
3,10640,Summer,Flat,5301,10949.2
8,10460,Summer,House,7936,10468.14
8,9600,Rainy,House,8323,16806.99
2,20840,Summer,House,8326,55367.9
4,8690,Winter,Flat,2195,3053.96
1,36650,Summer,House,9646,104039.0
8,2185,Rainy,Flat,7063,3233.73
5,16000,Summer,House,7247,33598.84
6,7470,Summer,House,9178,18178.79
4,16260,Rainy,House,3655,11130.99
2,1840,Rainy,House,8194,6993.43
8,13470,Summer,Flat,5083,16223.18
2,8390,Rainy,Flat,9580,11719.52
7,14355,Winter,Flat,8364,4931.11
8,3440,Rainy,House,4585,859.17
6,8830,Winter,Flat,2244,2970.69
7,18120,Summer,House,8772,38980.26
3,6560,Rainy,House,5834,5133.69
4,3430,Summer,Flat,4430,3155.86
3,15590,Winter,House,7806,18669.67
5,6875,Rainy,Flat,8805,14383.99
8,14330,Summer,House,1497,2344.45
2,9120,Winter,House,8044,19085.87
4,23080,Winter,Flat,8383,32009.36
6,10200,Winter,Flat,882,1495.01
3,27080,Summer,Flat,7966,46442.33
4,11565,Rainy,House,6922,14621.72
1,19250,Summer,House,845,2571.62
1,16585,Winter,House,6867,17412.52
8,18240,Summer,House,6094,37671.15
4,10210,Winter,Flat,6884,11733.25
5,17320,Rainy,House,8688,41128.73
2,9110,Rainy,Flat,7301,14179.95
3,4320,Winter,Flat,3638,1483.89
5,11730,Winter,Flat,8375,10251.0
3,13820,Winter,House,8522,19305.23
2,400,Summer,House,8251,1099.58
8,6460,Summer,Flat,4029,11310.45
2,21605,Rainy,House,6000,22145.99
1,15690,Winter,House,1744,9032.81
5,4340,Winter,Flat,9102,4543.31
6,13250,Rainy,Flat,1567,2152.18
4,19255,Rainy,Flat,5641,12402.47
6,11920,Winter,House,6218,12743.63
5,15270,Rainy,Flat,3055,6519.31
8,10500,Winter,House,7238,19351.18
4,9260,Summer,Flat,3723,5831.01
2,22555,Winter,Flat,3623,11187.01
8,5870,Rainy,Flat,3829,6022.26
2,6025,Rainy,House,6456,9026.37
3,2770,Winter,House,7919,4745.18
3,19240,Rainy,House,525,2559.96
7,18700,Rainy,House,8617,41320.92
7,16110,Winter,Flat,6020,14178.32
3,12720,Summer,Flat,7074,26280.82
6,3005,Rainy,House,5150,4823.12
2,1795,Rainy,Flat,1347,96.52
6,13665,Rainy,House,3957,13408.8
3,8320,Summer,Flat,3586,6948.04
1,8100,Winter,House,1321,1699.94
5,6690,Winter,House,3211,3583.78
7,5705,Winter,Flat,3119,2871.04
2,8580,Rainy,Flat,5296,4676.89
7,9100,Winter,House,9158,8662.05
8,15545,Rainy,Flat,5017,13523.4
4,31445,Winter,House,1342,6355.54
4,8545,Summer,House,2882,6973.49
6,6380,Winter,Flat,7301,6506.85
2,16620,Rainy,House,6959,19380.81
7,10275,Winter,House,6750,14602.79
1,9040,Winter,Flat,627,798.49
1,1450,Winter,House,8176,2499.58
3,20610,Rainy,Flat,722,2416.66
6,5370,Rainy,Flat,3534,5580.79
7,7830,Rainy,Flat,3466,6744.82
4,18115,Rainy,House,8813,46831.01
4,7940,Winter,House,3474,6515.51
3,26000,Summer,Flat,9237,35404.33
3,7100,Summer,Flat,4062,7738.44
3,14215,Rainy,House,3393,3885.65
6,14710,Summer,Flat,9667,23333.56
1,14950,Rainy,House,2057,4107.84
4,18840,Rainy,Flat,2073,3134.59
2,18170,Summer,Flat,1872,6342.41
5,13020,Winter,House,9298,21956.11
6,16000,Winter,Flat,6533,20473.7
4,11770,Rainy,Flat,4172,9052.99
6,15590,Rainy,House,2926,8101.98
4,11580,Winter,House,9573,20847.92
3,975,Winter,Flat,2590,370.66
8,11545,Winter,Flat,9206,15958.39
3,7960,Winter,House,9184,11684.85
1,4530,Winter,Flat,9012,7344.24
8,20045,Summer,Flat,3067,7466.72
8,16990,Rainy,House,940,4140.05
8,4700,Rainy,House,2504,3908.58
6,7130,Winter,Flat,8989,8341.28
8,8400,Winter,Flat,9396,11489.98
3,8530,Rainy,Flat,2835,2470.11
5,4890,Winter,House,2227,1343.69
2,1140,Summer,House,5621,1280.65
4,8780,Winter,House,4564,6355.09
8,11425,Rainy,Flat,9214,16088.87
7,3280,Rainy,House,7590,7189.21
8,5600,Winter,Flat,7692,2913.73
4,4210,Winter,House,410,147.16
1,15000,Summer,House,8284,30453.96
7,7930,Winter,Flat,9336,12519.99
5,1860,Winter,Flat,1464,158.1
1,6380,Rainy,Flat,8617,5323.69
6,15495,Rainy,Flat,1087,2207.28
6,4220,Winter,Flat,6223,5730.56
3,11175,Winter,Flat,6780,8372.33
1,20600,Summer,House,3916,24133.93
4,9015,Summer,Flat,9380,15205.82
3,2990,Rainy,Flat,1722,777.26
6,6070,Rainy,House,9721,13939.21
7,12040,Rainy,House,3675,11302.19
2,12255,Winter,Flat,6019,13438.57
6,7740,Winter,House,4928,4399.48
4,16230,Winter,House,8794,28948.79
5,4560,Winter,Flat,7860,4651.97
1,6660,Winter,House,4743,4631.74
3,16100,Winter,Flat,5311,19187.46
4,5610,Rainy,House,4125,3789.81
2,2315,Summer,Flat,4562,1424.96
1,15260,Summer,House,2637,8667.83
5,12550,Winter,Flat,3007,7934.64
5,10020,Winter,House,5032,14216.27
5,25740,Winter,House,5138,25721.55
6,33300,Summer,House,2618,21757.15
8,11845,Summer,House,3697,9434.34
6,7250,Winter,House,9091,16028.94
4,5340,Winter,House,1923,1565.2
2,11505,Rainy,House,9182,20577.92
5,11850,Winter,House,5863,19210.45
8,11360,Rainy,Flat,2341,2994.57
2,1740,Summer,House,9325,6023.37
6,8450,Summer,House,6195,24911.06
4,15800,Winter,Flat,8722,18535.37
5,2055,Rainy,Flat,4415,1497.46
7,9160,Summer,Flat,6978,10025.59
8,4360,Winter,Flat,6842,3069.82
6,9070,Winter,House,5213,4933.06
3,17055,Summer,House,2053,7351.55
6,6090,Rainy,Flat,452,489.47
4,14045,Rainy,House,419,2368.3
6,17885,Rainy,Flat,8185,35859.61
3,23200,Summer,House,5990,36154.12
7,9275,Rainy,Flat,6463,5233.07
5,26500,Rainy,Flat,3986,16669.13
6,6850,Summer,House,4179,5294.84
8,9790,Summer,Flat,2806,2821.32
4,8720,Rainy,House,745,1187.71
4,12670,Summer,Flat,8996,17078.47
4,4930,Rainy,Flat,9641,6924.17
7,4885,Winter,Flat,4538,3900.65
8,3605,Rainy,House,8851,4292.42
3,24650,Rainy,Flat,6598,19773.29
6,11760,Winter,House,2699,8911.15
8,14200,Summer,Flat,2288,3213.19
3,12280,Winter,Flat,1317,3254.07
1,5300,Rainy,Flat,1536,1827.47
3,20630,Summer,House,5752,18342.2
4,5670,Rainy,Flat,7327,7106.97
1,9750,Rainy,Flat,2712,7811.43
5,10040,Summer,House,647,1957.24
4,11495,Summer,Flat,2153,3547.66
6,17750,Winter,House,1891,9164.49
2,8800,Winter,House,8056,15260.33
4,5195,Rainy,Flat,2472,2064.64
8,25580,Rainy,Flat,2647,15108.22
1,16670,Winter,House,9589,38458.98
7,10340,Winter,Flat,4801,3090.74
8,14570,Rainy,Flat,1087,2801.57
4,1655,Winter,Flat,854,89.6
3,5790,Winter,Flat,8341,6846.39
4,6100,Summer,House,505,660.91
3,690,Summer,Flat,8801,827.24
8,2575,Rainy,House,3070,2523.49
3,2525,Winter,House,1915,880.26
1,7560,Rainy,Flat,2869,3442.28
4,12200,Summer,Flat,8804,23086.5
4,19270,Rainy,Flat,4743,16704.07
1,6020,Summer,Flat,573,288.0
7,3045,Rainy,House,3757,4031.17
1,10675,Summer,Flat,2746,3562.04
5,12730,Summer,Flat,8375,18793.45
1,6260,Winter,House,9180,15279.91
5,5050,Rainy,House,7312,10341.43
6,4470,Rainy,House,4042,3116.22
3,3510,Rainy,Flat,6330,2419.2
7,10210,Summer,House,6153,10571.69
7,9905,Summer,House,7722,21216.2
1,2980,Summer,Flat,4090,1782.03
2,8820,Winter,House,4697,4657.72
7,14870,Rainy,House,6754,14287.32
2,15660,Winter,Flat,7430,18366.77
2,8225,Winter,House,1830,1816.52
7,9600,Rainy,Flat,4633,6662.09
8,8940,Summer,Flat,8415,15206.05
8,11050,Rainy,Flat,9451,32728.51
6,7590,Winter,House,8095,13303.24
6,17140,Winter,House,5779,23494.47
4,13690,Summer,Flat,8298,26179.1
5,2980,Summer,House,9051,8291.34
3,2450,Winter,Flat,6882,1949.1
1,12400,Rainy,Flat,9608,12837.59
3,4165,Winter,Flat,8941,4004.1
7,17470,Winter,Flat,3215,5122.73
2,3875,Winter,House,2940,2222.71
5,5030,Winter,House,2697,977.79
4,19590,Rainy,House,1220,3393.03
5,3725,Summer,House,6103,2262.4
1,13445,Winter,House,9194,40840.25
4,7380,Summer,Flat,8876,12846.76
1,25000,Rainy,House,5793,30594.14
8,17245,Rainy,House,7617,33092.88
6,12860,Winter,House,2870,4059.33
7,14895,Summer,Flat,5116,13279.71
1,11970,Summer,House,4083,12447.8
4,4530,Winter,House,6040,8760.44
7,7970,Summer,House,7991,8888.52
4,8490,Rainy,Flat,9928,12103.72
3,20000,Summer,House,2530,13047.91
2,10070,Summer,House,7872,29741.53
1,8685,Winter,House,9048,14132.72
4,3260,Winter,Flat,9908,5288.88
2,16975,Winter,Flat,6254,15400.87
2,9635,Winter,Flat,8978,18638.32
8,24780,Winter,Flat,4560,17018.19
8,3850,Winter,House,5336,5237.83
3,15360,Rainy,House,7048,20617.3
3,9145,Summer,Flat,9074,13430.07
2,15160,Rainy,Flat,546,1322.47
4,11000,Summer,House,2449,13684.16
7,4260,Winter,Flat,6777,4142.48
4,17000,Summer,House,6360,30126.54
8,21060,Winter,Flat,5791,23765.97
3,17870,Summer,Flat,9496,43954.12
4,10220,Winter,House,783,1911.14
6,13950,Rainy,Flat,2352,8274.95
5,9970,Summer,House,1362,3437.37
8,19150,Summer,House,511,2234.08
5,15460,Summer,House,9585,27694.51
1,8940,Winter,Flat,4593,3684.58
3,4725,Rainy,House,6254,9243.45
4,9060,Rainy,House,2952,4319.25
8,10980,Summer,House,2077,5026.0
7,13240,Summer,House,5633,21257.15
4,9535,Rainy,House,6668,9167.5
7,29380,Summer,House,6050,30406.28
4,12015,Rainy,Flat,7848,16703.98
7,13360,Summer,House,998,2723.28
6,5870,Rainy,House,3165,4527.07
5,4580,Winter,House,9299,12242.68
8,7570,Rainy,Flat,1383,2016.14
3,13575,Winter,House,2845,3509.87
7,9490,Summer,Flat,5719,7428.58
2,12860,Summer,Flat,5607,16728.29
8,16320,Winter,House,3881,13753.49
4,9310,Summer,House,6704,17952.5
1,3855,Summer,Flat,4396,1384.24
3,24750,Summer,House,3284,22380.19
8,6290,Rainy,House,984,797.04
8,10875,Winter,Flat,5488,4640.56
6,15330,Rainy,Flat,7656,13167.65
6,9280,Summer,House,3649,9099.12
7,9400,Winter,Flat,5843,5132.99
7,6580,Rainy,Flat,3393,2434.26
3,565,Summer,Flat,5574,767.9
7,12400,Summer,House,6749,23947.27
2,6670,Winter,House,2376,4170.82
7,6085,Summer,House,3827,7077.55
6,12090,Rainy,Flat,4228,7186.52
4,7750,Winter,House,2336,5439.05
1,7860,Rainy,House,3614,7325.94
5,8080,Summer,House,8925,23061.19
4,2540,Winter,Flat,8967,903.89
7,9070,Rainy,Flat,9376,2468.4
7,18060,Winter,Flat,2161,4362.49
8,980,Winter,House,6214,1080.58
7,5220,Rainy,Flat,3924,1990.18
6,7130,Winter,House,3655,4054.1
7,7450,Summer,Flat,9847,5982.17
8,1870,Rainy,House,9178,3255.42
4,13175,Winter,Flat,8709,13682.24
4,16800,Rainy,House,2864,5749.71
1,7530,Rainy,Flat,4528,5740.44
3,27100,Winter,Flat,4242,25089.71
1,3285,Winter,House,1327,1109.13
2,15250,Rainy,House,4836,15083.14
8,12320,Winter,Flat,6714,12091.41
1,16310,Rainy,House,8792,35190.39
7,13500,Winter,House,8145,21278.97
5,14060,Rainy,Flat,9506,18176.6
7,3100,Winter,Flat,8860,1246.62
7,17260,Summer,Flat,7510,24380.46
3,14900,Summer,House,9060,15329.02
7,6570,Winter,Flat,3183,3544.36
2,7640,Summer,Flat,9192,18217.85
6,3160,Rainy,House,5740,2164.96
4,4585,Rainy,House,2854,3962.53
8,7750,Summer,House,4383,4006.06
5,10610,Winter,Flat,1740,3560.29
6,17160,Summer,Flat,1786,5570.04
6,11250,Rainy,Flat,1664,3061.74
6,8670,Winter,House,7705,17159.15
6,8640,Winter,Flat,3655,1084.12
7,6100,Summer,House,8994,12642.69
2,21275,Rainy,House,7853,33442.96
2,6675,Summer,House,1119,2016.44
7,7710,Rainy,House,9589,29886.53
4,740,Winter,House,563,51.36
2,15350,Summer,Flat,7176,22057.77
5,13270,Winter,Flat,7731,17646.91
1,9500,Summer,House,4785,8404.05
6,8110,Summer,House,6590,6617.6
7,22170,Summer,House,6551,9912.03
5,9750,Winter,House,3059,7174.57
1,6320,Summer,Flat,9367,3766.04
2,24000,Rainy,Flat,2931,12416.06
5,9275,Rainy,Flat,4630,9573.56
3,13740,Rainy,Flat,7544,20513.56
2,920,Summer,Flat,8204,591.34
7,11215,Winter,House,4269,13638.79
2,6390,Winter,Flat,1129,844.62
5,17440,Winter,House,7666,19127.61
7,19710,Winter,House,995,6391.22
3,6590,Winter,Flat,4953,4030.16
1,3570,Winter,House,4260,1865.52
8,2270,Summer,House,8601,4886.16
7,12580,Summer,House,4152,20111.06
6,15480,Winter,House,3864,11198.63
7,12240,Winter,Flat,9295,11174.84
6,3540,Summer,Flat,835,208.1
6,9445,Rainy,Flat,3444,1748.02
4,8940,Rainy,Flat,7424,12510.94
4,9240,Winter,House,6968,6868.59
3,1660,Rainy,Flat,7974,1877.77
2,6780,Winter,Flat,1163,607.57
3,21975,Winter,House,2147,9618.24
5,18330,Summer,House,1153,10138.67
5,9805,Rainy,House,7521,16637.76
5,26845,Rainy,House,8530,29166.42
4,1280,Rainy,House,1123,336.73
8,6415,Rainy,House,2560,3599.59
5,15300,Rainy,House,2612,9475.57
4,6675,Summer,Flat,9900,15589.05
6,9240,Winter,House,2346,1220.6
7,16360,Rainy,Flat,1384,5475.88
1,13295,Winter,Flat,8994,24121.01
4,27460,Rainy,Flat,3915,13629.97
6,11380,Summer,House,4691,5060.72
4,11275,Rainy,Flat,9014,21929.1
1,5205,Summer,Flat,577,648.78
8,10890,Rainy,House,1353,3711.11
6,17315,Summer,House,7438,36411.95
2,3815,Summer,Flat,9736,6551.97
2,2495,Rainy,House,9664,4043.33
4,10240,Rainy,Flat,7423,23973.02
1,11530,Winter,House,7582,21199.44
5,19370,Rainy,House,1041,3251.64
1,9130,Rainy,House,1796,3359.73
8,12200,Summer,Flat,7738,15669.81
4,23930,Summer,Flat,7410,37439.52
6,20310,Summer,Flat,4031,18899.79
2,5985,Rainy,Flat,2761,2136.4
3,7550,Rainy,Flat,7059,6015.64
5,7280,Rainy,Flat,1728,4156.33
4,13720,Summer,House,5601,16758.38
7,4640,Winter,House,8455,13604.4
8,12660,Winter,Flat,6202,8813.68
3,28945,Rainy,Flat,1290,4673.73
8,20350,Rainy,House,9191,69255.3
1,20800,Summer,Flat,7323,35051.11
8,10050,Winter,Flat,2126,1206.57
6,11805,Winter,Flat,4542,7788.25
6,15850,Rainy,House,3643,13439.69
8,1860,Winter,House,6067,795.07
5,1640,Rainy,Flat,8256,3937.59
1,11450,Winter,Flat,678,694.36
6,7070,Rainy,Flat,3573,6295.24
5,12360,Winter,House,2867,3257.19
5,23355,Winter,Flat,4412,16463.47
3,11830,Winter,House,885,1032.87
5,8150,Rainy,House,6563,8197.53
8,16065,Rainy,House,4001,10351.9
1,6400,Summer,Flat,4612,8868.49
6,2015,Rainy,Flat,2391,237.62
6,21800,Summer,House,5702,36552.29
1,9890,Summer,Flat,5455,8046.82
4,13155,Summer,House,8845,37443.27
1,13725,Winter,Flat,8822,19803.29
2,16230,Winter,Flat,5443,9979.68
7,16845,Summer,Flat,5203,23676.9
7,8075,Winter,House,2380,2305.69
4,6365,Rainy,House,4052,4748.35
2,610,Winter,Flat,1559,130.44
1,3485,Winter,Flat,2197,1363.98
6,13520,Summer,House,3022,4367.6
3,3850,Rainy,Flat,3647,1396.97
2,6340,Winter,Flat,1412,599.42
1,8260,Summer,Flat,2409,2699.44
3,2510,Rainy,House,4055,971.44
5,9960,Rainy,Flat,8553,23100.51
7,4575,Summer,Flat,8383,7230.44
7,1745,Summer,House,4706,3215.74
3,5720,Summer,House,6061,8188.48
6,21960,Winter,Flat,9789,33222.32
1,9590,Summer,House,9843,29421.1
6,8050,Rainy,Flat,6676,10812.67
1,9240,Rainy,Flat,3164,4523.77
6,11140,Winter,House,4461,9020.13
3,6325,Summer,Flat,4665,4407.29
4,22980,Rainy,Flat,4958,15990.41
4,19730,Rainy,House,7681,49933.62
5,3270,Winter,Flat,9976,3553.06
8,25115,Summer,House,3600,24292.44
7,6015,Winter,House,9508,17812.87
6,5500,Winter,House,2489,1451.58
1,15260,Summer,House,9413,45575.19
4,7320,Rainy,Flat,8394,13874.15
7,8000,Summer,Flat,877,2703.65
3,10295,Winter,House,8442,26267.39
6,7190,Rainy,Flat,7150,3262.23
1,10340,Rainy,Flat,4749,8812.6
3,17470,Summer,House,1311,5927.8
4,2570,Winter,House,8006,2336.67
1,20725,Summer,House,4536,34889.86
6,20215,Winter,Flat,4210,10183.73
6,14780,Winter,Flat,613,663.69
5,20610,Winter,House,3541,9323.65
1,15930,Summer,House,7740,41972.5
7,13780,Summer,House,573,1946.26
4,14870,Summer,Flat,2652,8406.49
7,7915,Summer,Flat,8344,15505.4
2,9150,Summer,Flat,6182,7931.48
4,3690,Summer,Flat,6595,6523.91
5,28960,Summer,House,3019,20158.14
3,23845,Winter,House,8222,30870.65
1,8000,Rainy,Flat,8029,13642.12
3,2340,Summer,Flat,8597,2484.21
7,16650,Summer,House,3539,23314.69
6,6915,Summer,House,3359,2147.12
3,10950,Winter,House,5468,14570.32
5,12240,Winter,Flat,627,1414.91
2,1350,Winter,Flat,7575,1090.4
6,6340,Summer,Flat,2807,3781.43
8,14135,Summer,House,7830,21430.99
2,11320,Rainy,Flat,5303,8428.46
1,21540,Rainy,Flat,4103,19266.37
2,22640,Rainy,House,8255,24439.85
2,24175,Winter,Flat,3120,10414.75
1,5940,Summer,House,1244,901.49
4,17160,Summer,Flat,946,3629.56
5,19760,Summer,House,9481,52044.43
5,9140,Rainy,Flat,5065,12293.41
8,6200,Rainy,House,8456,8571.13
3,31740,Summer,House,6527,58993.0
8,15750,Summer,Flat,9858,42140.86
5,6215,Summer,Flat,5789,5671.62
2,17220,Summer,House,2965,19463.51
4,16605,Winter,House,2741,11946.42
8,16035,Winter,House,8270,23893.98
3,14660,Rainy,House,5638,7430.52
8,21010,Winter,House,4219,27594.23
7,6795,Summer,Flat,9373,13449.76
7,15415,Summer,Flat,2519,8300.67
7,1900,Rainy,House,507,225.29
2,2390,Winter,House,9717,3655.93
2,5145,Summer,Flat,1136,664.68
5,16950,Winter,Flat,6399,20431.49
4,5760,Summer,Flat,4363,6449.38
6,6125,Rainy,Flat,2556,3411.57
7,20970,Summer,Flat,5997,32451.74
5,18000,Rainy,House,6968,25411.61
5,7300,Rainy,House,976,812.64
6,4100,Winter,House,9238,6983.14
3,365,Rainy,House,1512,108.7
3,1145,Winter,Flat,8641,1853.07
2,5315,Winter,House,7354,3088.48
8,6435,Rainy,Flat,7561,10540.01
3,22365,Winter,Flat,3168,10641.53
8,22040,Rainy,Flat,8177,35659.14
1,4030,Winter,House,840,631.91
1,6930,Summer,House,5223,12882.42
7,18960,Summer,House,1901,4739.51
4,5050,Rainy,Flat,1485,1208.27
3,10615,Winter,Flat,839,1260.29
3,29730,Winter,Flat,4099,13316.42
3,18340,Rainy,Flat,9854,10576.5
1,10130,Rainy,Flat,5315,7542.2
2,2225,Rainy,House,1760,376.25
5,990,Rainy,House,5974,901.83
7,4275,Winter,Flat,7266,2031.25
6,8770,Rainy,House,2110,2859.0
1,11545,Rainy,House,535,681.57
8,9235,Summer,Flat,9238,11057.54
8,11090,Summer,Flat,793,1928.94
2,26855,Rainy,Flat,3249,9381.52
8,3220,Rainy,House,2776,2176.91
2,13910,Winter,Flat,4370,10128.79
1,11310,Rainy,Flat,9627,31293.13
7,3920,Rainy,House,6594,3145.88
4,10900,Winter,House,2024,4202.81
7,17020,Summer,Flat,2217,6447.38
4,13870,Rainy,Flat,4021,9313.82
4,11360,Rainy,House,9590,25719.4
1,13160,Winter,House,3173,4645.82
2,14390,Summer,House,8467,27249.66
2,2480,Rainy,House,4574,2767.61
1,11130,Summer,Flat,6664,23680.06
2,16250,Summer,Flat,5005,32968.26
4,2820,Summer,Flat,810,552.56
6,6540,Summer,Flat,1746,2305.78
6,765,Rainy,House,6489,795.55
2,12100,Summer,House,8894,19529.04
5,13495,Rainy,Flat,7218,12139.5
8,7030,Winter,Flat,4254,869.03
2,6840,Rainy,House,6273,13227.73
2,22560,Winter,Flat,7726,15945.34
5,26060,Rainy,Flat,8834,36857.56
8,5600,Rainy,Flat,9588,5897.72
1,13200,Winter,House,1895,4525.18
3,9800,Summer,Flat,2286,2875.39
3,14085,Summer,House,4702,12753.4
8,11930,Summer,Flat,4062,10106.97
5,14380,Winter,House,7493,31320.57
5,18140,Rainy,Flat,8039,19410.02
4,3450,Winter,House,3068,3296.01
8,11020,Rainy,Flat,6634,15977.77
7,30000,Winter,Flat,2426,7343.89
4,15530,Summer,House,1444,4642.25
4,8150,Rainy,House,8736,12085.21
4,24280,Rainy,Flat,4486,21701.46
6,11055,Winter,House,9166,11566.01
2,7470,Winter,Flat,7446,7025.99
1,10480,Summer,Flat,5624,7954.95
1,6500,Rainy,Flat,3948,2589.93
5,6820,Winter,Flat,2909,4311.88
2,11860,Rainy,House,2307,3452.04
2,1300,Summer,House,6672,2240.45
6,5450,Rainy,House,2600,2627.66
4,10760,Summer,Flat,9622,36013.84
7,13870,Rainy,Flat,9643,27932.41
4,6230,Rainy,House,4149,7216.87
6,9180,Winter,Flat,8623,10034.08
1,13040,Rainy,House,627,2164.33
4,9280,Winter,House,5053,9961.74
1,4555,Summer,House,2269,1637.64
3,20570,Summer,Flat,5094,7224.45
8,8150,Rainy,Flat,1762,1786.43
3,2070,Summer,House,9677,6162.14
7,15205,Rainy,Flat,7797,28740.78
7,9980,Rainy,Flat,520,1153.34
4,8810,Rainy,Flat,7831,14919.24
2,6045,Winter,House,2524,1663.58
2,10710,Winter,House,8408,21966.74
8,14280,Winter,Flat,6173,8935.75
7,5650,Winter,House,7752,4760.61
5,13800,Rainy,House,3833,13892.96
1,7195,Rainy,House,3132,3246.17
4,9300,Summer,Flat,1647,3949.85
4,8855,Rainy,House,4323,7984.35
1,8780,Rainy,House,7988,21903.9
2,15410,Rainy,Flat,8541,23593.73
5,2090,Winter,House,4162,2131.42
5,9800,Rainy,Flat,8127,5948.87
7,2835,Summer,Flat,459,402.39
3,12740,Rainy,House,7504,25815.21
4,3630,Winter,House,6152,4117.14
3,17500,Summer,Flat,1474,5316.16
3,7670,Winter,House,744,2188.1
1,14740,Rainy,Flat,1904,3496.59
4,7240,Summer,Flat,9102,15923.64
7,11040,Winter,Flat,7065,7544.89
4,11970,Summer,House,6864,20175.34
2,16300,Summer,Flat,723,2318.26
7,7690,Rainy,House,6403,21417.66
3,23650,Rainy,Flat,9978,47017.06
3,8870,Winter,Flat,6584,7649.63
8,3370,Summer,House,2044,927.88
2,14445,Winter,House,448,2379.92
6,12090,Summer,Flat,9031,28769.44
3,9625,Rainy,House,5239,7202.94
8,12980,Rainy,Flat,3097,7546.1
4,10300,Rainy,Flat,2948,9864.77
6,11180,Summer,Flat,4046,12561.02
1,14210,Summer,Flat,511,1097.74
5,2345,Summer,Flat,1342,514.26
3,15890,Summer,House,8692,44009.16
1,23500,Summer,House,4189,28674.17
7,4160,Summer,House,6392,8383.69
3,10340,Rainy,House,5712,8671.51
8,405,Summer,House,483,40.06
8,12420,Winter,House,9199,10732.8
5,6700,Summer,House,4796,8505.05
2,14715,Summer,Flat,3291,5667.92
7,14405,Winter,House,7772,13075.16
1,11000,Summer,Flat,4667,11258.73
8,6105,Rainy,House,7946,14703.8
8,7350,Rainy,Flat,4837,5646.33
7,16960,Rainy,House,9862,40916.65
3,9555,Summer,House,3804,7031.19
6,8200,Winter,House,1810,3337.41
6,17025,Summer,House,3332,12036.62
5,12700,Rainy,House,7770,20655.46
1,19870,Summer,Flat,3320,15183.54
2,12290,Summer,House,4398,17988.84
8,12835,Rainy,Flat,5494,9530.25
3,7360,Winter,House,2517,5693.94
1,12640,Summer,House,3441,8516.08
3,5030,Summer,House,3716,4576.79
6,12310,Summer,Flat,6470,19953.51
3,7080,Summer,Flat,4891,7193.28
1,5960,Summer,Flat,6388,10833.38
7,11900,Rainy,Flat,4263,13189.59
5,2080,Winter,House,6911,4034.56
2,7215,Summer,House,1911,3624.61
5,8980,Winter,Flat,2313,3996.09
6,16345,Winter,Flat,554,1013.66
3,23000,Winter,Flat,1980,6343.84
2,6375,Winter,House,4009,6359.08
4,11895,Summer,House,8015,22212.72
3,10145,Summer,House,8209,9880.35
7,11400,Rainy,Flat,8357,21993.09
7,3925,Winter,House,4056,2920.27
6,14150,Summer,House,1883,12354.67
8,21125,Summer,Flat,4275,16018.17
5,31050,Winter,House,1140,11520.78
5,8530,Winter,Flat,7886,6759.14
6,16000,Summer,House,1548,5614.88
2,13830,Rainy,Flat,6271,15030.41
2,21500,Rainy,Flat,2458,7723.8
2,21780,Winter,House,6564,22679.68
8,11605,Rainy,House,4148,7613.18
6,8570,Rainy,House,2662,2784.35
5,15960,Summer,Flat,1839,6027.85
4,22540,Winter,Flat,7646,14505.09
1,5485,Winter,Flat,481,475.6
5,23760,Rainy,Flat,5947,35547.74
7,12105,Summer,Flat,3344,5357.52
6,13845,Rainy,Flat,6185,8161.61
8,5090,Rainy,House,6164,9955.65
2,10260,Rainy,House,9491,25313.12
5,19230,Rainy,Flat,4179,15122.06
2,8170,Summer,House,2522,5141.73
8,8465,Winter,Flat,7061,4344.6
7,2010,Rainy,House,9570,5604.23
7,20520,Summer,House,8512,72911.89
6,17120,Summer,Flat,1505,3698.69
3,31015,Summer,House,2023,14211.08
3,8720,Rainy,Flat,8832,17610.25
6,2035,Summer,Flat,7444,3099.95
4,7170,Winter,Flat,1915,1822.38
4,9920,Summer,Flat,6785,10698.16
1,3050,Winter,House,533,400.65
2,21300,Winter,Flat,4003,15892.96
2,18030,Winter,Flat,3599,7984.34
3,13670,Summer,House,2203,8075.67
4,26770,Rainy,House,5830,30699.42
2,17330,Winter,Flat,6488,14835.4
8,1990,Winter,Flat,9376,3481.14
7,14000,Winter,Flat,3193,4209.83
2,14760,Rainy,Flat,5960,15493.09
3,11900,Winter,Flat,4850,7903.36
5,5280,Winter,House,9057,16376.02
7,6480,Summer,House,6519,9681.47
6,5890,Winter,House,9016,16727.79
3,9685,Winter,Flat,8152,9024.12
6,23375,Summer,House,9216,37835.86
2,5445,Summer,Flat,4193,7001.3
3,8990,Winter,House,3295,7824.77
2,13045,Rainy,Flat,8279,20938.67
7,8610,Summer,House,1482,6393.0
2,3550,Rainy,House,9699,5774.97
5,26540,Summer,House,1637,12352.82
5,18330,Rainy,House,6967,17611.5
2,1890,Winter,House,7824,1740.22
2,5390,Rainy,Flat,8050,9007.06
6,10670,Rainy,House,2840,7427.54
1,3110,Rainy,Flat,4841,3324.51
3,3150,Summer,House,2364,1445.9
2,1075,Winter,House,9476,1837.07
6,6710,Winter,House,1242,2455.49
8,4370,Rainy,House,9262,13689.07
3,18340,Rainy,House,6292,28438.22
5,3100,Summer,House,7502,4462.64
6,2350,Rainy,House,1029,526.03
8,8460,Summer,House,6177,9057.46
6,13470,Summer,House,2058,8661.53
6,16600,Summer,Flat,8833,17782.19
3,12350,Rainy,Flat,5236,10244.52
7,4115,Rainy,House,3062,1477.41
7,6780,Winter,House,1284,1167.27
5,5750,Rainy,Flat,7868,5770.73
3,10460,Summer,House,9718,39230.02
5,13500,Winter,House,6551,6991.5
4,6020,Winter,House,3908,2864.53
7,12250,Rainy,Flat,9987,26332.61
2,16850,Summer,House,8134,34038.79
5,11050,Winter,House,1533,1974.55
2,8885,Winter,Flat,7551,8747.51
7,13810,Rainy,House,7367,24965.8
3,4145,Rainy,House,8483,6799.38
5,5660,Winter,House,9099,12777.57
3,18505,Winter,Flat,4992,9775.15
6,7250,Winter,House,7726,9433.46
8,1620,Winter,Flat,8425,2409.87
1,9445,Winter,House,5280,8836.73
8,8770,Winter,Flat,4477,5397.96
8,14800,Winter,House,1751,3994.11
8,13420,Rainy,Flat,3758,7975.99
5,2930,Winter,Flat,9334,4793.36
1,11390,Winter,Flat,462,857.54
6,8955,Winter,Flat,9322,6733.04
5,2635,Summer,Flat,8219,3324.35
5,11240,Winter,House,680,919.42
6,13210,Winter,Flat,9309,8219.63
4,11570,Rainy,House,5062,9142.52
7,21220,Winter,Flat,9898,31117.15
5,15860,Summer,Flat,7530,23116.67
4,4450,Winter,Flat,3896,2140.91
6,450,Summer,House,9450,1256.82
2,4740,Winter,Flat,3287,1795.84
3,6670,Summer,House,4322,7779.3
5,17325,Summer,House,1137,4937.04
7,2370,Rainy,House,9676,7008.98
5,11360,Winter,Flat,7600,8255.84
6,10660,Winter,Flat,4431,4511.58
1,10920,Summer,House,6945,8866.84
5,13820,Summer,Flat,5932,17391.75
3,20320,Winter,Flat,7014,19633.25
8,6260,Winter,Flat,8519,9249.46
5,21500,Summer,House,5395,36778.35
5,4690,Rainy,Flat,3473,2209.0
4,31390,Winter,Flat,3779,12040.15
3,4730,Rainy,Flat,1065,802.71
8,4880,Summer,Flat,7547,9006.5
7,13460,Summer,Flat,4391,12332.69
2,17425,Rainy,House,2169,6868.29
7,18330,Summer,House,7232,17958.94
5,16620,Winter,Flat,2196,3013.45
4,9915,Rainy,Flat,4938,10412.26
6,13600,Summer,House,4285,17242.01
8,2870,Summer,House,6061,3793.96
4,4350,Winter,House,2046,1690.56
2,18020,Rainy,House,6072,24743.54
4,21560,Winter,House,5478,24360.33
3,10710,Summer,Flat,1377,2164.52
7,8220,Rainy,House,6499,11147.67
1,2695,Winter,House,6543,2689.5
8,16775,Rainy,House,4771,23166.85
1,8130,Winter,Flat,623,750.73
3,17705,Winter,Flat,1870,4016.92
1,8895,Summer,House,6718,16938.06
4,5630,Winter,Flat,4952,3682.55
3,17310,Winter,House,4886,14249.51
8,6410,Rainy,Flat,9833,11783.93
5,11075,Rainy,Flat,1041,1835.25
7,18715,Summer,Flat,9942,34852.83
1,17115,Summer,House,7883,30489.37
8,5310,Winter,Flat,2659,3600.93
8,12300,Summer,House,8998,35258.89
4,5435,Rainy,Flat,5341,4668.66
4,10120,Rainy,Flat,3332,4169.01
5,15395,Rainy,House,7965,39432.95
8,8280,Rainy,House,4730,3959.14
2,21760,Rainy,Flat,9942,37185.37
8,2360,Rainy,Flat,5849,3624.01
4,10125,Winter,Flat,6486,6832.09
2,18030,Summer,Flat,6421,28996.0
6,26160,Summer,Flat,5994,25883.41
4,1445,Rainy,House,7333,2311.87
5,15545,Rainy,Flat,5514,17450.59
5,15140,Winter,Flat,7702,24228.57
6,15845,Rainy,Flat,2476,9032.64
7,17375,Rainy,House,1933,7855.92
6,5910,Winter,House,4983,5873.96
7,960,Summer,Flat,5918,1479.67
6,7360,Winter,House,1903,1787.06
8,14330,Rainy,Flat,2315,2482.45
2,10860,Winter,Flat,5119,7570.87
2,12240,Winter,Flat,2746,1857.04
6,19490,Summer,House,8168,20197.78
6,16210,Summer,Flat,471,2071.17
8,12180,Rainy,Flat,1027,2184.98
2,5840,Rainy,Flat,3995,4060.17
8,10660,Rainy,House,5872,10770.93
5,8530,Winter,House,2445,4406.49
1,16090,Summer,House,3649,29329.9
7,16910,Winter,House,1804,3104.88
6,12545,Summer,Flat,3866,4736.63
7,20460,Summer,House,6138,36443.07
2,6690,Summer,Flat,1655,1195.15
2,3340,Rainy,House,8105,6248.9
8,8555,Summer,Flat,7338,17110.25
2,9060,Winter,House,5625,13193.13
6,12580,Rainy,Flat,4659,10344.03
3,15925,Summer,House,5100,13342.22
8,15625,Winter,Flat,6748,16879.98
6,15200,Summer,House,6561,19143.47
1,12895,Rainy,House,3535,16862.86
6,10550,Summer,House,6420,18014.76
3,23720,Summer,Flat,2675,10594.57
1,8185,Winter,Flat,5559,6077.39
4,12400,Rainy,Flat,4216,7414.76
5,11510,Summer,Flat,2358,3986.25
1,7600,Summer,House,9576,15470.98
4,5560,Winter,House,4443,1925.05
6,17260,Winter,Flat,4697,5294.13
3,14265,Winter,House,7838,26842.33
5,8600,Rainy,House,3111,8368.15
6,9255,Winter,House,916,2395.65
6,4705,Summer,Flat,8123,12529.18
6,17310,Winter,Flat,2310,8115.09
7,21190,Winter,House,8909,25679.23
8,13960,Summer,House,1562,5561.56
4,26090,Rainy,House,3581,18240.46
3,3895,Rainy,Flat,3944,1835.1
4,10010,Rainy,House,6907,7508.18
7,9510,Rainy,Flat,7036,11059.33
6,10150,Summer,Flat,1112,1695.67
1,20250,Rainy,House,9640,45119.17
4,18220,Winter,House,8030,18635.46
3,18060,Summer,House,5008,26912.23
1,2325,Winter,Flat,4017,2014.75
8,11355,Summer,House,8948,36153.66
1,14160,Summer,House,757,4351.16
8,6125,Summer,Flat,8420,6940.84
6,4700,Rainy,House,8689,9921.75
1,6720,Summer,House,2884,8073.2
1,15910,Rainy,Flat,6745,12420.9
8,9700,Rainy,Flat,1024,1712.25
7,15460,Winter,House,9964,35405.82
4,11750,Rainy,Flat,6933,8520.96
8,14470,Summer,House,8682,20516.13
3,10670,Rainy,House,5894,7622.39
1,14360,Winter,House,4347,14138.48
3,8265,Rainy,Flat,494,738.67
1,18760,Rainy,House,8509,16909.41
3,12570,Summer,Flat,8361,8118.33
2,7080,Summer,House,2442,3078.79
1,8975,Winter,Flat,6813,12080.88
3,6865,Winter,House,5346,10475.17
1,24960,Rainy,Flat,5397,24429.59
1,15210,Rainy,House,1246,6051.48
6,16430,Summer,House,7753,49812.69
1,12605,Winter,Flat,1676,1887.82
5,15465,Rainy,House,980,3902.78
1,19510,Summer,Flat,9368,42018.18
5,18115,Rainy,House,5836,24416.69
6,19350,Rainy,Flat,4320,13275.05
6,3620,Winter,House,1090,1161.14
7,16495,Summer,House,9569,52335.39
2,8785,Summer,House,7017,4546.25
4,6440,Winter,Flat,8469,5394.97
6,6450,Rainy,House,8087,13888.47
8,7825,Winter,House,5323,9802.71
3,1220,Rainy,Flat,9378,1454.6
2,12580,Summer,House,5912,21794.98
4,710,Rainy,House,8608,1631.78
3,17530,Winter,Flat,9710,33444.75
4,6000,Winter,Flat,8963,8591.8
7,21730,Summer,Flat,6551,28256.63
2,10990,Rainy,Flat,6692,9399.48
2,10600,Rainy,Flat,4006,8288.18
2,9660,Rainy,Flat,7345,14438.75
8,14220,Summer,Flat,9163,35189.98
8,7240,Summer,House,2869,5163.64
4,8050,Winter,Flat,3997,6389.66
3,7280,Winter,Flat,5485,3252.04
1,13840,Winter,House,3671,5165.56
1,11180,Winter,House,2013,3440.26
5,1515,Winter,House,3399,665.71
2,2675,Winter,Flat,8662,1846.33
1,7420,Summer,Flat,7072,11965.79
6,11040,Winter,House,7770,9325.81
8,23180,Rainy,House,2865,18219.03
7,2990,Rainy,Flat,2296,616.53
4,9240,Summer,House,7246,20869.75
6,8045,Winter,House,7654,16493.23
1,22750,Winter,Flat,7194,15460.92
1,12990,Rainy,House,6613,10588.24
3,2285,Summer,House,7113,7748.52
1,14550,Summer,House,2861,11065.08
5,11280,Rainy,Flat,5946,10703.62
3,4325,Rainy,Flat,8306,2904.15
1,1675,Rainy,House,9028,4061.64
3,22040,Rainy,Flat,6813,18550.09
7,8875,Rainy,House,7639,20295.27
8,16530,Summer,House,9873,20813.42
7,6780,Summer,Flat,2391,2662.49
8,11230,Winter,House,8030,29506.45
4,4520,Rainy,House,3847,4851.87
2,21190,Summer,House,1351,10601.14
2,5140,Winter,Flat,1377,1472.53
8,5405,Winter,House,707,846.85
2,9040,Winter,Flat,9993,14754.44
3,7490,Rainy,Flat,7349,13080.72
7,4950,Winter,Flat,605,718.93
2,16010,Summer,Flat,7702,23976.6
4,6650,Rainy,House,9146,10588.34
5,6350,Summer,House,7874,18015.46
7,2535,Winter,House,9600,4214.44
2,5715,Rainy,Flat,2128,2183.88
6,15730,Summer,House,9631,46753.18
3,8320,Winter,House,1571,2213.52
3,5640,Summer,House,505,371.71
8,12620,Rainy,Flat,8075,12131.56
4,7450,Summer,House,8925,6255.12
7,6780,Summer,House,932,2782.81
2,9000,Winter,Flat,7184,12746.33
5,11980,Winter,House,9444,22883.55
8,6325,Summer,House,1941,2646.25
8,18320,Summer,Flat,6139,28412.83
5,4660,Rainy,House,7545,5658.03
4,5180,Summer,House,7278,11270.15
7,12250,Rainy,House,7719,20918.8
7,7175,Rainy,Flat,9061,11719.98
8,21280,Summer,House,704,3066.45
7,16350,Winter,Flat,4654,13309.29
5,8675,Summer,Flat,4777,4939.11
5,17000,Winter,Flat,3534,11428.99
3,18140,Summer,Flat,5816,15609.28
8,23790,Winter,House,3607,16947.54
8,4410,Rainy,House,1262,1766.37
5,19195,Winter,Flat,2452,5588.97
5,16600,Summer,Flat,5320,18903.86
2,29050,Rainy,Flat,9713,49546.8
6,4650,Summer,Flat,7803,7174.72
6,31025,Summer,Flat,2761,22723.93
1,10700,Winter,House,1504,2298.87
8,15710,Rainy,House,4195,14997.12
1,15560,Winter,House,9602,24224.73
6,21250,Summer,Flat,5405,16505.76
1,5210,Rainy,Flat,2869,2490.01
1,26590,Rainy,House,7106,39322.41
1,22350,Summer,Flat,9028,41764.47
2,1050,Rainy,Flat,9421,2053.13
8,10640,Rainy,House,7640,30802.77
5,6405,Winter,House,3577,3076.38
3,13530,Rainy,House,793,2375.64
3,9070,Rainy,Flat,4582,2752.57
8,7285,Winter,Flat,2131,2773.42
4,1685,Summer,Flat,9060,4142.58
3,840,Rainy,Flat,9757,1537.08
4,24600,Winter,House,7420,33490.71
3,14590,Summer,House,1849,3535.59
4,7830,Rainy,Flat,6805,2829.49
3,6305,Rainy,Flat,5874,8121.32
4,7020,Rainy,House,4577,2664.0
3,4450,Rainy,House,681,668.58
5,11635,Summer,House,4091,4479.31
8,11550,Summer,House,7908,29750.67
2,4020,Rainy,Flat,8744,7800.53
1,14000,Rainy,House,1682,2833.95
8,10885,Winter,Flat,3761,5350.9
6,8770,Summer,House,502,1704.45
3,13970,Summer,Flat,7936,14068.85
8,10930,Rainy,House,6288,15792.45
3,19950,Rainy,House,9533,65797.43
3,10895,Summer,House,7286,10577.88
6,16130,Winter,Flat,7112,26299.03
8,1765,Summer,Flat,863,176.99
3,8990,Winter,House,766,1576.41
6,8980,Rainy,Flat,511,1029.97
1,13260,Rainy,Flat,8197,7911.61
2,6025,Winter,House,8666,9580.73
1,4890,Winter,Flat,5628,3820.31
8,12450,Summer,House,4147,14852.66
6,9420,Winter,Flat,7313,8852.03
8,7500,Winter,Flat,8373,7600.72
6,17070,Rainy,Flat,1736,7797.35
7,8575,Winter,House,4388,5866.01
1,4390,Summer,House,5313,7633.23
3,8515,Summer,House,4984,3509.77
2,4560,Winter,Flat,8258,3261.14
2,9350,Winter,Flat,2715,2064.1
2,29300,Rainy,House,3320,21452.72
5,3460,Rainy,House,5930,7414.54
7,10730,Rainy,House,5018,12696.46
7,10360,Summer,House,4191,7771.11
8,12840,Rainy,Flat,6308,11462.38
6,13650,Winter,House,3906,3713.69
3,8240,Winter,House,2688,2761.06
6,17815,Rainy,Flat,8765,31320.38
2,16595,Rainy,House,1973,3928.16
2,12230,Rainy,House,3029,6223.97
3,11190,Summer,House,885,1301.01
2,9000,Winter,House,5174,3022.99
6,14480,Summer,Flat,7974,26246.03
2,8950,Rainy,House,4145,6938.65
6,14750,Rainy,House,8669,23226.63
5,9275,Winter,House,4247,6283.0
3,29860,Winter,Flat,6203,17620.78
3,4125,Rainy,Flat,7806,3650.98
5,18370,Rainy,Flat,4881,10439.1
4,2275,Rainy,House,1256,627.82
1,4750,Rainy,Flat,5196,4611.48
5,3350,Winter,House,1288,1105.55
5,11980,Summer,Flat,9892,27158.26
4,8830,Winter,House,5775,8014.03
1,9060,Summer,House,8027,6021.64
1,11000,Winter,House,6861,22760.56
6,8680,Rainy,Flat,6783,4980.35
3,21435,Rainy,House,4956,26144.89
4,10945,Summer,Flat,2341,3100.89
5,13845,Summer,House,8973,35164.06
6,23740,Winter,Flat,2429,10306.2
7,27000,Rainy,Flat,8588,51241.21
8,13600,Winter,Flat,9017,31274.97
5,7015,Summer,House,820,1496.22
2,7120,Rainy,House,4067,3715.63
5,29220,Winter,Flat,9108,43070.9
1,9950,Rainy,Flat,3508,6047.11
1,5460,Winter,House,1470,1714.55
1,7630,Winter,House,881,1927.39
8,4210,Summer,Flat,6217,7723.27
2,15650,Rainy,House,2067,7388.79
2,4390,Summer,House,4429,4479.41
4,13520,Summer,Flat,2056,4699.83
6,4120,Rainy,Flat,2987,2339.4
7,9540,Summer,House,9591,28843.52
8,3190,Winter,Flat,7107,1885.43
1,7780,Winter,Flat,8753,4737.9
7,15090,Rainy,Flat,6029,18672.35
2,6270,Summer,House,2194,1857.43
2,7605,Summer,Flat,3373,3700.24
2,22030,Rainy,House,9280,29327.45
4,6340,Winter,House,1440,1849.75
4,4810,Summer,House,2641,2122.38
5,760,Rainy,Flat,9682,944.99
8,13610,Winter,Flat,5339,6997.93
1,6450,Summer,Flat,3665,2756.08
8,7780,Summer,Flat,5201,4116.69
5,25730,Summer,House,3531,20803.06
4,14160,Winter,House,4205,7360.76
6,33690,Rainy,Flat,8258,27077.92
3,13975,Winter,House,5755,14967.29
1,12575,Winter,House,1617,3405.3
1,7300,Winter,Flat,6523,5096.04
8,10790,Winter,House,638,1105.69
4,9070,Winter,House,9846,18981.1
4,18480,Summer,House,8648,56073.21
2,3910,Winter,House,1362,1071.18
7,13830,Winter,Flat,5062,8031.94
5,24550,Winter,House,4208,25048.3
1,7015,Winter,House,5997,8069.45
7,8685,Rainy,House,2955,5896.66
8,21450,Winter,House,7959,44677.19
8,5250,Rainy,House,1578,1208.45
6,14705,Summer,Flat,3271,10379.17
1,8850,Summer,Flat,4559,4090.94
4,2660,Winter,House,6899,7024.54
2,9825,Rainy,Flat,8446,9920.7
3,11500,Summer,Flat,2407,5642.62
3,24650,Rainy,House,5226,25683.65
6,11295,Summer,House,8525,7439.47
1,10200,Summer,House,7843,15798.34
4,5560,Rainy,Flat,5708,3609.19
7,1725,Rainy,House,8208,3063.78
2,9380,Winter,House,5805,6879.64
4,2790,Summer,Flat,6632,4378.61
1,6560,Winter,House,447,947.37
7,9645,Winter,Flat,4467,6856.01
7,5650,Rainy,House,9212,11801.39
5,6000,Winter,House,7781,7777.54
1,25280,Rainy,Flat,6886,20365.67
8,9250,Summer,House,4564,11688.43
3,7390,Rainy,House,8110,10551.43
3,9295,Rainy,House,1588,1700.11
6,15780,Winter,Flat,2456,4452.05
8,7950,Summer,Flat,6760,6649.3
4,9030,Winter,House,5143,6242.76
3,10280,Winter,House,1706,2157.53
4,17650,Summer,Flat,4020,12923.99
2,18680,Summer,Flat,6386,20323.01
2,22045,Rainy,House,7143,63339.82
3,24800,Summer,Flat,1449,9509.59
7,3925,Winter,Flat,5251,3370.08
8,15070,Winter,House,8052,27330.08
6,8180,Summer,Flat,9929,9022.17
5,15870,Rainy,Flat,7099,19374.43
8,7220,Rainy,House,6857,13305.99
7,11270,Rainy,Flat,6147,9793.31
7,1715,Winter,House,7950,4498.93
7,23030,Rainy,Flat,4064,13464.68
7,15180,Summer,House,1220,2090.19
3,6025,Winter,House,3313,2783.44
5,7305,Rainy,Flat,9361,14468.21
2,9280,Summer,House,6018,10831.18
8,10475,Winter,House,6629,10438.18
1,21240,Summer,Flat,974,5111.26
8,15040,Winter,Flat,985,2455.37
4,18005,Summer,House,6609,42292.62
3,4640,Rainy,House,7495,10714.99
2,11135,Winter,House,8710,22504.71
6,8380,Summer,Flat,3341,8119.21
4,21370,Winter,House,9524,37824.19
7,19260,Rainy,House,5394,18460.68
2,10905,Rainy,Flat,1066,2499.49
7,6405,Winter,Flat,4845,3203.82
4,23750,Winter,House,437,990.33
7,7360,Summer,Flat,9716,6766.27
8,6110,Rainy,Flat,609,729.41
1,4830,Summer,House,2563,3595.19
4,5920,Rainy,House,9102,8161.2
7,14740,Winter,Flat,7850,6999.74
7,3015,Rainy,Flat,1013,758.74
1,15120,Summer,Flat,8082,29897.79
3,10515,Winter,Flat,5072,6119.22
8,7965,Rainy,Flat,889,2534.9
6,5115,Summer,Flat,2370,5343.61
3,7840,Rainy,Flat,1172,2333.18
6,9395,Winter,House,466,402.35
7,5600,Summer,Flat,2786,1413.06
7,3135,Rainy,House,1965,2187.34
4,2360,Winter,Flat,5624,3589.93
7,13970,Rainy,Flat,9695,15870.74
6,3180,Summer,House,7836,10819.92
5,12520,Summer,Flat,5493,13403.86
1,11225,Rainy,House,5557,18226.52
6,12840,Summer,Flat,1422,3457.39
8,9470,Winter,Flat,4557,6016.6
5,22550,Summer,House,6139,51110.97
7,21370,Summer,Flat,7882,34209.24
2,21105,Rainy,House,3183,12367.09
4,8075,Summer,House,4450,14593.32
3,13650,Rainy,House,835,2479.43
6,14300,Rainy,House,5928,12757.58
8,20090,Summer,House,1591,8230.36
5,9350,Rainy,House,1296,1947.21
5,14010,Rainy,Flat,558,749.82
7,6870,Rainy,Flat,682,783.98
8,7105,Summer,Flat,9203,15116.69
1,2630,Rainy,House,4776,4287.56
2,12880,Winter,Flat,5651,20112.8
2,12945,Winter,Flat,6691,12739.36
3,12330,Rainy,House,9216,15006.23
7,4065,Rainy,House,8900,2525.62
8,18960,Rainy,House,3595,15378.93
3,970,Rainy,House,4564,1260.51
3,7985,Winter,House,9570,24635.02
1,4365,Winter,House,3040,1699.56
2,25160,Winter,Flat,7124,27899.29
4,20635,Winter,Flat,6149,24746.22
2,15680,Rainy,House,2212,5843.95
2,9270,Summer,Flat,4960,16800.1
6,11060,Rainy,House,7054,16322.66
3,11925,Winter,Flat,506,1646.46
7,18490,Rainy,Flat,9743,22806.48
2,13290,Rainy,House,1528,7118.8
3,16590,Rainy,Flat,7943,21155.74
4,16350,Winter,Flat,8484,15312.22
8,2915,Winter,Flat,1088,211.94
8,2585,Rainy,House,7726,1878.58
6,4410,Winter,House,5106,3928.87
3,16450,Winter,House,9572,32269.02
8,17060,Rainy,House,3728,14272.09
5,3990,Winter,Flat,2007,1291.63
1,4150,Rainy,House,5667,4834.49
5,17500,Winter,House,4214,20609.02
5,9740,Winter,House,6726,2512.43
7,11900,Winter,House,4598,9083.36
4,7190,Rainy,Flat,7148,8919.52
7,10870,Rainy,House,5411,11104.42
1,4800,Summer,Flat,9426,11484.23
5,18340,Rainy,House,6015,29684.8
8,22100,Rainy,Flat,1197,2146.32
3,13540,Summer,House,3835,21780.78
2,2510,Winter,Flat,3042,1459.78
7,2120,Summer,Flat,4023,1822.08
6,2100,Rainy,Flat,9490,2247.71
2,21990,Rainy,House,5087,17415.86
4,4545,Summer,Flat,5562,3675.39
6,4965,Rainy,House,2815,4221.73
8,2410,Winter,Flat,9949,1157.13
8,8900,Winter,Flat,6133,6382.1
8,12205,Rainy,House,7267,26141.26
8,12790,Winter,House,8961,18892.78
7,13580,Winter,House,7717,10835.8
4,12335,Winter,Flat,2726,2356.72
4,4910,Winter,Flat,8535,7461.9
3,9815,Rainy,House,945,2282.24
3,21510,Rainy,House,4721,19624.54
1,18430,Summer,House,3642,17196.97
2,11570,Winter,Flat,4806,7084.68
1,2890,Summer,House,9956,3653.53
3,11300,Summer,Flat,891,2047.5
5,4075,Summer,Flat,3654,2729.61
4,6390,Summer,Flat,5967,4558.81
8,17185,Summer,Flat,4578,14218.77
6,9085,Summer,House,861,2491.8
8,2730,Summer,House,7949,6746.16
5,2465,Summer,House,4389,4185.79
1,10175,Rainy,House,7095,25015.28
8,6130,Rainy,Flat,9840,10308.82
1,11100,Summer,Flat,4039,6556.09
1,32420,Winter,House,3006,10241.29
5,13240,Summer,House,6617,29344.84
8,38250,Winter,Flat,1545,7890.5
7,24570,Summer,Flat,9102,38231.38
5,2010,Summer,Flat,8046,2963.26
5,13800,Rainy,Flat,5720,13613.52
2,10050,Rainy,House,3900,2824.06
7,8550,Winter,House,5297,5772.44
8,9800,Rainy,House,4967,6383.46
6,13340,Rainy,House,4299,4970.78
8,13820,Summer,Flat,1388,1928.33
1,15415,Winter,House,7216,19252.71
6,4755,Summer,House,8042,10007.69
5,11710,Summer,Flat,6603,16898.78
4,10375,Rainy,Flat,3949,7353.26
7,25710,Winter,House,4911,23556.22
8,11720,Summer,Flat,5390,8798.46
1,5350,Summer,House,6436,5522.3
8,7290,Winter,House,9969,13127.81
8,4500,Summer,House,1727,1787.29
6,2755,Rainy,Flat,4517,1604.22
7,18535,Rainy,House,7370,30302.89
7,15780,Rainy,House,3305,8024.69
7,4750,Summer,Flat,1762,1708.89
4,16400,Rainy,House,2235,10542.6
3,8200,Summer,Flat,1624,1649.92
7,5310,Winter,Flat,6869,6890.31
7,6390,Winter,Flat,8236,10327.05
4,12500,Rainy,Flat,7043,26932.79
4,22425,Summer,Flat,5298,20638.83
6,830,Winter,House,8257,1106.89
2,1980,Summer,Flat,7294,897.02
6,9990,Winter,Flat,3668,4663.72
5,9840,Winter,Flat,2916,4510.52
5,7780,Winter,House,6494,5893.55
6,12840,Summer,House,3462,19517.07
8,14950,Summer,House,9577,46616.09
8,735,Winter,Flat,2664,267.99
6,1740,Winter,House,6837,3178.4
1,24000,Rainy,House,9451,31397.47
3,16200,Winter,Flat,1451,3511.13
7,8100,Rainy,House,6346,6556.47
7,11810,Rainy,Flat,8057,6790.15
1,12330,Winter,Flat,9488,24273.69
6,5315,Rainy,House,563,440.03
6,11780,Rainy,Flat,4094,9241.47
8,7160,Rainy,House,2145,4724.75
5,5220,Rainy,House,3969,2360.01
3,3225,Summer,House,3663,4234.34
8,5755,Summer,House,7275,11252.15
8,5230,Winter,House,1934,3346.66
4,13790,Summer,Flat,698,1202.69
2,6400,Winter,Flat,4999,2596.9
4,13250,Winter,Flat,4779,11022.02
1,1605,Winter,Flat,1805,163.69
6,5200,Rainy,Flat,2331,3087.27
7,18250,Summer,House,5071,37249.12
7,20495,Summer,House,4720,21192.62
1,4395,Rainy,House,2138,3660.0
2,7565,Winter,Flat,7086,5847.7
4,5720,Summer,Flat,3424,2727.61
8,7720,Summer,House,8183,10988.24
1,3090,Rainy,House,5824,4006.89
3,12210,Winter,House,9330,19220.98
1,17340,Summer,Flat,7159,20482.37
5,15285,Rainy,Flat,9881,5610.6
8,6035,Rainy,House,6194,4324.5
8,1465,Winter,House,5988,1368.94
3,10675,Summer,Flat,2391,2460.16
8,9710,Winter,Flat,4744,9707.51
3,19680,Summer,House,9828,41464.39
3,20375,Rainy,House,2205,7943.65
5,11090,Summer,Flat,6729,14594.77
3,21000,Summer,Flat,4994,21490.43
3,13275,Rainy,Flat,4257,10119.37
2,5400,Rainy,Flat,871,1709.46
4,6250,Summer,Flat,8713,15047.06
1,345,Rainy,House,2049,74.17
6,6850,Summer,Flat,2728,3325.83
8,3250,Summer,House,5033,3635.23
2,12200,Winter,Flat,1653,2250.74
8,25830,Summer,Flat,9483,41282.32
8,9530,Rainy,House,9198,18087.07
1,13880,Rainy,House,1779,6488.92
3,8470,Summer,Flat,460,626.17
4,11370,Winter,Flat,7261,14843.95
5,2145,Winter,Flat,8314,1610.28
1,16375,Summer,House,8633,45498.93
6,11460,Rainy,House,1680,4438.59
6,10545,Winter,Flat,9934,4913.82
2,10340,Rainy,House,1545,5196.12
1,3370,Summer,House,5848,10501.51
2,15880,Rainy,Flat,592,1322.76
8,2180,Summer,House,9538,9771.8
3,7935,Winter,Flat,4254,5315.32
6,19110,Winter,Flat,5929,8820.66
3,5440,Rainy,House,5193,3872.99
3,9780,Rainy,House,1653,2863.33
4,5930,Rainy,House,2734,3664.04
2,1920,Summer,House,8830,4221.51
2,2350,Rainy,Flat,7939,3303.42
6,22915,Winter,Flat,1115,2860.67
6,14990,Summer,House,1144,4978.15
4,5795,Winter,Flat,8789,6353.56
3,20080,Winter,House,771,2910.48
5,12600,Summer,Flat,6914,14455.42
5,15390,Rainy,House,6728,27299.91
3,24575,Summer,House,6666,41924.97
2,10140,Summer,Flat,7894,16008.02
5,5365,Summer,House,8286,11972.26
6,4040,Summer,Flat,1025,970.39
5,7860,Summer,House,462,1037.12
1,6620,Summer,House,5207,15587.4
7,14125,Winter,Flat,3994,7433.63
1,19100,Rainy,House,4794,29861.14
1,18500,Winter,Flat,7342,22700.48
1,5270,Winter,Flat,2401,841.16
6,9285,Rainy,House,1388,1084.15
7,1710,Winter,Flat,8359,2243.08
2,25015,Winter,Flat,2264,7218.44
4,15170,Summer,House,4675,15114.03
6,18130,Rainy,House,6354,16026.28
6,9300,Rainy,House,947,1006.61
4,13130,Rainy,Flat,3732,11079.57
7,14770,Summer,Flat,1918,4002.37
6,16600,Rainy,Flat,5759,16707.62
3,6390,Rainy,House,6879,6556.18
3,14710,Summer,Flat,1036,4145.92
5,12925,Rainy,House,2862,9718.33
1,13470,Winter,House,5112,5555.02
2,8110,Rainy,Flat,9584,19850.7
3,12820,Winter,Flat,6498,11712.3
1,22455,Winter,Flat,6437,34882.78
3,14135,Rainy,House,3010,12148.03
4,11050,Winter,Flat,2841,3314.47
8,14415,Rainy,House,2009,6443.1
7,10480,Rainy,Flat,5734,21605.23
2,13280,Winter,Flat,7041,7037.88
4,16775,Rainy,House,9612,23652.94
3,5150,Winter,House,4439,4766.66
5,19105,Rainy,House,2644,10108.74
7,14050,Winter,House,3183,10038.76
2,20360,Summer,House,7276,38316.2
5,5015,Winter,House,8641,6159.21
2,6270,Rainy,House,5779,13411.21
2,13565,Winter,House,9644,16946.76
2,23855,Rainy,House,4978,23297.68
2,23370,Rainy,Flat,1579,5513.88
3,8710,Rainy,Flat,6919,6727.36
2,7415,Summer,Flat,2877,6419.77
6,17580,Winter,House,2239,7548.96
5,17360,Winter,House,6301,12048.99
1,6790,Winter,Flat,6984,7372.17
3,6260,Summer,Flat,9916,15703.41
4,9830,Summer,House,9640,27832.18
8,8750,Winter,House,3144,6079.36
2,4225,Summer,House,8189,6936.09
2,1550,Rainy,Flat,8839,2934.13
1,13985,Summer,Flat,4300,10588.79
8,8770,Rainy,House,7481,14534.96
4,19825,Rainy,Flat,7280,16133.62
6,2230,Summer,House,4188,1622.96
7,7725,Summer,Flat,9112,9986.62
5,6450,Summer,House,1110,3551.72
1,935,Winter,House,4522,631.84
7,25880,Rainy,House,6581,29159.34
6,3390,Rainy,House,6940,6825.96
4,10470,Rainy,House,2090,8298.74
4,8310,Winter,House,2873,4351.24
1,17880,Winter,House,1923,11583.01
6,1170,Winter,House,3407,891.71
6,6655,Winter,Flat,7847,5445.13
2,10600,Rainy,Flat,2967,6147.88
4,10730,Winter,House,4348,8362.68
1,11940,Summer,Flat,8698,15025.55
8,16350,Winter,Flat,3899,10822.84
6,3570,Rainy,House,6621,5256.14
6,16390,Winter,House,8633,18881.89
4,7705,Rainy,House,1716,3878.26
2,22100,Winter,Flat,7038,17618.19
4,5040,Winter,House,9109,7930.82
2,8270,Rainy,Flat,4754,1796.82
5,11620,Rainy,House,5677,11451.78
6,10560,Winter,Flat,6974,4670.14
8,2545,Winter,Flat,1979,522.15
7,9210,Winter,Flat,8347,14610.3
4,8100,Rainy,House,1988,1998.89
8,6550,Winter,Flat,8174,8559.47
3,21700,Winter,Flat,8082,26951.29
6,12350,Summer,House,724,2850.31
4,2045,Rainy,House,528,310.54
2,16490,Summer,House,9985,52636.63
7,19200,Winter,Flat,6325,11303.86
4,19570,Winter,House,4819,11982.82
4,4880,Winter,Flat,6150,5346.6
8,11200,Winter,Flat,6770,14678.75
7,8575,Summer,Flat,5342,10540.56
1,9780,Summer,House,5028,17675.8
7,10160,Summer,Flat,8810,16588.39
5,12110,Summer,House,6605,20821.37
2,7265,Rainy,House,5170,15059.76
1,2490,Winter,House,982,717.57
7,6610,Summer,Flat,4875,6514.18
4,25060,Rainy,Flat,2948,16947.55
6,12290,Rainy,Flat,7357,18122.11
8,15070,Rainy,Flat,3052,6390.08
5,12900,Summer,House,7718,16866.29
2,13000,Rainy,Flat,9360,22270.98
7,12340,Rainy,Flat,9002,9594.2
4,28070,Rainy,House,7296,21596.9
7,15550,Winter,Flat,2087,6394.03
5,15770,Winter,House,5369,10304.81
4,9470,Summer,House,2701,5678.59
8,10360,Rainy,Flat,412,1024.71
5,1090,Winter,House,1150,221.71
3,13740,Rainy,Flat,1088,2282.89
7,18100,Summer,House,8178,34228.61
8,10945,Rainy,Flat,766,1749.95
3,10660,Rainy,Flat,3059,11207.63
4,14300,Rainy,Flat,4853,6886.53
1,15000,Rainy,House,1979,4343.51
3,600,Winter,Flat,7240,639.56
3,12780,Summer,Flat,1282,3177.15
8,6990,Rainy,Flat,9269,5339.81
3,20025,Winter,Flat,7287,17988.25
1,6550,Summer,House,2162,3428.99
3,24720,Winter,House,4762,17401.67
5,2530,Rainy,Flat,1727,510.95
8,7750,Rainy,House,4805,6375.66
8,1400,Rainy,Flat,9387,2792.91
8,18440,Summer,House,9823,63959.88
8,19320,Winter,Flat,9448,27020.36
4,4240,Rainy,Flat,8555,9799.73
4,8840,Winter,House,6464,11635.54
6,5360,Rainy,House,7132,4943.48
1,14600,Winter,Flat,8741,17533.71
1,2885,Winter,House,7388,4684.53
2,16090,Rainy,House,2132,7259.96
6,11640,Summer,House,585,1080.74
2,6850,Rainy,Flat,9856,12568.3
4,6070,Rainy,House,5123,6981.0
6,4470,Rainy,Flat,1724,1784.85
6,5060,Winter,House,5721,1050.8
6,12760,Summer,Flat,7369,14625.31
3,2495,Winter,Flat,4163,1726.85
4,4005,Winter,House,4204,1342.21
7,21210,Rainy,House,1356,8611.34
6,27270,Summer,Flat,4507,36109.28
1,22175,Summer,Flat,8099,12493.95
1,11990,Winter,Flat,2942,4956.63
3,20420,Winter,Flat,2855,5886.79
8,20400,Winter,Flat,7917,20389.16
4,12180,Rainy,Flat,2950,8791.93
1,25700,Winter,House,5458,20588.0
8,5100,Winter,Flat,3367,4607.04
8,15560,Winter,House,1416,4891.0
6,11970,Summer,Flat,2957,6515.47
3,14500,Summer,House,2794,4541.59
5,24140,Winter,Flat,5028,14544.65
6,9560,Summer,Flat,2235,6860.59
1,10190,Rainy,Flat,9484,12497.37
8,8030,Rainy,House,498,747.91
3,17600,Winter,Flat,9515,24019.8
3,4640,Summer,House,1935,3171.02
8,10710,Summer,House,9975,32399.43
6,9330,Summer,Flat,7251,5532.02
1,15920,Summer,House,9783,27353.07
7,14285,Rainy,Flat,3317,5917.53
3,12720,Summer,House,4712,15763.09
7,11000,Rainy,House,406,641.87
5,305,Winter,House,3979,165.21
8,5335,Summer,House,4524,4929.71
1,9460,Summer,House,5397,5604.22
4,18550,Rainy,House,1454,10439.09
4,5990,Summer,House,7747,12433.65
2,4530,Winter,House,6503,5932.38
6,16570,Winter,House,7084,13896.47
8,25715,Summer,House,3990,38402.69
4,12125,Summer,Flat,6936,19239.12
2,6210,Summer,Flat,9359,7900.33
1,5285,Rainy,House,2365,4456.65
8,4930,Summer,House,850,588.84
2,12080,Summer,Flat,5886,11465.34
2,8650,Summer,Flat,7752,12188.34
2,9025,Winter,Flat,8091,16284.29
1,7780,Rainy,House,6274,6609.33
1,7665,Rainy,Flat,3463,4198.1
4,2410,Summer,Flat,8758,3216.56
3,4640,Summer,Flat,3773,2919.78
2,8920,Winter,House,8998,7966.3
7,16565,Rainy,House,2075,8843.92
6,15505,Rainy,Flat,986,2911.2
2,3325,Winter,Flat,9266,5219.08
4,10240,Winter,Flat,7602,2103.23
8,10605,Rainy,Flat,706,1331.39
2,10745,Winter,Flat,7684,8294.65
7,8435,Summer,House,6779,11175.19
8,6860,Winter,Flat,8640,8691.49
6,20555,Winter,Flat,7607,33538.04
4,20440,Winter,House,7593,33490.28
8,6715,Summer,Flat,8485,13398.51
8,21765,Winter,Flat,9612,32526.39
6,16640,Summer,Flat,9145,30256.38
3,14575,Winter,Flat,2801,4935.47
3,1740,Winter,Flat,8894,1432.58
8,6450,Winter,House,7526,11578.88
2,6020,Rainy,House,1971,2105.95
7,4385,Summer,House,3792,7805.71
2,7765,Winter,House,8239,10276.92
6,17170,Summer,House,5578,26171.72
5,15080,Summer,House,9468,19673.8
3,630,Winter,House,720,77.97
7,1220,Winter,House,1062,125.41
8,17380,Rainy,House,3132,14776.37
5,22500,Summer,Flat,4066,13638.97
3,7655,Rainy,Flat,2756,3215.87
8,18550,Rainy,Flat,1126,1521.7
3,13310,Summer,House,2394,5925.27
1,8510,Summer,Flat,624,795.83
1,2145,Winter,House,4314,1658.85
2,3770,Summer,Flat,7106,1798.66
7,9445,Winter,Flat,7023,5306.24
2,13475,Winter,House,9223,20148.91
1,13800,Winter,Flat,460,527.76
2,25600,Summer,Flat,2314,14127.05
3,4720,Rainy,Flat,8834,6566.57
3,3970,Summer,House,5789,4441.14
2,12430,Winter,Flat,7745,15404.53
2,13665,Rainy,Flat,8949,22764.81
8,7320,Winter,Flat,5313,1993.52
4,7500,Winter,House,8403,7889.26
8,22545,Summer,Flat,5358,14899.74
1,26700,Summer,Flat,2588,17698.15
5,2930,Winter,House,2085,576.05
3,9600,Rainy,Flat,5600,7697.07
8,15050,Summer,Flat,854,2272.77
7,18500,Summer,Flat,6902,16283.54
3,22380,Summer,House,9659,29798.86
4,8070,Rainy,House,5813,15705.9
6,11615,Winter,Flat,7059,7199.01
4,5330,Summer,Flat,2920,2053.35
1,2705,Summer,House,7101,5591.38
8,6040,Winter,Flat,801,1040.15
3,20120,Rainy,House,8030,43417.56
4,14320,Rainy,House,7251,17114.37
4,3620,Rainy,Flat,1998,790.23
6,11240,Summer,Flat,3088,6291.65
8,3900,Rainy,Flat,8745,4317.17
7,10170,Rainy,House,2217,3347.65
8,15680,Rainy,House,3080,14526.59
2,13085,Summer,Flat,8027,14165.13
6,3155,Winter,Flat,4193,2863.47
2,18370,Winter,Flat,7039,11687.7
3,4110,Rainy,House,1011,1392.26
4,12300,Summer,House,3926,9024.77
3,11925,Rainy,House,3294,8071.13
5,24025,Winter,Flat,918,2012.35
5,12985,Winter,House,4547,11384.69
2,23100,Summer,Flat,3271,13587.34
5,8460,Summer,House,6144,15536.58
8,4480,Summer,Flat,8234,6452.81
1,35680,Rainy,Flat,1781,6943.99
8,9425,Winter,House,2593,6888.53
5,12460,Winter,House,800,1523.12
3,8085,Summer,Flat,2285,6901.77
4,18895,Rainy,House,7645,31946.64
6,4570,Winter,Flat,4415,5433.99
4,15280,Winter,House,6222,16040.18
8,25500,Winter,House,2605,7607.95
8,24990,Summer,House,1970,10225.27
1,13865,Summer,House,1121,4807.25
2,8395,Rainy,House,7643,5956.43
1,7500,Winter,House,3339,6917.14
7,7490,Winter,Flat,5028,6918.17
2,14395,Summer,Flat,2357,11680.24
2,11160,Rainy,Flat,844,2304.25
6,16620,Rainy,Flat,6619,16879.31
1,19620,Winter,House,6015,28274.66
7,12340,Rainy,Flat,3059,6451.62
5,23325,Winter,House,5158,19176.43
2,14605,Summer,Flat,428,894.94
5,8260,Winter,Flat,3798,3188.1
6,18040,Rainy,Flat,2384,7376.14
7,4850,Winter,House,7969,6950.6
7,7000,Winter,Flat,3819,4932.36
2,885,Summer,House,8859,3508.93
3,16110,Rainy,Flat,563,1686.15
5,23920,Rainy,House,1086,4176.57
8,14600,Winter,Flat,8135,16068.14
1,3100,Summer,Flat,8772,5433.55
2,2430,Winter,House,4059,1251.98
2,9820,Winter,House,3553,10541.6
8,9000,Summer,House,7496,15122.06
4,31100,Winter,Flat,6297,24143.87
7,9000,Rainy,Flat,4821,8595.18
8,13325,Summer,Flat,6899,13740.64
8,12590,Winter,Flat,2567,3098.64
8,7270,Summer,Flat,9878,9651.95
8,3460,Rainy,Flat,9472,3741.33
2,15180,Summer,House,9101,32354.59
3,29500,Winter,Flat,7894,10296.19
5,10275,Summer,Flat,4313,3945.21
7,10000,Winter,House,7137,16669.85
2,14990,Rainy,House,1252,5144.26
7,7985,Winter,Flat,7125,10228.48
3,2600,Rainy,Flat,1479,538.44
7,10780,Rainy,House,8877,22297.51
7,9995,Summer,Flat,1459,1822.85
8,10155,Winter,House,3946,9081.74
6,5575,Summer,Flat,3147,3248.02
4,14780,Winter,House,9261,8996.98
7,24050,Winter,Flat,4242,7322.7
2,20480,Summer,House,7378,40506.92
8,5510,Winter,Flat,431,302.55
1,11790,Summer,House,8894,25995.09
1,7240,Summer,Flat,6529,10364.39
4,6570,Summer,House,7285,5368.2
1,11120,Summer,Flat,8945,19596.15
5,22045,Rainy,House,8473,60017.85
2,20600,Rainy,House,9529,22901.38
6,17780,Winter,Flat,5364,10482.2
8,5060,Rainy,House,5154,4586.97
8,7020,Summer,House,9705,10404.34
1,3260,Rainy,Flat,5761,3193.63
4,17315,Summer,House,8981,52101.68
3,8265,Rainy,Flat,4168,7541.37
2,1640,Winter,House,8566,3529.21
3,19630,Summer,House,4559,28641.92
7,17220,Rainy,Flat,1014,2305.83
7,9240,Summer,Flat,1228,2592.57
1,19550,Summer,House,9041,32450.77
4,6730,Rainy,House,2104,4269.66
5,22620,Winter,Flat,8326,16438.08
4,7460,Winter,Flat,3818,1430.46
5,5440,Rainy,Flat,2526,2531.64
7,2900,Summer,Flat,991,355.05
5,17940,Winter,Flat,7519,25459.33
2,845,Summer,House,9994,3540.82
5,13445,Winter,Flat,1381,1395.82
4,10630,Winter,House,6536,6222.19
4,18470,Rainy,Flat,5813,19365.07
4,12800,Rainy,Flat,4011,4236.18
8,24000,Winter,Flat,2155,6622.6
1,18670,Winter,Flat,2954,8724.73
5,13390,Summer,Flat,8008,26135.89
6,16060,Winter,House,1138,3766.0
5,11730,Rainy,House,1612,4798.58
6,11680,Rainy,Flat,3575,3676.1
8,1745,Winter,House,8300,3952.96
6,11560,Winter,Flat,7961,11889.21
3,11215,Winter,Flat,2154,2143.44
6,12945,Winter,House,6918,16954.54
4,5400,Winter,House,3159,3349.07
6,7580,Winter,House,8201,9406.0
6,17340,Rainy,House,3296,6016.58
4,14695,Winter,Flat,4166,9201.85
6,14270,Winter,House,8380,18585.53
3,13855,Rainy,Flat,5801,14800.14
7,8265,Rainy,Flat,3216,5530.12
1,5000,Summer,House,5175,3149.84
5,21280,Summer,House,6182,37852.75
6,4690,Winter,House,8992,5651.23
6,18860,Winter,Flat,913,2712.33
7,9180,Winter,Flat,680,875.11
8,3850,Summer,House,9951,11210.1
6,13190,Winter,Flat,1058,2926.95
2,12775,Summer,House,9211,32699.06
1,6440,Winter,Flat,8662,14779.1
3,5480,Rainy,House,7363,3871.99
8,10665,Rainy,House,1342,3241.64
8,7570,Summer,House,3932,3937.65
3,25515,Winter,House,5367,33345.31
2,4740,Summer,House,5544,5884.21
8,14715,Rainy,Flat,7139,16568.48
5,17685,Summer,Flat,3493,14959.97
8,1695,Summer,Flat,9283,2734.81
5,13625,Summer,Flat,4670,13376.56
1,3060,Summer,House,8445,5333.26
3,15965,Summer,Flat,8799,29146.43
6,27295,Summer,House,5570,47622.17
1,12540,Summer,House,8146,19607.16
1,1795,Summer,Flat,3006,1285.04
8,5080,Summer,Flat,2306,2237.37
3,8950,Winter,House,4244,5157.67
8,7350,Winter,Flat,1603,2666.93
3,8370,Winter,Flat,3583,2993.4
5,7565,Summer,Flat,5662,7649.71
3,13860,Summer,Flat,602,1602.02
7,14490,Summer,House,3770,11336.35
6,18300,Rainy,Flat,910,2450.24
1,10295,Rainy,Flat,5474,8981.55
8,9810,Rainy,House,6961,9999.13
2,8180,Winter,Flat,6349,5874.76
3,20350,Summer,House,3825,20864.8
2,2190,Rainy,House,1455,701.8
3,18460,Rainy,Flat,7711,21810.75
6,11500,Summer,Flat,4635,14838.86
8,14010,Summer,Flat,1124,2339.13
2,14390,Winter,House,3520,5779.42
3,7570,Rainy,Flat,3145,5800.23
1,11270,Rainy,Flat,5333,11811.53
5,6885,Winter,House,9524,26113.67
4,3350,Summer,Flat,2216,1382.73
7,27090,Summer,Flat,6345,23616.9
4,5280,Summer,House,2931,4124.4
5,17540,Winter,Flat,6934,19020.89
8,4500,Rainy,Flat,2645,1992.17
8,7200,Winter,Flat,9521,5983.05
6,5565,Rainy,House,2078,3221.86
5,10310,Summer,House,8424,35834.02
1,2610,Rainy,Flat,3676,1252.23
4,4470,Rainy,House,6141,7409.92
8,19600,Winter,House,854,2450.82
5,2325,Winter,House,9018,4025.34
5,2270,Winter,Flat,7260,1635.53
8,9525,Rainy,Flat,5661,13879.17
3,11090,Summer,House,6781,22463.99
3,7070,Summer,House,4877,11633.11
4,9875,Summer,Flat,3377,8050.9
7,19545,Summer,Flat,8065,41361.55
5,26450,Summer,Flat,7614,41833.63
3,12690,Winter,Flat,7506,17017.18
3,8350,Rainy,Flat,7825,12522.91
7,7720,Winter,Flat,6132,7144.16
3,12930,Rainy,Flat,9597,25728.45
1,3320,Rainy,Flat,4239,1903.08
8,20380,Rainy,House,9561,28024.68
6,7250,Rainy,House,9013,9194.75
3,18760,Rainy,Flat,8857,30142.14
6,19075,Winter,Flat,1874,3164.95
5,2275,Winter,Flat,7880,3498.0
3,5360,Rainy,House,9685,9483.41
3,15270,Summer,Flat,5975,21221.46
5,21750,Rainy,Flat,3316,9346.28
1,18590,Rainy,Flat,8868,34546.01
2,9640,Winter,Flat,9083,11767.69
6,10850,Rainy,Flat,4821,6465.23
1,18635,Winter,House,1404,3659.08
8,10280,Winter,Flat,5212,5693.97
5,11790,Winter,House,5492,7943.31
4,1550,Rainy,House,1542,704.28
1,3890,Winter,Flat,2818,2068.27
3,9460,Summer,House,7211,15640.1
6,1920,Rainy,House,6686,3443.84
3,8480,Winter,Flat,9343,8196.66
2,10395,Rainy,Flat,9609,19540.49
4,4900,Rainy,Flat,9100,5345.24
5,5460,Winter,House,6120,8093.7
2,10210,Summer,House,5695,22254.15
1,22465,Rainy,Flat,828,3378.54
2,6050,Summer,House,2716,5732.04
3,11650,Winter,Flat,9086,29839.34
6,21600,Summer,Flat,2149,5094.07
2,900,Winter,House,9714,1875.72
1,17135,Winter,House,8284,22502.72
1,13720,Rainy,Flat,7578,13997.11
2,2425,Rainy,Flat,3736,2561.41
7,8305,Summer,Flat,4058,4273.22
4,7070,Rainy,House,8266,2625.21
3,1720,Summer,House,3060,1138.29
2,6790,Summer,Flat,1165,1169.17
3,3500,Summer,House,7046,3255.99
2,14580,Summer,House,1684,7103.44
6,3050,Summer,House,6337,4906.63
1,19130,Winter,House,8412,32931.69
1,4620,Summer,House,8566,10078.94
3,9260,Rainy,Flat,6392,7711.49
7,5125,Winter,Flat,1646,2150.08
1,19350,Rainy,House,9463,50713.39
3,20575,Winter,House,5136,20913.08
7,11070,Winter,Flat,7285,6628.73
2,20600,Summer,House,3238,21645.95
1,5500,Summer,Flat,2976,1387.19
3,6185,Rainy,Flat,1980,3036.98
7,17400,Rainy,House,3421,9693.14
2,5395,Rainy,Flat,3729,3155.21
2,31795,Winter,House,3206,12259.42
5,6450,Summer,House,3300,2872.5
8,8650,Winter,House,3997,7595.56
8,12040,Winter,Flat,799,1307.77
1,6060,Rainy,Flat,671,1119.08
5,1275,Winter,House,9724,2037.72
7,13655,Rainy,House,2334,8481.9
4,10680,Summer,House,1077,4509.43
5,11925,Rainy,Flat,8805,10829.43
8,14350,Summer,House,6259,40058.98
6,20040,Rainy,House,2879,10822.75
1,31500,Rainy,House,1996,19215.18
2,31490,Winter,House,1859,11715.55
2,5795,Rainy,Flat,2674,2515.36
6,11215,Summer,House,6252,21006.96
1,8255,Rainy,House,1617,4063.81
3,9000,Rainy,House,4574,3309.6
5,5100,Summer,House,1078,2253.8
5,6640,Winter,Flat,8312,12206.5
1,10990,Summer,House,7968,24181.68
8,6280,Summer,Flat,1391,1820.47
2,8310,Summer,House,7508,17475.9
4,10090,Summer,House,6713,13028.42
1,10670,Winter,House,4477,3340.11
7,13470,Summer,House,878,4745.07
8,20800,Summer,Flat,5676,23720.16
5,4120,Summer,House,6958,5996.52
4,16340,Winter,Flat,8461,18740.98
6,3030,Winter,House,1527,763.28
8,17150,Winter,Flat,967,2235.22
4,11950,Rainy,House,7285,20531.84
7,20780,Rainy,Flat,590,2519.72
3,5590,Winter,House,8183,6597.32
1,11950,Summer,Flat,4480,9981.44
6,14150,Rainy,House,3348,12253.38
8,1825,Summer,Flat,9831,3181.78
7,4980,Summer,House,5024,7789.66
2,2060,Rainy,Flat,2764,663.87
8,18550,Rainy,Flat,5375,17327.22
5,12700,Winter,Flat,9039,18358.77
6,7930,Winter,House,9741,16649.16
4,7350,Summer,House,6913,6620.43
5,19150,Summer,House,4234,37329.46
4,10665,Summer,House,9730,40026.44
2,10385,Rainy,Flat,7977,10214.1
7,14935,Rainy,Flat,6938,16466.5
7,1495,Rainy,Flat,839,245.32
6,10040,Winter,Flat,9470,18709.67
1,7640,Winter,Flat,7361,13038.1
6,9415,Rainy,House,1619,1528.69
4,13995,Summer,Flat,862,2572.45
3,5470,Rainy,House,6537,5473.09
3,6940,Rainy,House,1809,1264.04
4,6530,Rainy,Flat,8141,8436.18
6,4020,Summer,House,3403,3769.66
6,8950,Rainy,Flat,4064,3356.91
3,4700,Winter,Flat,3046,1813.23
1,25085,Summer,Flat,8517,34234.49
8,18730,Winter,Flat,7102,20465.92
4,12160,Winter,House,2315,7121.01
7,11100,Rainy,Flat,9818,18180.24
7,9445,Rainy,Flat,994,1952.58
1,6765,Winter,Flat,7132,7900.06
7,4570,Summer,House,7325,12166.5
5,13600,Rainy,House,4638,20064.57
8,12360,Winter,Flat,2489,3475.33
3,13940,Rainy,Flat,9607,17738.0
7,8445,Rainy,House,3445,7484.29
2,7640,Rainy,Flat,760,1279.37
4,8150,Rainy,Flat,7922,9429.31
6,6220,Rainy,Flat,7000,5273.62
2,16725,Rainy,House,2650,12235.83
7,13180,Rainy,Flat,7517,17885.85
2,13520,Rainy,House,4580,17233.91
1,14040,Summer,House,9875,41796.47
3,14820,Summer,House,1031,5463.3
7,6430,Summer,Flat,1271,2196.33
8,6765,Winter,Flat,4167,2899.79
3,13800,Summer,House,9396,41126.99
4,11630,Rainy,Flat,1688,1672.66
2,15560,Winter,House,1700,6860.49
3,13415,Winter,House,9513,35940.96
4,5830,Winter,House,2407,1792.33
5,13250,Rainy,Flat,6323,13587.0
5,6660,Winter,Flat,6585,6777.07
4,6210,Summer,House,1406,4010.76
4,8625,Winter,Flat,1235,850.92
8,8480,Summer,House,1620,2534.2
5,6840,Rainy,Flat,590,502.38
8,16870,Winter,House,2244,4641.86
4,5865,Rainy,Flat,7736,12686.63
1,8475,Summer,Flat,4992,3966.65
3,8610,Winter,Flat,8661,13768.38
6,32950,Winter,House,1935,12800.14
7,14910,Winter,House,3170,7242.75
5,6570,Rainy,House,7402,8463.91
1,11480,Rainy,Flat,5644,13550.92
4,11070,Summer,House,8586,28915.79
7,12500,Summer,Flat,6245,8647.88
3,2885,Winter,House,3199,1269.97
6,19800,Summer,Flat,8754,20229.48
5,11150,Rainy,Flat,1232,2677.95
7,16365,Summer,House,9020,43654.33
8,8930,Rainy,House,6277,13625.33
8,11810,Summer,House,452,1949.21
5,8520,Rainy,Flat,1169,1657.36
5,16235,Summer,Flat,6217,23681.48
2,5250,Winter,House,583,324.53
6,10270,Rainy,Flat,2801,5402.02
8,4420,Winter,House,8966,11819.13
8,13490,Winter,Flat,2271,6756.18
2,9620,Rainy,Flat,7064,10614.72
1,15765,Rainy,Flat,5574,12324.94
7,3010,Winter,Flat,5336,3504.6
8,14980,Summer,Flat,2626,7868.17
4,6200,Summer,House,7074,8491.04
1,9790,Summer,Flat,4057,10482.79
4,10850,Summer,Flat,5085,18332.06
2,5940,Winter,Flat,4612,3204.85
3,7500,Winter,House,5501,5162.94
2,4580,Rainy,Flat,5932,6652.12
2,5670,Winter,House,2683,3844.84
7,1450,Rainy,Flat,1131,232.2
8,10030,Winter,Flat,2977,2252.93
5,17080,Rainy,House,6120,24389.26
8,12285,Winter,House,7595,14856.09
6,5610,Winter,Flat,4397,2510.82
3,5500,Summer,Flat,6650,3605.36
1,11950,Winter,Flat,9590,19380.84
5,12625,Summer,House,2635,11833.99
1,3965,Winter,House,5139,2588.75
5,1050,Rainy,Flat,516,54.03
4,28780,Rainy,House,2569,15026.35
3,9600,Rainy,House,4585,10088.28
8,21515,Summer,Flat,1743,8569.96
3,8710,Summer,Flat,5823,20418.73
3,10840,Rainy,House,6057,21587.92
8,22535,Winter,House,1843,11226.91
4,8600,Winter,House,552,762.85
7,15220,Summer,Flat,7332,15742.8
6,10420,Rainy,House,2306,6091.54
6,15010,Winter,House,4033,8777.62
5,6045,Winter,Flat,2648,2302.3
1,10570,Summer,Flat,1354,3673.65
8,5665,Rainy,Flat,6692,7510.54
1,14240,Winter,House,7374,9504.51
7,16530,Summer,Flat,8374,14181.79
6,9230,Summer,House,4293,17515.32
7,13045,Winter,Flat,2541,2967.35
7,18665,Rainy,House,5778,15666.94
6,9090,Winter,Flat,6088,10098.25
7,11090,Rainy,Flat,5338,18625.66
4,4135,Winter,Flat,2327,1134.67
2,11020,Rainy,House,7481,23413.24
8,9860,Summer,House,1915,8268.64
8,24125,Rainy,Flat,4900,9551.22
6,20260,Winter,House,1041,4997.42
2,12040,Winter,Flat,1677,3210.03
8,6240,Rainy,Flat,5313,5656.15
4,21950,Winter,House,4608,16810.56
6,21685,Rainy,House,1616,7973.3
4,12320,Summer,Flat,2674,8151.76
5,5360,Winter,House,1283,1158.73
6,3190,Rainy,House,771,576.09
1,9600,Winter,Flat,3380,4752.83
4,26110,Rainy,Flat,8542,18626.11
8,870,Rainy,Flat,8477,1696.66
4,21540,Rainy,House,6959,37714.42
6,10325,Summer,House,1696,5519.48
6,14280,Winter,House,598,1872.86
3,1905,Winter,House,804,355.25
2,5420,Rainy,House,7894,8494.19
6,5025,Rainy,Flat,9272,3422.84
5,6260,Rainy,Flat,4944,4650.27
6,860,Rainy,House,471,118.61
5,9750,Rainy,House,1487,3875.33
8,5495,Summer,Flat,7259,8848.86
8,11940,Summer,House,8139,23885.95
5,5205,Summer,House,8532,6152.79
2,21650,Winter,House,6629,42039.23
7,5750,Rainy,Flat,547,373.5
7,7770,Summer,House,3747,12860.95
8,25075,Winter,House,2612,18658.67
3,13300,Winter,House,9113,16278.45
8,13990,Rainy,House,7925,23566.03
5,4700,Rainy,Flat,1994,1027.08
1,315,Rainy,Flat,9235,937.0
2,27115,Winter,Flat,2019,7008.94
5,7880,Summer,House,4452,5230.17
2,9310,Summer,House,4319,10765.8
2,7315,Summer,Flat,9657,10985.3
7,23680,Summer,House,9649,57039.85
8,11090,Winter,House,4246,16819.07
1,3400,Summer,House,8102,8064.64
7,12360,Rainy,House,6019,25618.24
2,18750,Summer,Flat,5247,30026.2
5,11140,Summer,House,3619,14141.57
2,15660,Winter,Flat,7063,6031.21
2,9610,Rainy,House,8510,22751.86
6,15350,Rainy,Flat,995,2038.65
8,25010,Winter,Flat,9294,24583.27
7,1780,Rainy,House,5885,771.37
2,9000,Winter,Flat,4438,6466.08
6,4905,Winter,Flat,9247,11393.75
4,13700,Rainy,House,4623,13367.52
6,3360,Rainy,Flat,5390,5207.97
3,12650,Rainy,House,4773,9387.09
5,14310,Rainy,Flat,7705,25684.99
8,7520,Winter,Flat,2797,1577.08
5,12060,Rainy,Flat,406,347.41
7,17290,Rainy,House,3911,11335.32
8,2160,Summer,Flat,7787,2544.13
1,730,Rainy,Flat,7019,567.63
4,21310,Rainy,Flat,1222,3922.29
4,1950,Rainy,House,4255,2225.84
2,16955,Winter,House,3010,7308.71
5,3215,Rainy,Flat,4634,2166.24
5,20125,Summer,House,3172,19492.35
6,20710,Winter,House,9444,27696.33
1,7670,Winter,House,8608,13119.29
5,2090,Summer,House,4363,3256.47
8,5820,Summer,Flat,3298,6254.56
5,10770,Summer,House,1602,8964.86
5,18470,Rainy,House,5744,21230.77
5,11285,Summer,Flat,4232,12562.0
7,4150,Winter,House,8813,8411.99
6,7565,Rainy,House,1566,3033.82
6,8850,Summer,House,7802,17423.05
5,19565,Winter,House,1615,5060.48
2,3030,Rainy,House,4871,1804.22
1,13970,Rainy,House,4377,8549.77
8,4260,Summer,Flat,5613,9131.19
3,3850,Winter,Flat,6731,3014.71
1,12210,Summer,Flat,5473,13428.35
1,12300,Winter,Flat,3795,3582.19
2,14730,Winter,Flat,4538,6748.45
5,14680,Summer,Flat,1277,2214.3
5,7540,Rainy,House,3884,4975.56
3,11730,Rainy,House,5074,15191.4
6,3300,Rainy,House,7137,2944.44
5,12820,Winter,Flat,7150,14943.34
1,5960,Rainy,House,1151,2281.81
5,2610,Winter,Flat,428,236.49
2,6270,Summer,House,2892,4141.09
1,16070,Summer,Flat,1914,5131.11
6,17100,Summer,Flat,3434,8093.0
8,19580,Summer,House,8846,41471.8
7,3990,Winter,House,979,339.47
2,9915,Summer,Flat,3956,6230.22
2,13995,Rainy,House,5775,23137.68
3,7090,Summer,House,7258,14190.48
8,5030,Rainy,House,7462,9314.54
1,17255,Winter,Flat,7917,23315.83
2,19700,Summer,House,8817,47971.57
1,10355,Summer,House,7391,14173.55
1,8050,Summer,Flat,8210,5908.93
6,1080,Winter,Flat,3148,599.57
4,5395,Rainy,House,3892,1393.98
6,16390,Winter,House,4872,10951.75
1,11225,Rainy,House,1866,9787.84
2,2410,Rainy,Flat,5964,3246.16
3,19350,Winter,Flat,4592,7644.7
2,8140,Winter,Flat,3201,4041.07
6,5295,Rainy,House,4231,7883.05
7,16250,Rainy,House,2515,6857.48
1,12650,Summer,House,1419,8181.9
4,2605,Rainy,Flat,4694,1006.14
8,5220,Summer,House,4607,8768.71
1,2560,Rainy,House,7940,6298.23
6,9360,Winter,House,3134,5097.82
6,23000,Summer,Flat,5066,18169.77
1,5285,Rainy,Flat,6930,6400.35
3,11060,Summer,House,8806,22618.8
2,10570,Winter,House,4303,9876.58
7,6490,Winter,Flat,2529,1250.75
3,9535,Rainy,House,7289,17143.98
4,18570,Winter,Flat,7193,23423.04
2,4950,Rainy,House,3016,4590.24
8,8300,Winter,Flat,9327,13549.0
5,11045,Rainy,House,4779,17074.3
1,3600,Winter,Flat,7575,3645.32
7,12750,Summer,Flat,6943,9542.31
5,4670,Summer,Flat,7831,3389.1
6,10530,Winter,Flat,8070,6878.76
3,7750,Winter,House,854,1068.53
4,15645,Summer,House,5961,27391.89
3,6220,Rainy,Flat,6770,8701.57
7,12810,Summer,House,7323,19293.77
7,2205,Rainy,Flat,6432,2478.54
5,5340,Winter,Flat,6872,4565.84
7,18265,Summer,House,7025,41316.25
1,27955,Rainy,Flat,3000,13165.48
4,6300,Summer,Flat,8430,6509.7
6,6110,Rainy,Flat,9146,11746.82
5,20330,Rainy,Flat,9095,38385.89
8,10220,Rainy,House,7922,9798.59
3,4830,Summer,House,6260,5218.37
8,15925,Rainy,Flat,9393,28503.49
8,11340,Summer,Flat,3813,7609.19
4,14550,Winter,House,2914,6311.5
7,6370,Winter,House,1468,1959.31
3,11865,Rainy,House,7615,16753.43
6,495,Rainy,House,7254,1146.63
8,5210,Summer,House,4407,3721.89
7,14695,Summer,Flat,687,1720.46
5,19575,Rainy,House,9079,31539.19
3,3570,Summer,House,5178,4570.05
1,5980,Rainy,House,5474,11906.29
5,19860,Winter,House,6815,43104.58
8,6000,Rainy,House,4526,5271.3
3,3225,Winter,Flat,5633,3271.57
4,10715,Rainy,Flat,6536,12132.44
5,1800,Rainy,House,6148,785.01
4,14590,Summer,House,2036,9878.1
5,4640,Summer,Flat,4310,5774.72
3,12250,Winter,House,9715,23588.0
8,8080,Rainy,House,2429,4149.64
3,21915,Rainy,House,8458,49923.13
8,16260,Winter,House,4178,11642.7
5,13540,Summer,Flat,8727,18895.5
5,21510,Winter,Flat,4417,14698.77
6,8410,Rainy,Flat,8396,7033.99
7,12030,Rainy,Flat,4661,9648.38
6,6710,Summer,Flat,4526,4540.42
8,3465,Winter,House,5421,4496.08
7,11275,Winter,Flat,3244,1328.36
6,4620,Summer,House,2079,3213.31
8,9560,Winter,Flat,2223,1836.13
6,4760,Summer,Flat,3829,3746.52
2,5070,Summer,Flat,6969,8236.55
4,10000,Winter,House,6615,13770.61
4,4250,Winter,House,7256,9377.79
5,22135,Summer,House,2618,15039.71
2,12490,Rainy,Flat,5441,5012.63
1,5220,Rainy,House,535,616.95
7,21220,Winter,Flat,6656,16145.27
5,6620,Rainy,House,2074,2795.93
4,27760,Summer,Flat,712,3226.63
1,13055,Winter,Flat,3363,4810.57
7,14030,Summer,Flat,5659,9846.17
8,21270,Rainy,House,6098,20786.01
8,8770,Winter,Flat,3486,5271.87
2,14940,Rainy,Flat,3257,5280.43
2,14640,Winter,House,2442,10552.82
3,16465,Summer,House,7498,31346.45
7,5700,Winter,House,8252,7442.08
5,3420,Rainy,Flat,6897,4507.34
3,16390,Rainy,House,9459,44670.17
4,21230,Winter,House,1445,4013.73
5,9250,Winter,Flat,9376,7254.98
2,18390,Summer,House,7226,43718.36
7,9240,Rainy,Flat,1442,1901.01
5,26480,Summer,House,4702,40418.15
6,5780,Summer,Flat,3554,2000.59
4,14220,Summer,House,5259,29191.21
4,10670,Winter,House,8289,14326.41
2,12030,Rainy,House,5748,19292.6
1,21560,Winter,Flat,5431,17764.09
3,8210,Summer,House,4227,7158.06
1,23600,Rainy,House,6344,40373.41
6,21080,Rainy,House,7780,21725.79
2,11555,Summer,House,2048,5066.9
4,12000,Winter,House,6902,22318.62
7,20690,Summer,House,7594,29734.71
3,13740,Winter,House,9069,11344.42
2,19890,Summer,House,7649,55740.62
5,13400,Winter,House,7004,16976.93
3,13070,Rainy,Flat,758,516.99
4,8015,Rainy,House,4273,11166.17
6,3750,Winter,Flat,4755,1742.98
2,4620,Winter,Flat,3906,1551.28
1,7270,Summer,House,8626,8756.71
5,17000,Rainy,House,1907,4299.57
4,5520,Winter,Flat,2882,2557.99
3,17170,Summer,Flat,4706,7531.31
5,14825,Winter,Flat,6142,10066.71
2,2760,Summer,Flat,1045,269.21
7,3060,Winter,House,2481,2026.55
8,22070,Summer,House,6627,26225.53
6,15800,Winter,House,1589,5499.78
2,3490,Summer,House,7812,6759.74
3,15880,Summer,House,9926,25091.64
2,12590,Winter,Flat,5939,7957.21
7,11260,Summer,Flat,8009,11490.23
8,25900,Rainy,House,1248,9050.9
5,180,Summer,House,3181,166.1
7,14295,Summer,House,5179,25705.26
3,3585,Rainy,Flat,9658,8940.95
4,7935,Winter,House,5597,13082.73
4,13395,Winter,House,6691,22867.18
4,8890,Winter,Flat,4972,8200.3
2,14260,Rainy,House,6628,16034.18
3,17000,Summer,House,3478,16827.31
8,14340,Rainy,House,998,3852.9
7,7970,Summer,Flat,3323,1714.2
3,2090,Rainy,Flat,7939,4976.51
6,4475,Summer,House,6871,11704.24
4,16830,Winter,House,5174,22669.03
8,15065,Rainy,House,8140,30780.41
6,13800,Rainy,House,8481,34357.81
4,3640,Rainy,Flat,9165,5946.66
5,10820,Rainy,Flat,4531,5123.43
1,2150,Summer,House,9897,3509.91
3,8850,Winter,House,2782,4290.41
5,15140,Summer,Flat,4815,13820.87
1,15500,Winter,House,1111,3444.71
7,18110,Rainy,House,8052,22389.08
2,6415,Rainy,Flat,5549,4281.59
2,15340,Winter,Flat,4633,4060.89
7,1590,Rainy,House,933,350.08
5,7760,Rainy,Flat,7252,15679.89
8,17430,Summer,House,8095,24360.12
6,11650,Winter,Flat,1937,2737.96
4,6325,Summer,Flat,8727,7709.78
7,8525,Winter,House,6587,4171.02
5,10120,Rainy,House,4004,6688.64
1,10670,Summer,House,9808,28303.37
5,19560,Summer,House,996,3857.98
5,6630,Winter,House,711,769.91
7,5700,Winter,House,9790,6975.12
7,7800,Summer,Flat,1210,2770.92
7,10110,Rainy,Flat,4733,9707.57
8,9870,Rainy,Flat,9532,19663.36
8,10795,Summer,House,4399,16231.82
8,5610,Winter,Flat,1974,1222.93
4,20040,Winter,House,6575,27036.8
7,8780,Rainy,Flat,672,453.75
3,5360,Rainy,House,5513,4405.32
4,14950,Rainy,House,4720,8977.14
4,1815,Rainy,House,4252,2186.88
1,5045,Winter,House,1315,551.02
4,12920,Rainy,House,6541,18751.77
1,5405,Winter,House,774,877.61
8,10050,Winter,Flat,6594,12424.22
3,2710,Rainy,House,787,583.48
8,8410,Rainy,Flat,9290,17709.28
4,25410,Rainy,House,5486,33453.06
7,8480,Summer,Flat,7972,1743.08
6,11410,Winter,House,9813,8710.11
5,11750,Winter,Flat,8827,26806.63
4,18545,Summer,House,1021,7931.42
7,1820,Rainy,House,7712,2526.11
7,4265,Summer,House,2582,2877.89
7,8750,Winter,Flat,9688,8174.34
1,11950,Rainy,House,1223,2861.97
8,11140,Winter,Flat,5027,10189.39
6,9110,Rainy,Flat,2851,2526.9
1,9880,Rainy,Flat,9935,12493.07
2,17395,Winter,House,458,1266.81
8,10650,Rainy,Flat,7818,13239.11
6,5240,Winter,Flat,9196,5361.47
1,10320,Winter,House,5941,23955.63
1,19070,Rainy,House,2248,6501.58
1,9000,Winter,House,1523,1275.31
7,23960,Winter,House,5178,20000.76
2,8040,Summer,Flat,9808,8342.13
2,5030,Winter,Flat,6268,5021.08
6,2205,Rainy,House,8538,5160.7
8,4850,Rainy,House,9081,8594.59
6,27760,Winter,House,8348,46080.79
8,3825,Summer,Flat,9930,7219.03
6,5905,Rainy,Flat,4159,6237.22
1,8360,Winter,House,6730,12006.0
8,8480,Winter,Flat,805,743.36
1,20640,Rainy,Flat,8176,28363.24
8,8200,Winter,Flat,2563,1630.7
6,5655,Summer,House,5649,2893.21
8,5000,Winter,House,2168,1635.78
2,16830,Winter,House,419,1039.42
6,10510,Winter,Flat,563,977.38
5,18360,Winter,House,2247,4155.29
4,13810,Rainy,Flat,674,2123.55
8,17700,Summer,Flat,2098,9429.57
3,7785,Winter,House,2075,4728.13
4,22500,Summer,Flat,2230,9973.96
6,14695,Rainy,Flat,9099,18975.77
2,14295,Summer,House,5163,29353.48
7,12990,Winter,Flat,9738,19734.0
4,19110,Summer,Flat,7320,38596.07
5,13810,Summer,House,8370,40438.28
7,1450,Rainy,Flat,7919,2299.01
6,1315,Rainy,Flat,5136,542.87
3,3575,Rainy,House,1599,428.42
7,16165,Summer,Flat,2199,7277.75
7,10700,Winter,Flat,8101,13529.09
5,1300,Winter,Flat,1601,164.07
5,9640,Winter,House,7978,17340.94
5,33270,Winter,Flat,9027,31182.18
7,24045,Rainy,House,9368,41420.43
3,13010,Rainy,House,1626,4253.93
1,10620,Summer,House,2686,10830.5
3,11360,Winter,Flat,9806,24144.68
7,21320,Winter,House,1450,4184.29
6,2165,Summer,House,3541,2250.9
6,5735,Summer,Flat,3253,5975.97
2,19500,Rainy,Flat,8769,25859.52
2,26890,Winter,Flat,9953,41425.06
4,6210,Summer,Flat,5961,10297.97
1,3510,Rainy,House,5634,5515.02
5,7005,Summer,House,5280,16345.29
5,9030,Winter,House,9551,10355.84
6,8500,Rainy,Flat,1262,1922.18
2,10295,Winter,Flat,4933,3984.15
5,5750,Summer,House,3096,3383.4
4,21000,Winter,Flat,4890,12326.1
7,8940,Summer,House,1278,3245.09
7,11650,Winter,Flat,9667,15557.58
4,9060,Rainy,House,6449,21413.32
7,10815,Winter,House,4783,17866.75
8,9950,Rainy,House,7355,25494.27
1,8640,Winter,House,7012,15746.06
4,23745,Rainy,House,4567,26994.28
1,7480,Rainy,Flat,5347,8993.59
1,6170,Rainy,Flat,7201,4587.0
5,8000,Summer,House,6553,10877.75
3,25850,Summer,House,3010,13735.68
3,17000,Rainy,Flat,9668,22301.75
4,7750,Rainy,House,8859,12253.77
7,11540,Rainy,Flat,3281,7200.82
2,3980,Summer,Flat,1357,1652.77
3,7300,Summer,Flat,1206,1376.11
1,18330,Winter,Flat,3066,7615.2
2,7755,Rainy,Flat,556,739.71
8,21500,Rainy,House,1272,4742.44
6,3935,Rainy,Flat,3188,1984.61
7,1035,Summer,Flat,9141,907.32
7,12210,Summer,House,6836,21653.35
3,13000,Winter,Flat,577,794.82
5,900,Summer,House,725,171.56
3,3600,Winter,House,4454,4169.07
8,21760,Winter,Flat,3554,13417.72
1,18500,Winter,Flat,6039,8182.16
3,19250,Rainy,Flat,9515,23645.43
3,11800,Summer,Flat,9111,39788.55
8,4440,Summer,Flat,2497,2280.37
1,585,Rainy,Flat,9561,1116.17
6,15320,Rainy,House,2077,2833.43
5,10175,Rainy,House,1696,4350.88
4,1030,Rainy,Flat,6335,351.9
6,11600,Winter,Flat,7283,6240.47
5,3140,Summer,Flat,9507,5664.74
4,21505,Summer,House,1718,11260.34
6,13355,Rainy,Flat,7386,10807.1
7,8770,Summer,House,3670,7516.62
1,8755,Winter,Flat,4832,2857.05
6,6300,Winter,House,7099,10255.35
4,18360,Rainy,Flat,4735,25217.67
8,1690,Rainy,Flat,6051,1942.04
5,4340,Summer,House,6225,7761.01
4,2550,Rainy,Flat,1090,445.02
8,8600,Rainy,Flat,3197,2205.77
3,8620,Summer,Flat,7676,16904.99
5,5350,Rainy,Flat,3885,1504.39
4,2190,Winter,Flat,6906,2595.39
6,5290,Summer,House,7267,7380.39
5,9095,Summer,Flat,3386,3992.77
6,27850,Rainy,Flat,3452,14499.8
8,13515,Summer,Flat,5744,7273.06
5,18130,Rainy,Flat,3102,9599.94
2,5025,Summer,House,8781,7111.19
2,3910,Summer,Flat,2340,1369.83
6,10740,Rainy,Flat,6127,15524.9
3,19300,Winter,House,8005,40855.15
8,2905,Summer,House,4506,2674.8
6,15000,Summer,House,9091,18696.28
4,4255,Summer,House,7969,8671.69
5,8460,Summer,House,741,495.54
4,7680,Rainy,Flat,8581,18156.74
7,8440,Winter,House,6776,8865.89
5,9530,Summer,House,8327,28008.65
4,900,Winter,House,6458,739.94
2,22100,Rainy,Flat,9294,30400.24
8,13610,Winter,House,5487,16992.86
6,20775,Winter,Flat,1789,6875.24
8,13350,Rainy,Flat,4401,10536.94
1,4430,Summer,House,5478,4194.06
5,495,Winter,House,8245,636.24
3,4820,Summer,House,8617,6633.06
5,18960,Winter,Flat,541,1508.31
4,10025,Rainy,Flat,8847,14898.67
1,28415,Rainy,Flat,6550,37362.91
8,21220,Rainy,House,8280,35527.58
6,10325,Summer,House,8215,15813.37
5,9665,Summer,Flat,9268,8469.51
8,8095,Rainy,House,6036,11669.27
3,10610,Winter,Flat,3492,5686.61
5,19730,Winter,House,8313,21566.25
4,17190,Rainy,Flat,6716,8940.38
1,3640,Winter,Flat,2459,2164.52
5,12610,Rainy,House,6603,17967.73
3,24840,Winter,House,563,2198.93
6,17630,Summer,Flat,3528,12201.38
1,7240,Summer,Flat,8818,8671.65
5,8485,Summer,Flat,9061,12151.69
8,3090,Rainy,Flat,4798,1615.73
3,12330,Winter,House,3773,12602.36
5,3470,Summer,Flat,8730,5032.08
8,5130,Rainy,House,8493,13332.56
2,21980,Summer,Flat,8454,40113.93
1,24300,Rainy,Flat,6075,21193.32
1,9255,Winter,House,3004,4281.19
3,8300,Summer,House,1652,4677.44
4,18875,Winter,Flat,1333,1720.43
1,11145,Summer,House,3187,9246.42
8,21980,Summer,House,1444,8313.78
6,17150,Summer,House,6550,18139.17
6,3700,Winter,House,3035,3364.15
7,6985,Winter,Flat,1768,1678.0
5,28155,Summer,Flat,2806,16237.57
4,1370,Rainy,Flat,4066,432.42
1,3200,Rainy,Flat,3083,1260.1
7,6420,Winter,Flat,8758,11278.29
5,8045,Rainy,Flat,8398,10057.53
5,4455,Rainy,House,1978,1478.88
8,12680,Rainy,House,5322,20377.3
3,600,Summer,House,7439,588.09
1,11400,Summer,House,3554,18354.51
1,24450,Rainy,House,4635,8450.17
7,4380,Summer,Flat,6965,7279.97
8,7950,Winter,Flat,900,348.57
7,5775,Summer,House,8817,17216.58
7,16100,Summer,Flat,3545,8995.79
6,8820,Rainy,House,7826,12135.42
5,21000,Rainy,Flat,1878,6562.93
7,685,Summer,Flat,2952,311.95
6,9900,Rainy,House,3298,3380.13
6,9045,Summer,House,8525,5240.24
4,4100,Winter,Flat,1549,808.25
4,9960,Rainy,Flat,6553,7865.4
1,13470,Summer,Flat,9369,31054.31
8,5745,Winter,Flat,4432,3288.83
2,12115,Winter,Flat,4113,8131.18
5,19080,Rainy,House,2695,8863.42
7,5460,Summer,Flat,5718,3671.33
8,9180,Winter,Flat,7035,17084.17
4,6960,Winter,House,3279,5789.76
1,13480,Winter,Flat,8716,32435.37
2,1080,Summer,House,2080,736.81
7,12180,Winter,Flat,983,901.52
1,7225,Winter,Flat,2189,1020.79
3,4965,Summer,House,7099,3409.43
8,6515,Winter,Flat,4683,5450.29
8,10260,Rainy,House,3224,4147.53
3,16020,Winter,Flat,4534,6628.96
8,6500,Summer,Flat,7446,7099.34
1,26160,Rainy,House,9496,58339.74
2,22790,Summer,Flat,1125,7550.14
5,2590,Rainy,House,1568,1341.42
2,15575,Winter,House,2039,8599.08
6,12980,Summer,Flat,5314,22024.48
6,27045,Winter,Flat,8773,41065.79
4,5150,Rainy,House,5359,9901.67
2,730,Rainy,House,7531,915.45
7,6110,Rainy,Flat,2335,1285.46
3,6815,Rainy,Flat,9962,13327.25
3,13625,Summer,House,2345,11368.29
4,17850,Summer,Flat,4028,11144.41
7,16205,Winter,Flat,2585,10553.34
5,9750,Summer,Flat,6332,16552.73
3,17780,Rainy,House,2701,14143.76
7,4240,Winter,Flat,4129,1476.74
7,5750,Winter,House,9478,15379.65
2,8610,Rainy,Flat,5493,2965.43
8,4710,Winter,Flat,860,426.04
7,7590,Winter,House,3561,2959.26
6,6090,Summer,Flat,8579,14515.59
6,8310,Summer,House,9574,17294.77
1,6605,Summer,Flat,7367,8503.05
3,3910,Summer,House,5121,4555.4
6,3110,Rainy,Flat,4105,3753.75
4,5820,Rainy,House,2964,5020.97
6,21530,Winter,Flat,1650,4849.25
4,14590,Summer,Flat,9650,20477.58
6,4795,Winter,Flat,8264,3048.86
4,1135,Winter,House,6628,1438.01
1,2760,Summer,House,3703,2858.9
1,23290,Rainy,House,4303,22023.83
6,11600,Winter,House,7647,18761.65
5,17990,Summer,Flat,4592,13918.96
5,19340,Rainy,Flat,8060,45599.61
7,19500,Rainy,Flat,9651,25407.92
2,12955,Summer,House,5573,24199.99
8,22250,Winter,Flat,3065,12048.61
6,12305,Summer,House,8781,24676.72
3,8960,Summer,House,4247,9788.05
2,1625,Summer,House,7459,2891.41
5,10450,Rainy,House,2290,6826.56
7,13360,Summer,Flat,2239,6980.86
8,1850,Summer,Flat,671,383.31
5,9680,Winter,Flat,8293,15355.29
6,15500,Rainy,Flat,4829,10220.93
7,16555,Winter,House,577,1679.48
7,13515,Rainy,House,1819,7557.18
4,12985,Summer,Flat,447,1104.43
2,14600,Summer,House,4515,13959.7
8,15750,Summer,House,3329,15874.37
4,3270,Rainy,Flat,9427,3953.27
4,21570,Summer,House,4460,17484.62
1,16330,Summer,Flat,7076,22978.12
6,8645,Winter,House,9347,18628.3
4,9045,Summer,House,9828,16487.78
6,2250,Summer,Flat,2794,918.23
8,11000,Rainy,Flat,8034,5896.9
1,27860,Rainy,Flat,2087,5145.51
8,16750,Summer,Flat,8221,18605.74
6,6695,Summer,House,9651,19159.91
2,7600,Winter,House,3722,8550.35
8,7030,Rainy,House,9701,12864.21
2,13900,Summer,Flat,6030,11723.0
6,14935,Rainy,House,4474,11151.91
8,20905,Winter,House,6532,37357.47
6,13185,Rainy,House,3412,11167.27
6,13225,Winter,House,9021,27863.14
5,13030,Summer,House,9381,38287.73
1,19790,Summer,House,1910,9937.52
5,12060,Winter,House,7407,24128.66
7,11950,Summer,Flat,3179,7699.55
2,21920,Summer,Flat,6785,27207.52
8,9910,Summer,House,2415,7772.54
8,5015,Winter,House,744,1070.31
5,4780,Rainy,House,625,417.93
3,8250,Winter,House,3400,3866.64
8,7140,Rainy,House,4832,6849.57
6,17505,Winter,Flat,3708,12885.39
8,6780,Winter,House,1983,2364.41
6,1760,Summer,Flat,5266,1122.83
5,660,Summer,Flat,4823,366.3
3,630,Rainy,Flat,5604,449.13
3,7270,Summer,House,8392,7826.92
8,10270,Winter,Flat,1784,1184.87
5,10520,Summer,House,5370,14263.45
7,21625,Rainy,House,5527,29745.64
4,8010,Rainy,House,866,956.27
7,10035,Summer,House,4541,13401.46
8,4270,Rainy,Flat,4776,3233.36
8,7495,Winter,House,3639,1146.3
6,27500,Winter,House,5467,25487.29
6,18650,Winter,Flat,8429,31739.24
3,13210,Rainy,House,5020,11916.71
7,11440,Winter,Flat,5542,10141.71
5,8100,Summer,House,9378,9758.87
7,14330,Rainy,House,2221,10044.19
6,14000,Rainy,Flat,7521,13018.14
6,10840,Winter,House,9368,23477.06
8,10345,Rainy,Flat,3753,6902.06
3,13940,Summer,House,3118,15480.37
7,4990,Summer,Flat,4848,4799.4
1,6250,Rainy,Flat,8556,9873.09
3,5180,Rainy,Flat,3371,2742.11
3,15965,Summer,House,893,3556.93
5,5895,Summer,Flat,1032,911.16
8,12470,Summer,Flat,6644,6102.97
7,1360,Winter,House,835,318.77
2,17060,Summer,Flat,4705,13141.81
6,13015,Rainy,House,4481,12996.64
8,9310,Winter,House,8988,11980.48
4,13290,Summer,House,3108,7655.36
2,11340,Rainy,Flat,9103,23824.43
5,10160,Summer,Flat,5724,12604.56
4,6320,Rainy,Flat,3295,3943.53
6,4695,Rainy,Flat,3701,2599.8
3,5515,Winter,House,842,894.21
2,4070,Rainy,House,2551,1850.49
2,1420,Winter,House,3372,990.69
5,5205,Summer,House,9289,14897.12
7,22630,Summer,House,406,1955.96
1,20990,Rainy,House,7292,25376.2
4,12670,Rainy,Flat,3866,6377.99
7,9830,Summer,Flat,8768,20677.38
3,3130,Rainy,Flat,1626,508.97
8,5500,Summer,Flat,5668,5924.75
7,27210,Rainy,House,5621,37449.34
4,9165,Summer,Flat,7719,9198.7
7,12405,Rainy,Flat,3052,5936.85
4,16500,Summer,House,1296,5798.33
1,28880,Rainy,House,5500,45235.71
3,1285,Rainy,House,621,209.72
3,5130,Rainy,House,8114,12834.31
6,8970,Winter,House,5621,10180.88
4,10265,Winter,House,4833,9140.78
8,6090,Rainy,House,9760,18962.27
8,17050,Rainy,House,6167,33963.33
3,11010,Summer,House,7242,26443.34
1,15315,Winter,House,9972,25271.05
3,10380,Winter,House,9947,25504.24
2,15900,Rainy,House,6861,32197.67
5,9330,Winter,House,933,1532.12
6,11315,Winter,Flat,7816,17549.99
3,8560,Winter,House,7563,13672.66
5,10520,Summer,House,7285,21811.06
1,12500,Rainy,Flat,5169,18071.85
5,1890,Summer,Flat,432,120.12
6,12690,Winter,Flat,6483,10895.41
5,14135,Rainy,House,3250,8153.94
2,3340,Winter,Flat,7454,3520.89
2,6010,Summer,House,3138,2462.44
2,15520,Winter,Flat,7389,19597.32
8,5310,Winter,Flat,9507,8540.15
6,4610,Winter,House,2483,2433.31
7,12805,Summer,Flat,2474,8358.74
2,5850,Winter,House,3999,1708.15
6,3330,Summer,Flat,1878,1122.46
6,16370,Winter,Flat,7855,21733.55
5,14240,Summer,Flat,2517,4317.38
4,14710,Winter,Flat,2595,2135.3
4,14485,Summer,House,5052,18294.95
3,9130,Rainy,House,3800,9880.18
8,2750,Rainy,House,627,518.09
3,2475,Summer,Flat,6150,1613.99
4,3770,Winter,Flat,523,247.11
7,1290,Summer,House,4109,718.07
1,18370,Winter,House,8357,23270.14
5,10780,Rainy,House,8175,24324.67
3,16985,Winter,Flat,4623,11802.81
8,19145,Summer,Flat,3584,22381.18
7,15230,Summer,House,7279,14192.96
2,11460,Summer,Flat,4425,9774.93
2,9140,Summer,House,483,1049.11
3,8075,Summer,Flat,8696,14992.9
8,6280,Summer,House,3790,5672.8
8,1700,Summer,Flat,8255,3596.03
7,7840,Winter,House,8504,13332.14
3,8190,Winter,Flat,3650,3754.99
2,14820,Winter,House,4418,11944.07
4,7190,Winter,Flat,7513,6268.09
3,18380,Summer,Flat,2414,4249.32
6,10575,Summer,Flat,3961,9722.82
5,8390,Rainy,Flat,971,1126.95
4,1245,Summer,House,2038,746.02
7,1405,Summer,Flat,8472,3285.54
4,18000,Winter,Flat,2456,5286.83
7,21800,Winter,Flat,7281,16329.57
7,1550,Winter,Flat,491,79.02
2,8500,Summer,House,6347,11811.71
8,6070,Winter,House,4507,5476.61
1,19550,Rainy,House,2442,15868.12
4,6355,Winter,Flat,8329,5674.45
5,9875,Summer,Flat,6872,18470.58
4,3325,Winter,Flat,1638,389.38
4,6170,Rainy,Flat,3960,4618.22
8,21630,Winter,Flat,8952,13574.16
3,13935,Summer,House,6499,18341.63
3,3430,Winter,Flat,5660,4773.41
3,255,Summer,House,3475,209.88
4,7230,Summer,House,7344,19873.67
1,19145,Rainy,Flat,3798,9019.35
6,6330,Summer,Flat,2899,2314.77
6,8780,Winter,House,6057,12793.3
5,13505,Rainy,Flat,5939,18816.02
2,6030,Winter,House,3137,2492.89
8,14765,Summer,House,6219,20865.24
7,4645,Rainy,House,3098,1290.86
5,14210,Winter,House,5489,22024.64
1,16525,Winter,Flat,3668,10917.12
5,7500,Winter,Flat,5014,6002.23
1,8270,Rainy,Flat,3131,5884.83
8,1565,Summer,Flat,5899,1476.44
6,6090,Rainy,House,2751,3216.47
6,9600,Rainy,House,4044,10152.43
2,9500,Rainy,Flat,4703,12121.28
8,1890,Summer,House,9075,5808.88
8,17140,Rainy,House,1642,6043.43
8,24010,Summer,House,968,5806.7
3,12385,Winter,Flat,6497,10921.34
6,19200,Rainy,Flat,5635,29223.53
2,15460,Summer,House,1473,1553.89
2,13760,Summer,Flat,8443,8259.0
7,7770,Winter,House,8893,13612.25
4,5170,Winter,House,1623,923.95
7,9575,Winter,Flat,6728,5720.28
7,26680,Rainy,House,8839,43598.14
4,10130,Rainy,Flat,7521,9260.5
5,15075,Winter,House,8908,28748.74
7,3585,Winter,Flat,706,199.53
3,7840,Rainy,House,7249,10343.63
1,15240,Winter,House,3899,12156.0
4,15830,Rainy,Flat,1359,2082.17
6,9260,Winter,Flat,8168,13935.92
6,7570,Rainy,House,7216,12750.84
3,12515,Summer,Flat,9090,10993.57
2,8330,Summer,Flat,1606,2094.67
2,18470,Rainy,House,3112,11572.96
8,8000,Winter,Flat,9183,16261.37
3,10510,Summer,Flat,4015,8227.8
5,12005,Summer,Flat,5063,14694.82
6,18970,Winter,Flat,9113,24931.12
3,16930,Summer,Flat,2915,5078.15
4,3925,Summer,Flat,7518,7502.78
5,3810,Summer,House,2892,2040.29
4,10170,Winter,House,9044,12436.25
1,4500,Winter,House,8175,6300.75
4,15230,Rainy,Flat,4918,16792.9
6,12195,Summer,Flat,2547,2536.72
4,16900,Rainy,Flat,5916,15852.79
5,17760,Rainy,House,1595,5649.42
8,15000,Summer,House,3616,14040.69
6,1160,Rainy,House,5597,1900.84
2,23310,Summer,Flat,8137,37690.04
7,29195,Summer,House,8453,46315.44
5,14075,Rainy,Flat,4403,9904.1
4,11200,Winter,Flat,2976,5078.98
1,10480,Rainy,House,3207,12821.99
3,8700,Summer,House,8781,12193.69
5,15850,Summer,House,6209,28366.48
8,690,Rainy,Flat,5477,524.78
3,9800,Rainy,House,8919,10576.11
8,20465,Winter,House,7359,27030.34
6,12460,Summer,House,3724,17662.31
1,18695,Rainy,Flat,6888,15560.8
3,775,Rainy,Flat,3491,354.8
2,3255,Rainy,Flat,5905,5468.6
5,23750,Summer,House,7363,44461.34
6,6200,Rainy,Flat,5155,5857.68
2,11770,Winter,Flat,4011,3702.31
3,11980,Rainy,Flat,8965,19906.64
3,15375,Winter,House,3223,18844.23
7,7860,Summer,Flat,6450,6557.84
8,16580,Summer,Flat,5621,15654.16
7,15560,Summer,House,8440,36135.84
1,13180,Summer,House,9448,16613.81
2,14750,Summer,House,8600,24433.23
4,13225,Summer,House,8631,30910.84
6,5470,Rainy,Flat,9695,7354.63
5,9210,Winter,Flat,2527,4695.07
8,23925,Rainy,House,1768,6425.22
2,11560,Rainy,House,7558,18430.43
5,8590,Winter,House,9341,26299.25
3,17900,Winter,Flat,8321,12495.55
8,18000,Winter,House,639,3209.34
3,640,Rainy,House,983,109.6
4,10710,Rainy,Flat,9946,22309.75
6,14650,Rainy,House,3510,18407.22
8,4615,Winter,Flat,4864,3608.43
6,11930,Winter,Flat,1414,1934.59
8,11670,Winter,House,3767,7169.95
8,11180,Rainy,Flat,3232,3718.82
1,12180,Rainy,Flat,461,1463.98
2,7170,Summer,House,6510,20159.95
2,14980,Winter,House,8096,16224.81
7,12485,Rainy,Flat,2110,1868.58
8,12660,Rainy,House,1948,10306.76
8,6420,Summer,House,4576,5496.64
1,3435,Summer,House,8524,15048.15
1,10735,Winter,Flat,1763,3477.04
7,8860,Rainy,House,863,3351.01
3,17155,Summer,Flat,1882,7897.75
8,8875,Rainy,House,9464,20283.75
6,22825,Winter,House,9795,38477.82
4,11620,Rainy,House,1047,2275.19
5,7275,Summer,House,1734,5366.06
7,20760,Winter,House,3376,16156.93
4,2935,Rainy,Flat,7183,4273.19
1,9540,Summer,House,3792,8032.11
3,5620,Summer,House,1154,611.25
4,23040,Rainy,Flat,1497,6783.66
2,3700,Winter,House,8377,2920.29
7,900,Summer,House,2812,478.7
5,19230,Rainy,House,5435,27583.18
5,12620,Rainy,House,1336,3032.32
4,8000,Rainy,House,6845,14454.2
2,22000,Winter,House,4463,15442.0
3,8195,Rainy,Flat,8153,13073.63
1,4565,Rainy,House,5655,3183.15
7,10890,Rainy,Flat,485,1286.4
1,13520,Rainy,Flat,7944,15387.83
8,15620,Winter,Flat,8059,31976.28
6,23440,Summer,Flat,2192,7884.21
5,13790,Summer,House,3148,14980.63
7,18500,Summer,Flat,8332,29581.41
7,13025,Summer,Flat,2485,6854.92
8,3630,Summer,House,9132,10918.95
3,17240,Summer,House,5559,19412.37
5,3570,Winter,House,8485,2083.14
2,19850,Summer,House,4394,15557.06
4,12715,Summer,House,428,1034.58
7,6075,Summer,House,6813,11141.38
2,3350,Winter,House,4579,1606.96
7,4300,Summer,Flat,8442,5307.88
6,4790,Winter,Flat,5037,1851.88
4,5615,Rainy,House,7365,6898.33
4,6650,Summer,Flat,4708,10309.86
8,15600,Rainy,House,9287,41493.55
5,2640,Summer,Flat,5102,3989.51
5,11400,Rainy,Flat,3281,2649.13
2,20015,Summer,House,953,2861.01
4,15280,Rainy,Flat,9640,25138.05
2,23650,Winter,Flat,7273,26892.28
4,8110,Rainy,House,9304,22533.72
4,8480,Summer,House,3115,4663.94
4,15230,Summer,Flat,4134,21603.93
3,15045,Rainy,Flat,4618,12327.97
8,11435,Winter,Flat,6708,12177.96
6,17310,Summer,House,2154,12374.94
6,16270,Winter,Flat,973,849.17
8,12000,Winter,Flat,8460,7736.9
6,28390,Rainy,Flat,4193,28875.6
5,15105,Rainy,Flat,7398,10582.95
3,11065,Winter,Flat,9313,14687.52
2,11430,Rainy,Flat,7643,14413.1
2,15300,Rainy,Flat,8760,22996.46
2,11275,Rainy,Flat,7850,18506.68
3,1565,Summer,House,6365,2527.09
4,2620,Rainy,Flat,1380,285.76
6,23285,Winter,House,2417,9162.4
5,4525,Winter,Flat,6506,3548.32
1,3480,Winter,House,4070,2835.17
5,1035,Summer,House,5135,840.55
1,25110,Winter,House,4791,21477.73
5,9665,Winter,Flat,5888,8996.3
4,18200,Rainy,Flat,6230,25299.19
6,28780,Rainy,House,9120,76409.78
8,30940,Rainy,House,2593,14300.48
1,6700,Summer,House,9110,21714.13
6,12620,Winter,Flat,2083,2566.76
1,4850,Summer,House,1781,1484.16
8,26380,Summer,House,5106,25520.53
5,5860,Winter,House,3587,6830.53
4,9250,Winter,Flat,6216,5788.62
8,12710,Winter,Flat,2560,3593.42
2,26790,Summer,Flat,8551,36055.28
2,14570,Winter,House,5262,13914.8
1,14970,Rainy,Flat,1061,1168.44
7,1860,Winter,Flat,8257,2651.2
1,4885,Rainy,House,4050,2741.01
4,6405,Summer,House,6421,9476.15
3,11635,Winter,House,8053,25206.98
8,13210,Rainy,House,4654,12947.01
3,9190,Winter,Flat,7995,15436.74
4,21575,Winter,House,3445,17862.54
3,2625,Rainy,House,5108,2889.91
1,1450,Summer,House,4415,1887.51
4,13130,Summer,House,5673,20389.43
1,15890,Rainy,House,7941,32030.66
4,21790,Rainy,Flat,5908,21634.27
1,5920,Summer,Flat,5067,2979.39
6,11450,Summer,Flat,6202,14122.74
5,18710,Winter,House,5858,27930.3
3,17750,Rainy,Flat,9301,14060.71
2,18495,Summer,House,7356,50169.35
8,16640,Winter,House,6385,17259.01
7,2160,Rainy,House,5443,3237.06
1,5195,Winter,Flat,9934,14660.3
5,20075,Rainy,Flat,2056,2652.16
1,25710,Rainy,Flat,2608,16584.65
7,13560,Rainy,House,6874,20084.47
6,3450,Winter,Flat,652,307.43
8,18780,Rainy,House,1878,10094.36
1,14860,Winter,Flat,8330,8518.09
1,12500,Winter,House,9920,17622.22
4,5870,Summer,House,3770,7690.79
1,7250,Summer,House,9218,9383.76
2,5700,Summer,Flat,9858,7704.45
1,5600,Rainy,Flat,5049,4991.33
1,2280,Summer,House,6889,4324.74
8,5225,Winter,Flat,950,614.12
3,13250,Summer,House,1385,3410.55
5,27700,Summer,House,4199,36751.33
8,825,Summer,Flat,500,36.04
5,5645,Summer,Flat,4795,4102.45
4,6955,Summer,Flat,1875,2840.35
6,10460,Winter,Flat,4663,5562.28
6,16570,Winter,Flat,2350,6282.54
5,5270,Rainy,House,5558,8326.86
7,8470,Winter,Flat,1795,2307.03
8,6625,Winter,House,1451,1859.19
3,10505,Rainy,House,5505,12118.69
1,9650,Rainy,House,7958,24642.87
1,14020,Rainy,House,7465,16701.41
7,2545,Rainy,House,1031,727.93
4,6940,Summer,House,8185,18794.25
2,11960,Winter,Flat,6079,8263.87
8,11010,Summer,Flat,1436,2607.29
2,9760,Winter,House,7393,8239.0
8,10990,Rainy,Flat,1059,2317.39
7,9990,Summer,House,9115,11554.11
7,19710,Winter,House,8936,49721.61
8,18960,Summer,Flat,2545,14829.39
5,795,Winter,Flat,3266,216.98
2,10310,Winter,Flat,1666,1623.18
4,5170,Rainy,House,5246,7582.14
8,10535,Rainy,House,6314,9523.25
5,26400,Rainy,Flat,8975,47742.31
3,28910,Winter,House,5393,9558.4
2,3865,Winter,House,3231,1871.24
7,10300,Rainy,Flat,4313,3832.07
6,1600,Winter,House,8011,3237.79
6,12950,Summer,House,9898,13594.88
2,2905,Winter,House,4980,2191.05
7,5470,Winter,House,5144,6033.09
2,8940,Rainy,Flat,6522,4770.12
2,7750,Winter,House,1627,3436.76
7,17310,Winter,House,9416,51554.58
4,10475,Summer,House,2222,7064.74
5,15290,Summer,Flat,5663,9538.06
8,8845,Rainy,House,1743,7004.33
3,10970,Rainy,House,3637,5048.02
1,4850,Summer,Flat,1352,1966.18
3,31980,Winter,House,2258,15742.42
5,8370,Winter,Flat,6040,4086.78
8,6750,Summer,Flat,8982,5413.34
7,25980,Summer,Flat,768,5961.24
6,21070,Rainy,Flat,1868,7706.47
2,12190,Summer,Flat,3683,9047.9
4,16320,Winter,Flat,9785,21135.58
2,6500,Summer,House,2218,4454.07
5,16010,Winter,House,8087,18765.58
3,13635,Summer,House,8079,21619.05
5,2690,Winter,Flat,3787,1188.37
5,7880,Rainy,Flat,8638,15781.94
3,15460,Rainy,House,1783,7553.71
8,8675,Winter,House,639,1278.43
4,1670,Winter,Flat,6406,989.47
5,15015,Rainy,House,6688,36573.55
4,15370,Winter,House,875,2718.12
2,16115,Summer,Flat,7741,15582.18
6,5390,Winter,House,4749,9894.39
2,1630,Rainy,House,9706,3169.21
2,33900,Rainy,Flat,8323,23602.34
7,5715,Rainy,House,6078,2749.16
7,6195,Rainy,Flat,2681,3850.35
7,9810,Summer,House,1582,1907.82
4,11270,Winter,Flat,6351,11577.26
8,10110,Rainy,Flat,3001,4581.54
5,4790,Winter,House,5816,4432.43
7,10825,Winter,Flat,7777,12968.07
4,29340,Winter,Flat,7199,56135.67
4,9690,Summer,Flat,9861,22662.14
2,1775,Summer,Flat,6144,3038.06
6,9830,Rainy,Flat,8169,11298.68
5,4515,Winter,House,8785,7646.91
8,1140,Summer,Flat,8234,711.57
1,6630,Summer,Flat,7939,7604.44
2,8900,Summer,Flat,6026,10897.1
5,10010,Winter,Flat,8172,6859.94
4,9540,Summer,House,8899,14761.1
5,10020,Rainy,Flat,451,574.98
4,2190,Winter,House,2485,967.84
2,5180,Rainy,Flat,8310,6719.39
6,6095,Summer,Flat,9256,12890.62
7,18600,Summer,House,5475,26775.66
3,14000,Winter,House,3403,10319.13
1,7660,Rainy,Flat,4948,5560.56
8,8250,Summer,House,5402,9581.11
1,8255,Summer,Flat,8846,13658.73
4,5040,Winter,House,6716,2710.03
8,6415,Winter,House,7494,8805.96
7,5560,Rainy,House,1214,1961.25
5,10500,Rainy,Flat,8403,14640.64
6,6830,Winter,Flat,514,933.78
3,4755,Winter,Flat,7744,6235.6
4,8680,Rainy,Flat,5593,9986.05
7,4250,Rainy,House,9649,7269.86
1,5770,Winter,Flat,2310,1917.98
6,19250,Summer,Flat,9973,35822.13
1,7155,Rainy,Flat,5497,3601.86
6,15240,Summer,Flat,7001,23291.65
8,7810,Rainy,Flat,8213,11705.32
4,8645,Rainy,Flat,9854,9718.96
8,4950,Summer,House,4860,5938.68
2,6405,Summer,Flat,898,1439.48
2,16880,Winter,House,3255,7058.78
7,17315,Winter,House,9106,35051.69
2,21485,Summer,Flat,6801,40368.32
4,5350,Rainy,House,4229,1918.6
1,2070,Winter,Flat,4072,843.65
7,11490,Winter,Flat,7876,19856.1
1,22600,Summer,House,6634,48480.31
5,2935,Rainy,House,3239,2578.92
1,11465,Rainy,House,6485,12126.39
4,14500,Rainy,Flat,1360,3036.72
8,7450,Summer,Flat,2187,3549.12
3,12525,Winter,House,8068,29717.17
6,4475,Summer,House,6633,5358.25
8,21600,Rainy,Flat,8121,33829.23
8,13650,Winter,House,5792,8231.39
3,7200,Winter,Flat,2909,2400.58
2,3790,Summer,House,6263,6870.56
3,22560,Rainy,House,3724,17548.33
6,5625,Winter,House,464,316.82
4,5360,Winter,Flat,7179,2545.18
4,12000,Winter,Flat,4035,4041.88
4,1370,Rainy,House,8836,1244.05
2,495,Summer,Flat,8212,919.11
7,16360,Summer,Flat,5985,20650.2
1,5190,Rainy,Flat,4620,4758.79
4,3770,Rainy,House,8835,3127.42
1,6950,Summer,House,3524,7582.62
3,7410,Winter,Flat,6005,3535.22
6,21785,Rainy,House,1793,6409.93
3,10020,Rainy,House,1116,4395.79
8,3990,Winter,Flat,9826,4732.88
5,9515,Summer,House,2420,5391.24
1,2690,Summer,House,3684,2374.15
7,24810,Summer,Flat,5780,38120.91
4,10515,Summer,Flat,9862,26918.04
3,1295,Summer,House,1167,420.74
5,13190,Rainy,Flat,7301,24401.88
5,14070,Winter,Flat,2361,4468.46
5,9380,Summer,Flat,6462,10844.46
3,13500,Summer,Flat,412,1280.89
4,5630,Winter,House,1380,1429.86
7,13300,Rainy,Flat,7232,8292.09
8,930,Winter,House,9627,2211.84
4,3195,Rainy,Flat,2317,925.29
7,23560,Summer,Flat,1388,6232.13
4,16275,Winter,Flat,948,1893.34
3,11220,Rainy,House,8559,21438.79
4,5320,Rainy,Flat,7139,1859.06
5,6680,Rainy,Flat,5565,4781.22
1,14705,Rainy,House,3675,6686.25
8,8240,Rainy,Flat,8392,9600.18
6,3495,Summer,Flat,3434,1840.35
4,32545,Rainy,House,7405,33648.17
3,2570,Summer,Flat,7010,6227.36
1,7570,Rainy,House,7176,10736.82
1,29200,Summer,House,8908,53325.17
4,9645,Winter,House,5271,18079.25
2,5160,Summer,Flat,2641,3526.21
4,3060,Rainy,House,2007,1013.09
6,15710,Winter,Flat,5803,18495.46
7,8520,Summer,Flat,7394,12414.23
4,18420,Summer,House,800,3189.07
1,12515,Summer,Flat,2775,10034.21
7,18730,Rainy,House,7303,20274.84
7,10895,Winter,House,7545,23029.68
3,10225,Winter,House,7576,18815.34
6,28800,Summer,House,1207,16180.6
8,4760,Summer,House,3822,3435.11
8,1330,Rainy,House,7103,1176.94
5,11545,Winter,House,1787,5925.66
5,18720,Winter,House,5249,18965.07
8,5940,Summer,Flat,2663,2641.74
7,6820,Rainy,House,5807,6992.63
6,19030,Winter,Flat,2826,10646.82
2,10895,Winter,Flat,714,913.02
7,14500,Summer,Flat,2594,5224.43
4,6240,Winter,Flat,8257,4924.17
5,7630,Summer,House,2281,5190.89
8,7015,Rainy,Flat,9946,13667.75
6,18255,Rainy,House,1017,4036.56
8,19890,Winter,Flat,3372,13681.63
3,12420,Winter,Flat,8358,18115.43
5,4850,Summer,Flat,4272,3626.15
5,6200,Rainy,Flat,8286,4437.66
6,17460,Winter,House,2209,6904.17
1,16640,Rainy,House,4824,4986.03
5,10890,Winter,Flat,8867,12511.22
3,9560,Winter,Flat,5857,7032.52
3,18960,Rainy,Flat,1289,3743.41
1,4210,Winter,Flat,9776,5517.9
7,1035,Summer,Flat,7271,1941.83
3,9690,Winter,Flat,9937,11626.32
6,9390,Rainy,Flat,5447,9097.79
3,20340,Winter,House,6941,25085.16
1,13240,Winter,House,5429,7780.13
5,8500,Winter,Flat,9722,9869.16
4,16000,Rainy,House,935,6449.77
4,4110,Rainy,House,7948,5959.71
1,6500,Winter,Flat,1675,1311.1
6,21425,Winter,Flat,5258,26201.69
1,1875,Summer,House,2812,1375.52
7,13960,Winter,House,5795,14422.31
5,15435,Rainy,House,9987,44482.26
2,20135,Summer,House,9704,27585.16
2,3740,Rainy,Flat,5477,5340.29
2,14550,Winter,Flat,6451,11896.32
2,23645,Summer,Flat,4354,18409.99
2,14130,Summer,House,5009,11034.9
7,12690,Winter,Flat,9389,8853.23
6,12620,Winter,House,4971,17222.15
8,16640,Rainy,House,3863,5494.89
3,8070,Rainy,House,756,576.37
3,34000,Rainy,Flat,1979,9059.78
2,11030,Rainy,Flat,1882,4375.8
2,16135,Winter,Flat,1057,1619.01
5,11585,Rainy,Flat,4466,9654.24
4,3545,Summer,Flat,3786,3583.23
1,9100,Rainy,Flat,7791,19311.52
6,14700,Winter,Flat,542,790.47
7,6435,Rainy,Flat,6510,9421.49
6,3020,Winter,House,4690,2683.97
2,13475,Rainy,Flat,4815,12670.4
2,17070,Summer,Flat,4904,13345.66
6,2780,Rainy,House,2126,782.55
5,12250,Winter,House,5693,11458.57
7,6650,Summer,Flat,2946,6509.36
2,6050,Rainy,Flat,2820,2365.05
4,24670,Rainy,House,3180,21817.97
2,1505,Winter,House,887,413.42
3,9065,Rainy,House,1193,2883.1
8,13670,Winter,Flat,1371,1370.89
3,24410,Rainy,Flat,9545,38234.65
5,9670,Summer,Flat,7926,19251.47
2,16950,Rainy,House,1960,10608.69
2,4120,Summer,Flat,8103,3415.92
1,12840,Winter,Flat,7839,7663.49
5,8405,Winter,House,6453,11151.81
6,23500,Rainy,Flat,2015,6108.05
5,12225,Winter,House,7296,5091.61
7,17300,Summer,Flat,9744,41675.83
7,1685,Rainy,House,5915,2618.91
4,5070,Rainy,Flat,2070,1882.11
4,14970,Winter,House,8287,14855.45
6,6935,Winter,House,1207,1174.42
5,20340,Summer,House,1075,4614.83
3,13495,Winter,Flat,3774,8962.77
6,8200,Rainy,Flat,1433,3412.12
8,16310,Winter,Flat,1173,2890.2
3,5680,Summer,House,9144,10258.54
8,12350,Rainy,Flat,8003,14797.79
7,11930,Summer,Flat,4763,8957.46
6,16490,Summer,Flat,9016,45667.69
5,16140,Summer,House,6000,35170.99
1,4240,Summer,Flat,8602,9529.36
7,20250,Rainy,House,1319,6743.61
8,4155,Summer,House,6669,8816.05
4,22790,Rainy,House,3303,25184.57
7,27950,Rainy,House,9595,77977.08
6,6520,Winter,House,8506,7771.95
6,11110,Winter,House,2458,6109.37
3,9860,Winter,Flat,9871,11225.78
6,7930,Rainy,House,1854,2748.93
6,6660,Rainy,House,8373,4922.45
2,13820,Summer,House,7537,30517.73
8,18500,Rainy,House,3226,11591.15
7,18140,Rainy,Flat,5276,11153.62
8,5150,Winter,Flat,1862,1338.2
6,2070,Winter,House,2460,1035.19
5,18950,Winter,House,1272,3940.9
1,15970,Winter,House,481,1947.63
2,7845,Rainy,House,8143,11426.51
5,9180,Rainy,House,7735,22266.76
5,33250,Winter,Flat,1534,11094.9
4,7880,Summer,House,3033,5683.71
5,18980,Summer,Flat,7825,27781.34
7,6790,Summer,Flat,8438,6326.4
7,14160,Summer,Flat,6185,19567.62
8,5750,Summer,House,9918,14582.52
3,10015,Summer,Flat,4835,14071.91
3,14360,Summer,Flat,4242,12104.56
8,1720,Winter,House,4618,1220.87
2,5925,Rainy,Flat,8931,4732.66
8,14745,Summer,Flat,3152,8477.92
4,6145,Summer,House,9473,8717.64
5,19450,Rainy,Flat,3714,15187.79
2,12055,Summer,Flat,1760,2960.05
4,7410,Winter,Flat,4155,6112.77
6,15770,Winter,Flat,5975,11049.93
3,8005,Winter,House,1736,4074.8
1,13315,Winter,Flat,883,2541.26
7,2245,Rainy,Flat,7144,3647.65
8,7150,Summer,House,6809,7222.5
6,14410,Winter,House,4882,10259.95
5,11350,Summer,Flat,7241,12501.17
2,4170,Rainy,House,8710,4597.34
3,2755,Rainy,Flat,3367,404.45
6,640,Rainy,House,1230,283.36
6,20560,Rainy,House,8200,33080.44
4,3960,Summer,Flat,1100,510.79
7,17050,Rainy,House,8983,26038.84
8,10510,Summer,House,8468,10287.68
8,6270,Summer,House,6967,9936.85
6,5725,Winter,House,7289,9886.43
1,10785,Summer,Flat,4809,5081.19
2,19260,Rainy,House,4583,24323.09
2,28270,Rainy,Flat,8861,42326.17
8,6440,Rainy,House,8897,11263.87
1,4630,Rainy,Flat,3054,2560.43
2,8520,Winter,House,5413,7181.23
3,1340,Summer,House,3545,1321.22
7,19590,Summer,House,9519,59125.92
8,2360,Winter,Flat,1297,337.69
1,14300,Winter,Flat,9475,20280.68
3,7945,Rainy,Flat,430,673.06
4,7380,Winter,House,3213,4023.58
7,11370,Rainy,House,818,1676.36
4,8845,Rainy,Flat,636,1361.12
7,8690,Rainy,Flat,7600,8688.88
4,8200,Summer,Flat,9490,18114.49
5,800,Winter,House,2407,518.22
1,6015,Rainy,Flat,3224,2156.75
5,6075,Summer,House,7017,17588.27
1,12430,Rainy,Flat,2721,5928.41
3,11630,Summer,House,4209,21992.42
5,13390,Summer,Flat,8779,35694.04
3,7380,Rainy,House,9405,1970.56
4,14180,Winter,Flat,7815,10559.75
1,4780,Rainy,House,8170,9509.07
1,14840,Rainy,House,2455,4010.34
4,2730,Rainy,Flat,9005,3640.26
3,5790,Summer,House,8248,13548.33
3,1100,Rainy,House,1816,288.49
3,4855,Rainy,House,4336,3356.67
5,16100,Winter,Flat,5329,9374.92
8,3370,Rainy,Flat,1803,636.99
8,14680,Winter,Flat,6813,14311.52
2,930,Rainy,House,7679,939.16
7,13030,Summer,Flat,3765,2781.05
2,20200,Summer,Flat,7651,36356.28
8,11200,Winter,House,6265,9965.11
3,1160,Rainy,House,4066,742.93
1,14575,Summer,Flat,4424,15846.38
1,305,Summer,Flat,982,67.53
2,2565,Winter,Flat,5978,2423.87
5,1350,Summer,Flat,495,94.78
6,890,Rainy,Flat,4409,496.69
5,13500,Summer,Flat,8886,34485.21
4,12565,Summer,House,8693,13639.24
7,7480,Rainy,House,1886,5376.08
8,5570,Rainy,Flat,9823,14109.65
4,4130,Rainy,Flat,7341,5801.94
2,16145,Winter,House,6398,16642.01
4,14210,Winter,House,5217,16391.14
2,11360,Winter,House,8853,20562.45
8,20430,Rainy,House,8236,11214.57
8,20240,Summer,House,6544,22775.62
1,11090,Winter,Flat,2937,3485.4
8,20430,Rainy,Flat,1491,5458.9
3,3130,Rainy,Flat,1485,946.17
3,25550,Summer,Flat,5044,18235.84
1,12710,Winter,Flat,7426,16321.33
3,14960,Summer,House,9730,24940.45
4,3730,Rainy,Flat,6797,4728.77
5,5120,Summer,Flat,2385,2531.07
6,9010,Summer,House,2883,10821.55
2,7750,Rainy,Flat,8739,21896.11
8,2560,Summer,Flat,6505,1147.54
8,17250,Summer,House,4195,9055.04
8,9230,Winter,House,6792,11234.24
1,3880,Winter,Flat,5768,1940.93
2,11650,Rainy,Flat,4402,8169.97
7,11000,Rainy,House,7930,11293.72
8,13610,Summer,House,1996,4762.65
5,7910,Summer,Flat,7027,8488.31
2,5640,Summer,Flat,7351,12112.35
5,2690,Summer,Flat,5211,1284.06
4,29880,Winter,Flat,1232,5852.88
6,18160,Summer,Flat,2739,10435.41
7,1310,Winter,House,1586,442.23
6,20120,Summer,Flat,5999,15376.45
2,17710,Rainy,House,1247,5708.73
5,12840,Winter,Flat,2234,5139.71
6,29000,Winter,Flat,7834,33156.85
4,7410,Rainy,House,5566,5813.53
4,9005,Winter,Flat,850,914.28
7,11820,Rainy,House,8708,25637.46
1,8250,Rainy,House,463,1269.8
8,2850,Summer,House,6884,3937.09
3,11990,Summer,House,4900,24903.74
1,14465,Rainy,Flat,8142,18779.69
6,8000,Summer,House,589,1178.85
7,460,Summer,Flat,5748,141.36
5,2830,Summer,Flat,6601,4219.11
7,19020,Summer,Flat,1927,5536.12
4,8460,Rainy,House,4561,4906.42
2,10140,Winter,House,5851,8148.1
1,4420,Summer,Flat,6365,11337.59
6,4980,Winter,Flat,2993,4032.97
7,1555,Rainy,House,706,227.19
1,2860,Rainy,Flat,3540,1331.09
5,6920,Rainy,House,628,1392.69
8,15300,Rainy,House,8781,31303.83
6,3210,Summer,House,9289,3662.27
7,12890,Rainy,House,1148,6555.84
1,15230,Winter,Flat,9349,23660.04
1,21500,Summer,House,8338,55149.0
6,1110,Winter,Flat,4508,439.22
4,11120,Rainy,Flat,8543,20611.42
4,12915,Summer,Flat,2237,3317.84
1,6360,Summer,House,3758,6416.65
7,1080,Winter,Flat,7520,979.62
4,14750,Rainy,House,9029,22967.88
1,24840,Rainy,House,2825,13245.06
2,18860,Summer,Flat,3805,16801.15
7,6180,Summer,House,3046,595.39
2,6075,Rainy,Flat,4320,4832.79
6,15240,Winter,Flat,8903,29409.38
5,9360,Summer,House,4310,12126.88
3,1560,Winter,Flat,3803,787.47
8,1160,Winter,House,2203,630.83
4,28435,Winter,House,5046,22599.78
8,7650,Winter,House,8412,19136.04
1,6265,Winter,Flat,9517,4539.36
7,8230,Summer,House,3320,5238.55
1,12250,Winter,House,1775,4513.21
1,13330,Summer,Flat,5630,5103.39
2,4950,Rainy,House,6870,5584.95
8,2570,Winter,House,7668,2295.98
5,3500,Rainy,Flat,3486,1226.38
5,28820,Rainy,House,3261,19362.06
5,9270,Summer,Flat,9373,14648.73
2,15160,Rainy,Flat,2968,6795.77
5,8050,Winter,Flat,2012,4374.99
6,615,Summer,House,6448,383.81
5,1305,Summer,House,1261,634.73
4,3880,Rainy,House,3542,3796.21
2,3705,Summer,Flat,6593,4168.34
6,20655,Rainy,House,8877,16437.7
6,6255,Rainy,House,1800,1402.15
5,12085,Summer,House,3134,14332.69
3,4930,Summer,Flat,4543,6368.04
8,18665,Winter,House,7077,31246.43
8,24840,Rainy,House,9405,52467.75
6,8250,Winter,Flat,5557,8257.93
5,12335,Summer,Flat,6102,15874.29
3,9250,Rainy,House,678,1772.7
8,1340,Winter,Flat,2873,631.59
5,10360,Winter,Flat,674,807.61
5,1755,Summer,Flat,7283,3360.01
4,15500,Winter,House,4545,20501.81
5,14240,Summer,House,6964,20227.17
5,18310,Summer,House,2009,13692.5
6,8950,Rainy,House,3641,8768.69
8,1100,Summer,Flat,3072,666.17
4,12545,Winter,House,3415,6728.72
4,15875,Winter,House,8155,27604.83
4,9620,Winter,House,432,681.15
5,8250,Rainy,House,9229,11818.35
3,11755,Summer,Flat,2851,2903.85
8,13500,Rainy,House,9872,51335.87
3,4995,Rainy,House,4553,5498.82
6,18360,Rainy,Flat,6120,23889.4
3,6930,Rainy,Flat,6917,10735.31
5,8240,Summer,Flat,2545,5222.4
2,1210,Winter,Flat,3143,631.35
5,21170,Winter,House,8935,37629.56
2,10575,Rainy,House,6874,18496.63
8,4870,Summer,House,8095,8681.44
7,2170,Summer,Flat,7125,5232.13
8,995,Summer,House,1048,148.4
6,18165,Winter,Flat,647,1925.16
3,9910,Winter,House,3763,7756.15
5,14030,Rainy,House,9643,24213.83
4,10650,Rainy,House,7231,22720.17
4,12400,Rainy,House,3669,10046.88
2,3970,Winter,Flat,4427,2603.3
2,17785,Rainy,Flat,4823,11871.29
6,15485,Winter,House,3815,9368.41
7,8850,Summer,House,7115,23610.61
3,7520,Winter,House,4689,5452.85
8,420,Summer,Flat,3009,214.9
3,8735,Rainy,House,1229,1978.19
8,24250,Rainy,Flat,5876,35696.71
5,3590,Rainy,House,5638,2369.92
7,17220,Summer,Flat,2305,8999.28
8,7250,Winter,Flat,9388,8887.71
4,17850,Summer,House,9512,55749.29
4,16480,Summer,House,989,1799.96
2,15360,Winter,House,8297,23330.51
2,20570,Winter,House,7191,17741.34
3,32580,Rainy,Flat,8697,59149.76
7,6325,Winter,House,1427,2623.28
8,7860,Summer,House,5101,10458.23
6,885,Winter,House,4414,883.92
4,15385,Summer,House,8393,37375.13
7,8300,Rainy,Flat,939,1966.89
2,5960,Rainy,House,2110,2265.97
2,20300,Summer,House,9286,57270.78
2,10270,Rainy,Flat,8921,17596.04
4,11860,Winter,House,6420,11135.56
1,6955,Rainy,House,9484,13783.24
3,21760,Summer,Flat,3396,13978.5
2,16640,Winter,Flat,8589,20224.71
8,6430,Winter,Flat,9159,7196.66
1,11565,Rainy,House,7042,19854.19
3,15640,Summer,Flat,7823,26994.02
7,2800,Winter,Flat,5518,2225.38
3,7290,Summer,House,7146,21862.94
6,5310,Rainy,Flat,3122,4086.22
8,9825,Rainy,House,3959,4605.11
2,5620,Rainy,House,9139,3427.49
7,21320,Rainy,Flat,4943,15818.51
2,10840,Winter,Flat,5305,7910.54
7,28000,Rainy,Flat,4479,31299.72
6,27035,Summer,House,751,3866.77
5,9005,Summer,House,5839,14731.98
8,6100,Summer,Flat,9883,5869.92
2,12000,Winter,House,8062,22591.99
3,14375,Winter,House,7309,13430.42
1,9910,Rainy,Flat,4138,3983.72
7,7190,Winter,House,9560,16389.65
3,9200,Summer,House,3881,17740.81
4,15525,Summer,House,3531,22727.13
2,11145,Summer,House,7009,11361.15
5,18470,Summer,Flat,3962,17222.6
4,8075,Summer,House,932,1433.02
1,19940,Winter,House,5450,10596.53
1,6265,Summer,Flat,5019,10405.89
7,19250,Summer,House,7719,49847.81
6,9240,Rainy,House,3606,8852.14
5,19150,Rainy,House,4045,9231.72
2,6245,Winter,Flat,2771,3214.69
8,12450,Summer,Flat,6041,10051.19
2,795,Winter,Flat,9705,1567.3
7,16970,Rainy,Flat,1940,4155.56
2,16670,Summer,Flat,8455,20780.59
3,2240,Rainy,House,9293,3960.96
5,13500,Rainy,House,7821,15455.24
5,8360,Rainy,House,7811,22558.47
7,2560,Summer,Flat,8745,5599.75
3,5210,Winter,Flat,9469,10043.17
8,5730,Summer,House,2052,1875.31
4,4355,Summer,Flat,2437,2852.27
6,13770,Summer,Flat,7361,19114.52
5,16670,Winter,House,9506,28906.93
8,15710,Summer,House,6798,38543.98
8,10640,Winter,Flat,2347,4821.28
7,10375,Summer,Flat,2064,4854.19
4,10620,Rainy,House,5755,18724.09
3,11210,Winter,Flat,6679,13017.85
8,9750,Summer,House,1903,2862.0
8,690,Winter,Flat,8122,713.4
7,23350,Summer,Flat,9612,29887.14
5,4255,Summer,Flat,2797,3241.11
4,13360,Rainy,House,2800,5747.45
3,10360,Summer,Flat,2410,924.75
4,15560,Rainy,House,9245,13600.77
4,420,Winter,Flat,4556,359.89
3,3225,Winter,House,1746,436.19
8,23180,Rainy,House,1635,5118.96
3,7340,Rainy,House,1397,2826.21
6,12105,Rainy,House,9394,32461.67
6,7240,Winter,House,969,883.9
7,1775,Summer,Flat,4135,896.32
8,14810,Summer,Flat,3313,11443.79
4,13070,Summer,Flat,3768,6369.93
5,5195,Winter,Flat,5335,2049.48
7,5680,Winter,House,6537,7104.01
1,1815,Rainy,House,7055,3038.29
5,22625,Summer,Flat,7204,27466.95
3,16710,Summer,House,2144,5187.44
2,2630,Summer,House,5594,5805.0
3,20790,Winter,House,2631,11875.5
1,11245,Rainy,House,478,1203.93
7,6090,Winter,Flat,7005,8360.89
2,8705,Rainy,Flat,8625,7317.31
8,13500,Winter,Flat,8212,11622.72
8,3500,Rainy,House,2100,1487.44
2,10510,Rainy,Flat,7101,11249.0
1,7565,Rainy,House,2309,4175.11
8,17280,Winter,Flat,3315,6935.88
2,2960,Summer,House,3507,2090.37
2,16200,Rainy,Flat,4242,6397.41
7,15160,Winter,House,8339,27666.95
5,5415,Winter,House,2768,2419.96
3,16655,Rainy,House,7450,31420.63
1,2970,Winter,House,9432,5735.13
8,1715,Rainy,Flat,9301,5694.29
6,7050,Summer,House,1124,2858.02
5,6340,Summer,Flat,1706,3409.9
7,18180,Rainy,House,6344,38752.83
2,1770,Summer,Flat,5726,1850.31
1,8730,Winter,Flat,2465,3430.54
7,29070,Summer,Flat,5239,25343.09
8,18000,Summer,House,3717,14185.4
6,3235,Rainy,House,2953,2480.81
2,17430,Winter,House,6748,25690.11
2,5230,Rainy,House,6418,12273.4
2,18000,Summer,Flat,9776,31093.65
6,8940,Winter,House,2601,4147.82
5,1830,Rainy,House,1062,296.32
8,2780,Winter,Flat,7389,3981.45
3,16520,Summer,Flat,3803,14505.07
3,5660,Winter,Flat,5669,5716.98
1,6960,Summer,House,9992,10182.35
6,18395,Rainy,House,4354,21367.46
7,7525,Summer,Flat,1785,1833.2
8,13985,Winter,House,1802,4164.64
7,5600,Summer,House,8621,4205.98
3,1620,Summer,Flat,716,258.42
3,2980,Winter,Flat,8058,1527.71
7,16160,Winter,House,9451,27026.18
6,8980,Summer,House,9824,18540.21
7,20600,Summer,Flat,4729,12138.81
6,9895,Winter,Flat,5866,11736.79
2,20000,Rainy,Flat,2180,6373.36
1,5270,Winter,Flat,9516,7019.16
2,5915,Rainy,House,3771,6199.13
5,8160,Winter,House,1200,2667.72
8,6780,Summer,House,4608,5437.15
1,16275,Summer,House,9539,44997.72
8,13495,Rainy,Flat,2157,5460.22
1,2730,Summer,Flat,3945,3159.34
3,10720,Rainy,House,8561,18325.54
6,1680,Rainy,Flat,7786,918.22
7,15250,Rainy,House,2077,9266.88
5,18490,Summer,Flat,4652,16277.6
5,12020,Winter,Flat,748,1651.74
2,815,Winter,Flat,8440,678.49
4,14200,Winter,House,3125,4687.09
4,12390,Summer,Flat,3843,15096.25
6,3645,Summer,House,5471,4902.85
6,7740,Summer,Flat,4875,11027.69
3,10380,Winter,House,6892,12251.02
2,9850,Summer,Flat,1816,2806.31
7,14250,Rainy,Flat,8252,25015.13
4,1140,Winter,House,2890,613.7
8,3550,Summer,House,939,728.7
8,9870,Rainy,Flat,9355,15979.91
2,6865,Rainy,House,631,1502.21
1,11435,Winter,Flat,9541,7930.9
3,11690,Summer,Flat,7743,14101.49
3,3750,Winter,House,4416,1378.11
7,8880,Rainy,House,6114,14134.76
5,12490,Rainy,House,803,1982.95
7,5910,Summer,House,9111,18284.11
3,10400,Winter,House,3972,7584.76
4,24060,Winter,House,6076,34890.72
8,14500,Summer,Flat,8252,12308.2
5,12390,Winter,House,482,312.79
8,5620,Summer,House,5723,9470.71
2,11500,Summer,Flat,9812,22935.27
1,5020,Summer,House,4791,10412.81
6,10810,Summer,Flat,5855,11793.27
4,12380,Summer,House,1354,2382.37
3,18400,Winter,House,3340,11978.47
6,7080,Summer,Flat,4855,2973.28
2,22460,Summer,House,6061,30040.66
4,20600,Summer,House,7995,45236.13
3,17390,Rainy,Flat,2964,7051.29
2,13730,Winter,House,5922,10002.17
3,10720,Summer,House,1835,3933.84
8,2640,Winter,House,5358,1491.88
3,9450,Winter,Flat,857,647.56
4,9330,Rainy,House,4212,7952.52
8,22140,Winter,Flat,2685,13428.19
6,2800,Rainy,House,5498,2740.53
4,2600,Summer,Flat,2411,1674.67
6,5620,Winter,House,9113,6259.5
1,3495,Rainy,House,6217,6115.89
7,14030,Winter,Flat,3908,9436.53
4,17295,Winter,House,5215,16115.26
1,8130,Winter,House,2461,5342.94
2,830,Summer,House,9299,1288.6
4,5140,Rainy,Flat,428,392.41
3,8610,Rainy,House,679,2053.49
8,10380,Summer,Flat,5452,4538.96
1,7820,Summer,Flat,2021,4276.21
5,10770,Rainy,House,913,770.73
3,21710,Summer,Flat,7754,31328.53
2,9395,Rainy,House,5765,13636.21
1,1840,Rainy,Flat,7227,2981.41
3,4455,Rainy,Flat,8368,4017.93
8,7850,Winter,Flat,9452,7600.05
5,20550,Rainy,House,7766,16942.85
4,19520,Rainy,House,9475,19813.91
7,13370,Rainy,Flat,6421,9246.72
8,23970,Winter,House,1973,10032.42
3,4465,Summer,House,9664,4889.16
8,10795,Rainy,Flat,1598,3853.17
8,10835,Rainy,Flat,3039,6979.6
7,7405,Rainy,Flat,5624,4268.61
3,7590,Summer,Flat,7842,17820.91
5,7620,Winter,House,5118,5853.85
3,20090,Rainy,House,9285,32309.02
3,21640,Winter,House,4823,18140.46
2,11630,Rainy,Flat,1880,4083.87
1,18300,Summer,House,8551,17878.29
6,15340,Rainy,Flat,6530,5461.17
6,30550,Summer,House,8601,70205.48
1,11670,Summer,House,5739,18250.04
1,3570,Winter,Flat,4635,1408.71
4,26215,Winter,Flat,863,1739.59
8,14515,Summer,House,7434,34418.28
7,12120,Rainy,House,4922,12564.55
2,14360,Summer,Flat,3671,7347.54
6,7615,Winter,House,1933,2756.01
6,26110,Summer,Flat,9734,55814.77
4,23840,Winter,Flat,8416,39312.34
5,18650,Rainy,Flat,4770,7318.17
3,22210,Winter,House,7034,37210.34
2,12170,Summer,Flat,2845,9403.13
4,12410,Summer,House,6828,8551.29
8,5910,Winter,Flat,7881,2812.68
2,17450,Rainy,Flat,6365,24666.47
6,6310,Winter,House,6696,12935.19
7,26200,Winter,House,6302,52089.06
4,3500,Rainy,House,800,422.77
8,6110,Summer,Flat,8373,9308.54
8,26200,Winter,House,6314,20278.15
8,18620,Summer,House,8257,62956.77
4,3750,Summer,House,6241,7182.56
8,1385,Rainy,Flat,4874,317.7
8,17545,Winter,Flat,6181,8700.13
6,3090,Winter,House,7737,2350.24
3,14515,Summer,House,8979,28131.21
4,1570,Summer,House,6901,2211.05
6,17790,Winter,House,5646,15206.82
4,7070,Summer,House,6841,6483.99
7,9795,Winter,House,4530,6213.91
4,11760,Winter,House,4527,7292.3
4,1875,Winter,Flat,8350,3520.62
8,7245,Rainy,House,4679,8016.54
1,3090,Summer,House,5890,5521.09
2,18060,Rainy,House,5331,27644.47
4,10250,Winter,Flat,2579,7380.83
1,2390,Summer,Flat,8864,6139.37
7,8125,Rainy,Flat,8222,11031.58
1,11060,Summer,Flat,6657,11441.48
4,16560,Rainy,House,6434,25070.55
4,21280,Summer,House,8690,61993.27
4,13625,Winter,House,9849,14413.01
5,4460,Winter,House,9010,3100.34
4,13900,Rainy,House,9052,44259.1
6,17950,Rainy,House,6009,29582.63
6,29900,Summer,House,2709,20036.9
3,13370,Rainy,House,3529,8935.38
2,3360,Summer,Flat,9970,5901.33
4,5775,Summer,Flat,1152,1382.15
7,10310,Rainy,House,1948,6402.18
1,17780,Winter,Flat,5589,17651.8
4,5350,Winter,House,4357,5319.3
8,16265,Summer,House,1019,4839.08
8,8590,Winter,Flat,6023,6183.23
2,7480,Winter,Flat,8839,5839.09
6,13710,Winter,House,7717,14161.47
8,10725,Summer,Flat,6686,10773.49
8,16270,Winter,House,9305,22960.3
7,5325,Summer,Flat,628,461.62
8,4310,Rainy,Flat,7869,4723.46
2,14255,Rainy,Flat,3529,12935.91
8,9220,Winter,House,9535,23501.83
8,5860,Summer,Flat,2602,5048.6
1,7040,Rainy,Flat,5698,5451.24
3,5490,Summer,Flat,426,304.43
7,715,Rainy,House,5502,751.76
1,3325,Summer,House,3539,1069.61
8,6575,Summer,House,6784,18789.8
4,27680,Winter,House,4125,18923.42
3,16950,Summer,Flat,8027,34138.05
7,8195,Winter,House,5028,6037.87
2,3630,Summer,Flat,5490,6209.04
8,17800,Rainy,Flat,1472,6905.04
1,1920,Summer,House,5894,1561.83
5,16075,Winter,House,9291,29941.66
8,8200,Rainy,Flat,455,971.27
2,6540,Winter,House,469,750.3
2,1855,Winter,Flat,6364,1359.35
4,12110,Rainy,Flat,7702,8578.88
8,1710,Summer,Flat,3682,1332.43
4,18700,Winter,House,8801,23813.37
6,22260,Summer,Flat,6273,34589.07
4,7120,Rainy,Flat,5601,8072.97
2,13545,Summer,Flat,9426,34650.57
7,10830,Summer,House,9032,9246.72
6,10440,Winter,House,6856,7113.82
8,10200,Winter,Flat,5011,4867.22
3,13000,Rainy,House,717,1095.53
4,21250,Summer,Flat,3920,14240.4
6,12110,Rainy,Flat,6632,11087.1
1,6820,Summer,Flat,9782,15315.53
7,12640,Rainy,House,1967,6251.95
4,21170,Summer,House,2383,13675.79
2,1350,Winter,House,1394,462.49
6,11500,Winter,Flat,2117,3633.56
2,6700,Winter,House,7718,11558.56
5,2850,Summer,House,5592,6592.57
3,8770,Winter,House,7936,18767.98
3,7575,Rainy,Flat,1243,695.6
6,8165,Summer,Flat,8063,23627.22
8,10240,Summer,House,4802,18113.18
7,4365,Rainy,Flat,7470,6164.11
1,1930,Summer,Flat,7586,3369.65
6,3860,Rainy,House,6796,2926.35
3,7420,Rainy,Flat,8813,5942.08
7,13490,Winter,Flat,9653,21662.93
4,3390,Summer,House,3702,5010.22
4,16555,Summer,House,7282,40963.08
4,11805,Rainy,Flat,2116,5226.43
1,27590,Rainy,House,4973,31324.99
6,10360,Winter,Flat,2191,1843.79
2,3575,Winter,House,492,590.12
1,12850,Rainy,House,2195,3977.38
2,13300,Summer,Flat,6202,15712.47
3,11620,Winter,House,2657,7501.35
5,9545,Rainy,House,4701,20238.3
3,9480,Rainy,House,6860,11989.35
8,16410,Winter,House,7977,28624.25
4,27540,Rainy,House,5491,31119.7
6,10110,Summer,House,5009,18606.9
3,3500,Rainy,House,1737,629.17
1,9540,Rainy,Flat,4444,5720.08
4,20355,Summer,Flat,1478,5420.42
1,16095,Rainy,House,2499,6631.07
4,9675,Summer,Flat,3808,5628.17
7,12145,Summer,Flat,1077,1496.85
6,10810,Summer,Flat,4909,6420.99
6,15310,Rainy,House,777,2296.43
6,22090,Summer,House,9423,25778.45
7,18500,Summer,Flat,785,2967.72
8,11420,Winter,Flat,6907,12635.33
3,15250,Rainy,Flat,4697,13659.22
3,16605,Rainy,Flat,5121,6704.09
4,6500,Winter,House,5500,5188.94
7,3210,Summer,House,2382,3485.94
2,4280,Rainy,House,8592,9136.15
8,2890,Summer,House,8490,7970.39
1,20175,Winter,House,4998,7321.9
8,23045,Winter,House,6394,43342.0
3,25110,Rainy,House,7704,35088.55
6,7750,Rainy,Flat,7574,9131.05
4,2825,Summer,Flat,4087,1126.49
1,14855,Winter,House,889,1844.52
6,7765,Winter,Flat,1542,1180.18
4,15060,Summer,Flat,5228,20021.23
2,5850,Winter,House,7983,11840.34
5,1840,Summer,House,7468,4003.64
3,7820,Summer,House,5398,6443.98
3,23080,Winter,Flat,4461,9413.25
1,11395,Winter,House,1581,3434.82
4,17870,Summer,Flat,4340,25786.73
3,6255,Winter,Flat,7816,6379.47
6,21770,Summer,Flat,905,3985.49
2,11130,Rainy,Flat,762,1449.06
6,245,Rainy,House,9670,1033.11
2,13970,Winter,Flat,9868,17989.56
4,6330,Summer,Flat,1539,793.84
1,4930,Rainy,House,2432,4287.27
7,4440,Summer,Flat,4452,2473.09
1,9090,Winter,Flat,6946,11916.89
7,19000,Summer,House,2224,7993.77
6,9140,Rainy,Flat,3157,4913.88
2,24280,Winter,Flat,7169,29185.28
8,25220,Rainy,House,3188,17769.35
1,6210,Winter,House,5311,3090.8
4,16810,Winter,Flat,6789,13764.78
4,11000,Winter,Flat,4268,8612.54
8,10385,Rainy,House,6384,10767.6
8,18620,Winter,House,848,3194.03
5,5275,Winter,House,2519,1906.81
1,3555,Summer,House,7296,3637.59
8,5420,Summer,Flat,9978,7991.44
6,3350,Summer,House,9332,9598.49
7,14480,Winter,Flat,2184,3197.41
8,14695,Rainy,House,8315,37770.74
8,4270,Rainy,House,1179,1321.53
2,10000,Winter,House,8840,20260.5
1,8940,Summer,Flat,5612,6253.75
8,10035,Summer,Flat,5369,6014.14
6,715,Rainy,Flat,5685,399.19
1,15080,Summer,House,2155,9745.84
2,3010,Rainy,House,8888,3051.77
4,6530,Winter,Flat,4287,4699.1
4,26940,Winter,House,4631,21927.7
5,4200,Winter,Flat,1938,539.13
3,7240,Rainy,Flat,9831,13219.35
6,12390,Rainy,Flat,3457,6736.73
4,21690,Rainy,Flat,1264,5015.6
6,9070,Winter,Flat,3448,5646.83
6,12760,Winter,House,2013,7146.34
1,13740,Winter,House,8906,13811.03
7,26420,Summer,Flat,3199,9205.09
7,1380,Winter,Flat,7284,772.87
2,6070,Rainy,House,8906,9327.94
3,7275,Rainy,Flat,6985,3004.55
2,12180,Rainy,Flat,7981,17841.73
3,7440,Rainy,Flat,6777,4827.54
3,7400,Winter,Flat,7340,2709.43
5,8200,Winter,House,2871,4084.01
6,5500,Rainy,House,8318,8103.11
8,13600,Summer,Flat,3524,11641.79
7,17270,Winter,House,9402,41178.36
1,11850,Rainy,House,9102,24603.95
1,24580,Summer,House,7233,45631.82
5,270,Rainy,House,6843,409.0
7,13080,Summer,House,2169,6316.77
6,16960,Winter,House,792,1155.58
8,26620,Rainy,Flat,2049,6844.23
1,3320,Rainy,House,1187,549.53
2,3110,Winter,Flat,2010,1239.51
5,4075,Winter,Flat,3638,1648.21
1,13060,Winter,Flat,3725,4512.14
6,8065,Winter,House,1241,1811.33
3,6420,Summer,House,2947,5871.11
5,23970,Summer,House,9569,63696.44
6,18750,Winter,House,8833,26857.63
6,14070,Rainy,House,6301,15881.12
6,7890,Winter,Flat,7501,8169.58
3,925,Winter,House,7899,1803.56
3,5030,Summer,House,2819,1333.64
4,8855,Summer,Flat,6638,10158.77
3,6740,Summer,Flat,4304,7371.62
4,1940,Summer,House,787,418.84
6,11945,Summer,Flat,8266,16488.38
8,8740,Summer,Flat,7715,29028.14
1,2770,Winter,House,4906,2710.13
6,22580,Winter,House,5094,25194.31
4,9615,Rainy,House,3838,7156.52
7,8600,Rainy,Flat,9456,4058.29
7,18180,Winter,Flat,3918,12974.19
7,5800,Winter,House,5979,4859.64
6,9390,Rainy,House,3038,5010.41
3,10310,Winter,Flat,9280,4575.06
7,9720,Winter,Flat,6487,9146.95
1,2555,Winter,House,2926,687.7
1,8820,Rainy,House,6357,4806.44
7,4310,Summer,House,5356,9622.07
5,17415,Winter,House,7195,20994.97
1,28780,Winter,House,8185,47853.05
6,13040,Rainy,House,1989,5433.38
6,19770,Rainy,Flat,5127,20115.36
2,5660,Winter,Flat,2256,1016.87
3,11360,Winter,House,9602,30538.63
2,8340,Rainy,House,1617,4119.72
7,10470,Winter,Flat,4611,5866.44
5,7800,Summer,House,901,1273.59
2,4970,Winter,House,6491,4602.36
6,20360,Rainy,Flat,8286,38866.34
3,6950,Winter,Flat,9510,9519.09
8,14700,Winter,Flat,5147,12380.9
7,8450,Rainy,House,8018,12207.36
7,7310,Winter,House,7088,20641.99
2,16450,Summer,House,5264,12470.63
8,20550,Winter,House,3577,5706.97
3,26675,Winter,Flat,9872,42234.29
4,20405,Rainy,House,9184,63624.93
8,12485,Rainy,Flat,3110,6097.89
7,14435,Winter,House,4701,13733.9
1,8795,Summer,Flat,2376,3299.08
4,8925,Rainy,Flat,3049,5468.93
4,15090,Rainy,House,7051,32690.22
7,26020,Summer,Flat,8619,35180.98
4,3360,Winter,Flat,4309,1752.9
3,4300,Rainy,Flat,3783,2919.68
2,4530,Winter,Flat,6443,2950.31
3,7980,Summer,House,6498,5912.62
8,1020,Summer,Flat,6083,2066.23
3,11015,Rainy,House,6570,11963.16
7,19570,Winter,House,5918,21722.88
3,27810,Rainy,Flat,3320,18461.3
5,9600,Rainy,House,7129,9810.45
2,6755,Rainy,Flat,6642,7976.99
8,6015,Summer,Flat,5150,6744.98
8,14765,Summer,House,8900,42568.58
3,25500,Summer,House,7330,63649.32
5,16430,Summer,House,1437,9225.03
1,22800,Rainy,Flat,989,4875.0
2,5375,Summer,Flat,9486,6561.6
5,8620,Winter,House,6867,11206.54
8,4370,Rainy,Flat,1684,1310.12
2,18790,Winter,House,6263,39734.48
8,21090,Rainy,Flat,461,1577.41
5,14400,Summer,Flat,2322,7265.91
8,6750,Rainy,Flat,9566,8410.8
8,15510,Summer,House,3987,16079.89
1,4615,Summer,House,1862,1512.21
5,4520,Summer,House,2533,2638.82
5,21325,Summer,Flat,3945,8252.44
1,9500,Summer,House,9498,5676.96
2,16840,Winter,Flat,3465,12689.69
4,11310,Rainy,House,9031,19887.73
3,5030,Rainy,House,7903,8775.46
5,1430,Winter,House,4079,1163.64
7,2875,Summer,Flat,6574,2257.26
6,7035,Rainy,House,8370,23973.41
8,22600,Rainy,House,4249,17052.11
5,5850,Rainy,House,1463,1007.61
3,8740,Winter,Flat,6651,6642.98
6,11810,Winter,Flat,9013,15515.38
3,13140,Rainy,House,903,898.49
6,9495,Rainy,House,8359,13522.96
3,6590,Rainy,Flat,6656,9295.77
3,12805,Winter,House,7317,15649.28
2,1180,Summer,Flat,1381,97.0
4,13350,Winter,Flat,5042,12193.62
7,11820,Winter,Flat,5319,9828.61
2,24210,Rainy,House,5753,31561.22
7,3045,Summer,House,479,353.32
3,11105,Winter,Flat,541,764.8
1,4670,Winter,Flat,6296,3393.73
5,8900,Summer,House,1369,2749.76
5,8980,Summer,House,7451,18645.84
4,11840,Rainy,House,1860,5893.4
6,18860,Summer,Flat,799,3260.94
6,10000,Rainy,Flat,997,2131.41
3,7280,Rainy,Flat,9113,10250.7
8,15365,Rainy,Flat,2726,7939.68
3,24775,Winter,House,8352,50092.87
4,15830,Winter,Flat,5511,16372.67
8,28260,Summer,Flat,3462,27325.23
5,21530,Summer,Flat,5290,9320.92
7,795,Summer,House,9072,2046.9
1,5015,Summer,House,474,719.92
7,10400,Winter,House,7609,13039.42
5,29095,Summer,Flat,7168,14726.96
7,4185,Winter,Flat,601,674.5
2,5710,Winter,House,5813,2269.51
7,8360,Summer,House,3410,9383.53
4,1800,Winter,House,2398,463.81
1,12010,Winter,Flat,1099,1293.19
8,7780,Summer,House,7187,11824.91
5,11300,Summer,House,7651,11931.85
6,10150,Summer,House,564,1078.55
1,19720,Summer,Flat,1700,6460.34
7,6670,Rainy,Flat,1820,1809.42
7,25565,Rainy,House,4898,38364.17
6,20835,Winter,House,5714,29524.97
5,2660,Rainy,Flat,4010,1086.37
2,7240,Summer,Flat,9610,21768.82
5,7300,Winter,Flat,2898,1951.39
5,1375,Winter,Flat,1556,276.11
5,12590,Summer,House,698,3482.81
7,12250,Rainy,House,4008,14416.9
5,15610,Winter,House,5132,19782.43
3,24240,Winter,Flat,6421,27704.22
8,18315,Winter,House,9817,31869.5
6,3480,Summer,House,9786,10786.78
6,16920,Summer,Flat,8140,38182.23
5,6150,Rainy,House,7401,3854.82
3,23995,Rainy,Flat,6949,35583.71
4,9700,Winter,House,8146,11172.88
7,11855,Summer,Flat,3131,10671.21
7,5175,Summer,Flat,1356,840.51
7,3515,Rainy,Flat,5540,2117.63
7,21750,Rainy,Flat,8310,26408.29
5,8530,Rainy,Flat,8506,10753.07
5,5690,Summer,Flat,5199,8219.86
8,6415,Rainy,Flat,1848,1777.7
6,14380,Winter,House,7148,20479.16
5,8985,Rainy,House,3232,5296.32
5,15200,Rainy,Flat,8011,7684.49
2,15340,Winter,Flat,875,2037.96
1,8960,Rainy,House,6107,17051.16
3,3950,Rainy,House,8475,11848.81
4,8415,Summer,Flat,1719,1690.8
7,8685,Summer,House,2143,1825.1
5,9520,Summer,Flat,1089,1416.34
5,18590,Winter,Flat,2740,9264.41
3,15370,Winter,House,6846,15059.07
4,12600,Rainy,Flat,8956,22206.64
7,7280,Summer,House,6284,17770.82
6,8770,Rainy,Flat,3968,5004.24
8,17910,Winter,House,1056,3319.47
8,9030,Rainy,Flat,9925,18240.13
1,4400,Winter,Flat,8825,6441.5
2,14150,Summer,Flat,6341,26123.39
7,13160,Summer,House,9731,60506.31
4,13070,Rainy,Flat,7613,7810.96
1,3500,Rainy,Flat,4325,2350.26
4,6150,Winter,House,5504,7805.21
7,19165,Rainy,House,4808,20473.98
4,13190,Winter,House,2850,4324.22
7,31675,Summer,House,6193,77257.22
4,5490,Summer,Flat,7549,14531.82
1,6200,Rainy,Flat,5806,4199.12
3,14990,Rainy,Flat,8389,24394.69
7,4070,Rainy,Flat,916,987.97
2,16770,Rainy,House,5141,12706.41
2,10460,Rainy,Flat,8585,10038.62
3,31360,Rainy,Flat,2358,8594.94
5,22130,Rainy,Flat,5385,23392.81
1,8375,Summer,House,9902,11773.34
4,10590,Rainy,House,3291,4998.0
2,6750,Summer,Flat,5616,10616.57
1,6090,Rainy,House,610,725.72
5,14075,Rainy,House,2876,11871.09
4,26000,Rainy,House,8294,49271.81
1,18700,Rainy,House,623,1598.96
2,4785,Summer,Flat,2077,483.32
3,13980,Summer,House,1395,4407.55
2,1815,Summer,House,650,97.85
8,7745,Winter,House,3559,5268.18
5,5400,Winter,House,3310,4417.62
1,5780,Winter,Flat,1675,1543.29
6,9105,Rainy,House,3811,4397.6
5,25340,Winter,Flat,3668,10588.42
8,19135,Summer,House,2508,15672.3
7,8445,Rainy,House,6962,11174.63
4,8740,Rainy,Flat,2872,3506.06
8,15060,Winter,Flat,770,1588.36
8,26015,Summer,House,4541,29373.45
4,6240,Summer,Flat,8666,12048.89
7,3420,Summer,Flat,7589,5414.66
1,12310,Winter,House,7799,15885.54
8,5685,Rainy,Flat,5531,8646.41
8,8190,Summer,House,6116,16104.8
8,24805,Winter,Flat,7155,17734.23
2,14370,Winter,House,2403,6071.94
4,4720,Winter,Flat,6448,3596.21
7,4035,Rainy,House,3445,3026.96
1,14210,Rainy,House,6905,15607.67
5,14330,Winter,Flat,5744,5895.11
1,6595,Rainy,House,1174,412.99
6,10305,Rainy,House,8564,13620.46
5,13240,Rainy,House,7135,10165.56
8,1740,Summer,House,4169,2076.54
7,680,Winter,Flat,9794,604.74
5,20810,Winter,House,6544,30139.77
5,18815,Summer,House,8023,28167.43
5,12015,Winter,Flat,2789,5320.65
4,18030,Rainy,Flat,6618,19800.42
3,9930,Summer,Flat,4748,9611.61
5,2360,Winter,House,4158,3011.02
3,26170,Rainy,House,1946,12538.9
1,2995,Winter,Flat,538,130.68
2,7710,Winter,Flat,8340,17081.75
4,1170,Rainy,House,448,95.24
5,8690,Summer,House,5709,16009.95
4,5675,Winter,House,4473,5524.85
4,8930,Winter,Flat,7140,6315.6
3,4355,Rainy,Flat,851,381.64
1,17350,Winter,Flat,2233,8036.52
1,13770,Rainy,Flat,2138,8105.54
7,14120,Rainy,Flat,8209,21896.44
4,17915,Summer,Flat,1862,4259.49
3,9140,Summer,Flat,9702,22644.31
4,5900,Summer,Flat,5593,3123.95
6,4640,Rainy,House,8704,13661.69
8,15540,Winter,House,2385,4850.59
6,5120,Summer,Flat,8497,6093.53
1,17505,Rainy,Flat,6162,16642.49
2,16120,Winter,Flat,8002,14020.82
1,9310,Summer,House,6133,20188.39
1,3460,Winter,Flat,4221,1202.52
8,13820,Rainy,Flat,8595,12748.21
1,8090,Winter,House,4237,3813.84
3,20760,Winter,House,984,2126.99
8,6980,Summer,Flat,9227,22588.78
5,9320,Winter,Flat,1203,884.4
4,3165,Summer,House,9071,10835.14
2,10915,Summer,Flat,9923,11212.54
6,4630,Rainy,House,8957,9048.45
4,4630,Summer,House,5055,2312.57
5,12280,Rainy,Flat,8257,8659.76
6,35980,Summer,Flat,9094,53740.67
3,12350,Summer,House,8661,42825.91
7,17000,Rainy,Flat,2251,5235.12
4,10640,Winter,Flat,405,566.71
1,6645,Winter,Flat,7959,6214.22
5,4610,Rainy,Flat,5490,1929.05
4,3510,Winter,House,1226,1459.45
8,5970,Winter,Flat,3073,3072.92
5,11360,Summer,House,3644,10210.86
1,11460,Winter,House,661,1235.08
7,1530,Summer,Flat,8980,2430.47
3,7440,Rainy,Flat,2976,5147.89
4,3030,Winter,Flat,4980,1963.56
5,3390,Rainy,Flat,6469,3905.7
7,10850,Rainy,House,8084,18710.38
4,26040,Summer,Flat,6060,45237.48
7,7865,Rainy,House,4741,10831.86
8,4300,Winter,House,2132,3756.08
1,12130,Rainy,House,8640,17199.49
5,13545,Winter,Flat,2434,4638.08
5,4830,Summer,Flat,3238,3277.05
8,27000,Summer,Flat,952,3948.92
8,15320,Winter,Flat,7122,11041.68
5,25330,Summer,House,2150,11161.39
2,24045,Winter,House,2929,15749.14
7,17000,Rainy,House,5013,22496.18
4,10590,Rainy,House,995,2309.91
1,18680,Summer,Flat,7586,33873.3
5,7500,Rainy,Flat,4325,5318.42
6,10340,Summer,Flat,4044,8440.42
8,8280,Winter,Flat,6952,9456.05
2,17000,Rainy,Flat,5735,22281.58
5,11815,Winter,Flat,627,1168.23
4,7005,Summer,Flat,7065,10793.93
1,20645,Summer,House,4177,26184.94
5,11830,Winter,House,8229,10442.94
2,10090,Summer,Flat,3653,6501.97
1,6360,Rainy,House,2799,5299.73
8,10860,Summer,Flat,1077,1922.77
3,8200,Winter,House,5231,7079.34
8,23945,Rainy,Flat,9135,34591.54
1,11825,Winter,House,5161,9012.88
4,7010,Rainy,Flat,3163,2804.78
8,14690,Rainy,Flat,3532,13819.46
2,5960,Summer,House,1494,3783.3
1,15005,Summer,Flat,3254,7718.68
1,16860,Summer,House,6416,29037.98
6,2020,Rainy,House,8723,3048.42
1,3500,Summer,House,8113,11190.66
5,4160,Summer,House,7572,10401.91
7,17550,Summer,House,8549,25361.94
1,4130,Rainy,Flat,4372,4290.66
6,5565,Summer,Flat,7285,7264.85
7,13200,Summer,Flat,8477,11861.38
7,5410,Rainy,Flat,3166,3071.85
8,15100,Summer,House,7073,25066.68
2,24950,Winter,Flat,9424,34622.45
1,11240,Rainy,House,9541,26582.6
5,9260,Winter,Flat,8557,7634.02
3,4080,Winter,House,9142,3724.7
4,15650,Rainy,House,7159,11315.58
1,1170,Summer,Flat,7604,1767.45
8,3075,Summer,House,7186,8112.84
4,2960,Summer,Flat,6203,2526.59
1,24760,Summer,House,7683,53430.27
2,17140,Summer,House,4101,21146.41
5,24220,Winter,Flat,6968,10515.04
2,4935,Winter,Flat,6641,882.98
2,8200,Summer,Flat,1334,2040.5
2,17185,Summer,Flat,9691,26760.51
7,14045,Winter,House,9199,20221.71
1,12345,Winter,Flat,3936,5508.18
3,25460,Summer,House,6386,65471.53
8,2795,Rainy,House,7804,3250.26
6,1600,Rainy,Flat,2538,562.95
7,9560,Summer,Flat,8362,23887.42
3,15250,Summer,Flat,8714,31024.5
1,5795,Rainy,House,5124,3156.03
4,15750,Summer,House,6216,36159.89
3,24150,Summer,Flat,4442,24761.23
6,5210,Rainy,House,2493,4054.26
3,10605,Winter,House,8502,15817.84
6,12660,Summer,Flat,3369,13521.7
2,19165,Rainy,House,4552,15648.78
6,11215,Rainy,Flat,9716,18171.74
4,5100,Winter,Flat,3090,2421.92
7,17080,Winter,Flat,5048,5194.67
4,4660,Summer,House,3639,3032.78
7,1790,Summer,House,7671,2418.77
3,3390,Winter,House,4386,1677.02
7,17545,Rainy,Flat,8902,17278.14
1,15360,Summer,Flat,1174,3611.64
6,16620,Rainy,House,1056,8341.0
8,17990,Summer,House,6054,41507.63
6,645,Rainy,House,2549,446.34
4,9980,Winter,Flat,6494,12828.36
4,17420,Summer,House,4973,11927.61
4,10770,Winter,House,4888,3187.77
7,1405,Winter,Flat,4780,1321.41
3,13050,Summer,Flat,5491,9789.55
3,16560,Summer,House,3979,12887.49
6,24500,Winter,House,4430,15029.11
2,8890,Rainy,House,6992,15005.69
2,9015,Summer,House,8583,25269.0
4,17160,Rainy,Flat,808,3291.69
5,15990,Rainy,House,1582,3797.54
8,17620,Summer,House,3458,9829.19
6,11890,Winter,Flat,766,674.21
2,5380,Rainy,Flat,6480,1922.1
6,6360,Rainy,House,9099,19912.42
5,20140,Rainy,House,7498,40774.3
5,11710,Rainy,Flat,3920,1944.34
3,7785,Rainy,Flat,7973,7935.71
3,14520,Summer,Flat,3945,9772.91
7,14750,Rainy,Flat,595,2587.71
7,33060,Rainy,House,983,4256.3
5,7345,Rainy,House,3781,7949.12
4,11270,Winter,House,8675,13390.93
2,10700,Summer,House,5763,5285.57
2,2780,Winter,Flat,6829,2747.08
8,17280,Winter,Flat,1970,1307.9
7,6505,Summer,House,2579,2964.53
6,12270,Summer,House,4589,10147.5
6,6735,Winter,Flat,1884,1380.88
6,18875,Winter,Flat,4660,9382.13
2,9665,Rainy,House,2409,2917.67
1,3680,Winter,Flat,1892,1395.4
2,19010,Winter,Flat,7757,26000.28
3,8980,Winter,House,3159,5350.9
8,8780,Winter,House,5525,6531.15
5,14280,Winter,Flat,1558,3453.37
5,9885,Winter,Flat,8812,8847.24
5,10100,Rainy,Flat,7278,9790.47
6,25400,Winter,House,6852,27431.97
5,7730,Winter,House,3508,4206.84
6,5840,Summer,House,8226,10901.84
6,12905,Summer,House,1832,3332.04
8,8010,Winter,House,7597,15244.39
1,6605,Rainy,Flat,1732,2398.44
7,12660,Rainy,House,2964,10893.27
6,23710,Rainy,House,7523,53916.28
7,8860,Rainy,Flat,7424,7034.92
3,4780,Summer,Flat,2581,2830.1
5,7775,Rainy,Flat,8111,12142.2
3,10900,Winter,House,2405,4922.24
7,10365,Rainy,Flat,5669,11702.94
1,9270,Winter,Flat,1299,1182.98
2,6530,Rainy,Flat,2965,1667.28
5,20710,Rainy,Flat,6967,30992.66
8,9860,Winter,House,2450,4587.4
7,10720,Summer,House,3550,10020.1
1,11280,Rainy,Flat,8014,13915.87
1,4480,Rainy,Flat,9463,13799.05
5,16760,Winter,Flat,7936,20215.67
6,8760,Summer,House,4708,12676.79
8,2720,Summer,Flat,2535,758.7
2,15160,Rainy,House,6698,25016.01
1,3080,Winter,Flat,4468,1537.92
1,13000,Rainy,House,1219,860.31
4,5430,Rainy,House,4507,5156.69
6,5340,Summer,Flat,1832,2521.68
5,24095,Summer,House,1554,5660.79
6,6925,Rainy,Flat,3472,3658.82
1,18060,Winter,Flat,6995,15709.54
5,1910,Winter,Flat,7596,2563.58
3,8620,Rainy,House,6795,13873.32
5,6610,Winter,House,2231,2578.57
6,10290,Winter,Flat,5144,11792.59
6,9675,Winter,Flat,819,1143.51
6,5990,Rainy,Flat,7745,5088.78
7,10750,Summer,House,1738,4632.68
2,22200,Rainy,Flat,3617,10939.99
3,26470,Winter,Flat,3057,12148.36
7,11300,Summer,Flat,6047,12904.01
6,6860,Summer,Flat,6484,11983.11
6,5405,Winter,Flat,3898,3205.5
6,6305,Rainy,Flat,5399,5379.43
3,28820,Summer,Flat,1480,11040.47
4,7985,Rainy,Flat,5638,8028.5
8,8540,Summer,Flat,8775,11500.94
8,14315,Summer,Flat,2782,2934.66
7,7060,Winter,House,1847,3563.77
2,11830,Winter,Flat,819,1152.1
2,2890,Rainy,House,9506,5740.91
6,6905,Summer,House,3172,6537.66
8,7000,Rainy,House,5519,5971.73
1,2605,Rainy,Flat,1658,381.28
8,14705,Rainy,House,9006,35679.88
4,5570,Rainy,House,6564,11304.49
3,10855,Summer,Flat,4816,11560.11
1,10400,Summer,House,2779,11198.98
2,10240,Rainy,House,2690,6360.71
3,6270,Winter,Flat,6925,6171.91
8,2120,Winter,House,6824,1874.88
1,19885,Rainy,Flat,8020,11662.57
5,10190,Rainy,House,7652,19115.68
5,3430,Rainy,Flat,8937,5315.48
4,15200,Summer,Flat,2533,12606.54
3,3580,Winter,Flat,2633,1153.66
6,13780,Summer,Flat,8003,22077.58
3,8500,Winter,House,6743,14017.39
5,7245,Winter,House,2743,2006.02
8,14420,Winter,Flat,3510,8429.2
3,495,Winter,House,8311,850.98
1,3030,Rainy,House,4383,2820.59
4,13150,Rainy,House,6573,17161.66
6,28360,Winter,House,9588,40045.4
6,9840,Rainy,House,7810,22816.59
6,11740,Winter,Flat,2781,5704.58
1,9490,Winter,Flat,9076,4029.06
4,9260,Winter,Flat,1041,1968.62
7,7090,Winter,House,3413,5199.83
8,13380,Summer,Flat,7725,28730.46
4,7930,Summer,Flat,9995,10241.8
3,4480,Summer,House,9093,11760.74
8,16190,Summer,House,2649,14535.09
3,5840,Rainy,House,6305,8259.19
3,15900,Rainy,House,9341,40526.79
5,23470,Winter,House,6711,26799.91
4,12300,Rainy,Flat,8357,21619.37
5,9165,Summer,House,7027,5296.34
8,13935,Rainy,Flat,1581,3454.91
6,15700,Summer,House,8709,24641.66
1,5790,Winter,Flat,1088,422.0
2,11900,Winter,House,8771,19269.46
4,910,Winter,Flat,6952,225.16
1,10610,Winter,House,2485,6352.95
4,5360,Summer,House,8123,8731.16
2,12500,Winter,Flat,4079,5186.65
7,11840,Winter,Flat,2449,4262.97
5,12240,Summer,Flat,7864,21021.1
4,14080,Rainy,Flat,6844,30246.0
6,5825,Rainy,Flat,5681,7384.45
6,6935,Summer,House,5516,4280.28
1,8940,Winter,Flat,8811,18385.18
6,24700,Winter,Flat,3386,7620.67
7,10365,Winter,Flat,3412,2987.99
8,10490,Winter,Flat,1286,3111.72
3,15770,Rainy,House,1096,1792.92
4,12825,Summer,House,2821,10102.96
1,6640,Winter,Flat,8471,6104.76
4,14640,Summer,Flat,6913,12899.62
4,5880,Rainy,Flat,1156,2029.43
5,25430,Summer,House,4982,32978.09
7,6045,Winter,Flat,2719,2866.13
8,3370,Summer,House,9374,7488.54
6,18140,Summer,House,5080,20556.97
7,7970,Rainy,House,5718,13022.15
3,18975,Winter,House,5452,17822.29
3,11860,Summer,House,2613,7948.98
2,22440,Winter,Flat,983,4872.35
8,3430,Summer,House,7884,12499.3
3,19360,Winter,Flat,7384,23555.65
5,4230,Rainy,Flat,8438,4336.8
5,5090,Winter,Flat,7715,4111.8
6,6500,Rainy,House,911,1275.93
2,2500,Summer,House,7237,4652.1
1,9390,Rainy,House,8095,20021.63
4,11360,Winter,House,4127,11704.19
7,7925,Summer,Flat,6411,13622.77
2,6305,Rainy,House,3595,4040.46
2,14700,Winter,House,6825,20256.24
1,12890,Winter,Flat,5467,13893.53
7,760,Rainy,House,5453,803.83
5,8950,Rainy,House,7396,17903.97
8,7500,Winter,Flat,3770,3197.7
6,7890,Winter,House,5007,5930.62
2,22090,Summer,Flat,4994,26862.73
8,3090,Summer,Flat,7288,4425.54
5,18825,Summer,House,8003,52795.49
8,4080,Summer,Flat,8756,5833.02
6,15975,Summer,Flat,575,1159.25
5,16250,Summer,Flat,3071,5551.07
3,16480,Rainy,House,4624,14430.07
5,20180,Rainy,Flat,8800,27539.56
1,6815,Winter,Flat,1121,995.16
3,4165,Rainy,House,3048,3328.32
8,9750,Summer,Flat,5121,12807.06
7,19750,Winter,Flat,9326,22754.42
3,17250,Summer,House,969,7148.78
1,15600,Rainy,House,9567,30168.97
6,5100,Rainy,House,6107,6278.24
6,4470,Summer,Flat,7482,11904.97
4,4575,Summer,House,3770,6812.4
7,6210,Winter,Flat,2401,2500.99
6,2825,Winter,Flat,9230,5356.29
1,11820,Summer,Flat,2165,4300.06
1,5220,Rainy,Flat,8880,1607.21
8,19850,Winter,Flat,9063,31118.51
8,5100,Winter,House,7660,7203.59
7,17100,Summer,Flat,2027,8735.37
4,6980,Winter,Flat,5288,7802.13
1,9940,Winter,Flat,1905,2601.87
3,6360,Winter,Flat,707,519.97
3,2255,Rainy,Flat,7136,4125.73
3,10245,Summer,House,6140,20086.48
1,24500,Rainy,Flat,3180,12808.75
7,18940,Rainy,Flat,9808,25151.87
4,42700,Rainy,House,1084,11089.87
3,11075,Rainy,House,8581,31558.38
8,17745,Summer,House,5412,23160.26
7,4670,Winter,House,1725,1757.56
3,13480,Summer,House,4887,17051.29
5,18840,Rainy,House,5755,27719.9
4,27105,Winter,House,8674,39894.94
3,14900,Winter,House,7410,25799.12
1,510,Winter,Flat,9679,608.63
2,2500,Summer,House,6595,5400.32
3,1315,Winter,Flat,1206,279.27
4,7750,Summer,Flat,2069,2218.0
3,4545,Rainy,House,4066,5964.1
2,2580,Rainy,Flat,2905,1604.11
1,25355,Summer,Flat,807,6618.18
1,22725,Rainy,House,7662,37846.46
2,21300,Winter,House,5929,18758.8
7,15900,Winter,House,8727,47316.4
5,6980,Rainy,House,9496,25097.07
6,10890,Summer,Flat,9933,12224.12
1,7990,Summer,House,9817,9598.94
1,590,Winter,House,6885,571.21
7,485,Winter,Flat,1023,70.22
6,19600,Rainy,House,1457,6351.79
7,2730,Winter,House,1866,1050.4
6,2710,Rainy,Flat,9586,3803.19
4,6750,Winter,Flat,5960,5387.99
1,3025,Rainy,House,8628,6118.59
3,9100,Rainy,Flat,5703,11558.75
7,15210,Winter,Flat,7744,19179.85
6,7530,Rainy,House,2824,5166.76
4,2970,Summer,Flat,1245,579.37
7,7200,Summer,House,4895,10349.43
4,29300,Rainy,Flat,8181,40388.74
6,15950,Winter,Flat,3997,10089.41
4,6990,Summer,Flat,4655,10475.08
8,9905,Rainy,Flat,3190,6029.39
4,18680,Rainy,House,8813,33709.37
4,8950,Rainy,Flat,1262,2818.9
2,38400,Winter,House,9267,76951.88
3,4140,Summer,Flat,4941,2010.14
4,11040,Summer,House,6741,15704.85
8,24180,Rainy,Flat,6362,23530.85
6,24185,Winter,House,5980,23090.78
6,31920,Winter,House,6814,50049.51
7,18840,Rainy,Flat,6411,24336.31
4,4920,Winter,Flat,4288,5137.3
6,12480,Summer,Flat,6484,14203.38
4,5200,Summer,Flat,4277,2228.95
1,10340,Rainy,House,5640,8688.63
2,3000,Summer,House,9605,6717.58
5,14320,Summer,House,4773,14380.25
2,12120,Summer,House,5884,29724.29
4,9220,Winter,Flat,928,856.07
2,3740,Rainy,House,6973,1612.32
7,19240,Summer,House,5630,28506.6
4,3120,Summer,House,3749,2899.72
2,7070,Summer,Flat,6870,4948.64
4,2255,Winter,Flat,7905,4498.72
6,10875,Winter,House,7537,22187.08
8,20590,Winter,Flat,2145,4348.19
1,6385,Winter,House,3749,2728.49
7,8495,Summer,House,9830,18012.2
3,16585,Rainy,Flat,9740,42436.42
5,12980,Rainy,House,9662,29285.09
4,8800,Winter,Flat,4291,6973.84
6,5045,Winter,Flat,9347,2543.64
6,8500,Rainy,House,7845,14388.27
5,8975,Summer,House,9354,41988.65
2,890,Rainy,Flat,9608,1151.74
8,15710,Winter,Flat,4001,5004.08
6,5380,Winter,House,6567,5286.03
6,21240,Summer,Flat,854,1405.85
8,16240,Winter,House,9518,32641.83
2,4300,Winter,Flat,6373,3817.08
4,20005,Winter,Flat,9884,14007.49
6,13675,Summer,Flat,2488,3754.28
6,9505,Winter,Flat,1287,1305.05
2,7810,Rainy,House,7890,11467.84
6,7030,Rainy,Flat,2033,1975.72
6,15070,Winter,Flat,7225,21792.7
6,9450,Rainy,House,1618,2032.7
4,12500,Winter,House,889,1439.26
5,15200,Winter,Flat,1979,5254.29
3,8705,Summer,Flat,3078,3137.22
6,17360,Winter,Flat,2396,4784.86
2,4075,Winter,Flat,593,332.01
5,12260,Winter,House,8867,20696.52
4,5595,Winter,Flat,2948,1490.51
4,4630,Summer,Flat,8107,5013.61
2,14980,Summer,House,1171,3822.37
1,6840,Rainy,House,8982,13020.05
2,10800,Rainy,House,9151,8483.91
4,5800,Winter,Flat,6228,2312.5
6,7180,Rainy,Flat,5386,4543.28
7,21315,Rainy,Flat,6365,24067.5
4,2900,Summer,House,3209,1921.48
7,15230,Rainy,House,740,1637.82
1,11690,Winter,House,647,2066.56
8,540,Rainy,Flat,8108,987.46
2,8145,Summer,House,8028,6607.78
8,11545,Winter,House,3047,5981.9
1,12730,Rainy,Flat,4016,16042.91
3,14240,Winter,House,3533,3797.87
6,8750,Summer,Flat,5042,1924.42
4,12040,Summer,House,9099,35123.79
1,14010,Winter,Flat,2045,4509.53
6,13150,Rainy,Flat,5554,6543.24
1,10825,Summer,House,602,2041.93
7,24300,Summer,House,727,5269.88
8,3690,Summer,House,5151,3189.13
7,14560,Summer,Flat,1992,3099.58
8,30295,Summer,House,9044,74589.78
2,13030,Summer,Flat,3056,7018.35
3,4615,Rainy,House,3804,3023.49
8,4360,Summer,Flat,4305,4342.51
4,3070,Summer,Flat,1565,730.5
4,7670,Winter,Flat,7214,7821.42
4,14750,Winter,Flat,9746,19444.67
6,4890,Summer,House,5606,7780.15
5,12360,Rainy,Flat,1492,1957.47
8,12600,Rainy,House,5227,14351.72
5,7945,Winter,Flat,4701,4717.75
4,17350,Rainy,Flat,3509,16114.3
3,21860,Rainy,House,9747,61990.88
8,4550,Summer,Flat,9158,12677.78
4,11625,Summer,Flat,8268,15518.28
5,6340,Winter,House,5911,8845.93
1,4200,Winter,House,7492,7257.31
7,2575,Rainy,House,1215,793.85
5,6015,Rainy,House,4393,6634.14
4,1950,Winter,House,7463,3139.63
8,16700,Rainy,Flat,4296,10292.69
5,12065,Summer,House,7141,21127.03
3,13500,Winter,House,1074,1510.07
1,14770,Summer,Flat,8666,23144.59
7,9735,Summer,Flat,4193,9606.66
7,13265,Summer,Flat,7680,5086.23
6,15320,Rainy,House,2046,10401.21
4,8145,Winter,Flat,5309,5796.02
3,8920,Winter,Flat,4216,3004.64
8,16280,Rainy,House,5749,31119.1
4,19505,Winter,House,3182,12817.57
5,14885,Winter,House,7169,16250.63
1,28360,Winter,Flat,9697,24283.2
8,9930,Rainy,House,5952,13230.52
4,14480,Rainy,Flat,1590,4177.66
3,10385,Rainy,House,7462,11638.77
2,17400,Winter,House,9738,24295.4
7,5130,Rainy,House,7417,10064.47
3,2460,Rainy,Flat,8672,3267.27
3,9040,Winter,House,6290,6927.72
5,15350,Winter,Flat,7487,23725.99
7,25060,Winter,Flat,1072,1739.25
7,14980,Rainy,House,5640,19547.16
1,3180,Summer,House,9929,3018.7
4,14375,Rainy,Flat,8713,30387.14
5,3360,Rainy,Flat,8591,2469.01
