FamilyMembers,HouseType,Sqft,Season,Units
6,Flat,2244,Summer,11765.48
6,House,709,Rainy,1102.83
5,Flat,1854,Winter,1926.48
4,Flat,1748,Winter,489.45
1,House,1357,Summer,1696.45
2,Flat,1516,Winter,367.88
5,House,759,Winter,295.92
5,House,2431,Summer,360.28
6,Flat,828,Rainy,2640.55
2,House,2058,Summer,431.14
1,House,2350,Summer,4713.31
3,Flat,654,Rainy,2728.99
4,Flat,516,Winter,1808.84
5,House,1749,Summer,2926.04
2,House,2200,Rainy,853.86
2,House,1685,Rainy,2332.4
6,Flat,1380,Winter,2517.07
2,Flat,1421,Rainy,787.43
2,Flat,1794,Summer,5277.92
6,House,1833,Summer,12390.06
1,Flat,803,Winter,251.12
6,Flat,1861,Rainy,4193.47
4,House,1866,Summer,3660.63
3,Flat,990,Winter,544.86
6,Flat,650,Rainy,3187.88
2,Flat,2389,Winter,731.11
1,Flat,2419,Winter,356.18
4,House,1421,Winter,333.95
6,House,429,Summer,2206.67
2,Flat,460,Rainy,7100.54
6,Flat,955,Winter,999.98
2,Flat,1105,Winter,1362.15
3,House,1165,Rainy,3939.05
3,Flat,604,Summer,1547.33
2,Flat,566,Rainy,527.01
5,Flat,2395,Winter,714.25
1,House,682,Rainy,2635.83
1,House,1295,Winter,1683.8
6,Flat,1894,Rainy,1935.76
5,House,2016,Winter,437.04
4,House,1345,Rainy,211.17
2,Flat,2009,Rainy,182.4
2,Flat,1851,Winter,2679.73
2,Flat,960,Summer,412.55
6,Flat,580,Summer,5079.82
1,House,1154,Summer,4818.71
6,House,1067,Rainy,2547.36
6,House,1432,Winter,592.72
6,House,2317,Rainy,4103.19
5,Flat,351,Rainy,3168.49
4,Flat,1183,Winter,1515.94
1,House,2063,Rainy,383.18
4,Flat,2039,Rainy,6577.27
6,Flat,522,Winter,861.77
1,House,2100,Winter,1338.57
4,Flat,1319,Rainy,559.81
4,House,1191,Winter,538.09
2,House,1274,Rainy,867.78
4,Flat,927,Summer,3041.96
5,Flat,2356,Winter,361.72
4,Flat,1220,Winter,2474.08
4,Flat,948,Rainy,1487.89
2,House,2168,Winter,1332.65
3,House,2242,Rainy,291.35
4,House,2355,Rainy,465.2
5,House,2008,Summer,6249.45
4,Flat,1640,Rainy,6086.33
2,House,1639,Rainy,1830.68
4,Flat,931,Rainy,615.41
1,House,1062,Rainy,2379.73
6,Flat,1221,Winter,281.13
4,House,1685,Rainy,1333.43
6,House,1367,Rainy,1967.11
4,House,2327,Rainy,1144.36
1,Flat,1897,Summer,2778.53
4,Flat,801,Rainy,6055.22
3,Flat,595,Winter,645.94
3,Flat,1717,Summer,3732.15
5,Flat,436,Summer,741.84
3,House,1540,Winter,2626.74
4,House,629,Rainy,1328.84
4,Flat,1580,Winter,1418.92
4,House,1841,Summer,9478.24
3,Flat,1179,Summer,250.91
6,House,1697,Rainy,1396.53
2,Flat,482,Winter,1216.49
1,House,1836,Winter,294.77
2,House,1972,Winter,2354.32
5,Flat,2018,Rainy,787.07
2,Flat,2001,Winter,1685.19
6,House,1508,Winter,1811.94
4,House,1819,Summer,319.44
6,House,511,Rainy,1520.24
6,Flat,2183,Winter,806.87
1,House,1849,Summer,1536.58
1,House,916,Rainy,5495.65
5,Flat,2309,Summer,8443.48
1,House,1562,Summer,1202.57
6,Flat,518,Winter,204.24
5,Flat,1100,Rainy,3620.79
6,House,1564,Summer,6641.08
3,Flat,2243,Summer,1688.5
3,Flat,615,Rainy,4214.22
5,House,618,Summer,1868.36
4,House,2421,Rainy,5105.25
6,House,2217,Winter,877.58
2,House,1283,Rainy,663.09
1,Flat,1360,Rainy,1613.91
1,Flat,1223,Winter,637.77
4,Flat,1789,Winter,2314.19
1,Flat,470,Summer,5919.44
5,Flat,1877,Rainy,3037.11
6,Flat,1050,Summer,292.27
6,Flat,2227,Summer,1081.65
2,Flat,1648,Summer,2536.42
4,Flat,1189,Rainy,1195.47
5,House,687,Rainy,1844.92
6,Flat,1829,Winter,610.46
5,House,526,Winter,828.76
2,House,823,Rainy,693.16
6,House,878,Summer,5120.48
5,House,1444,Winter,1466.62
5,House,1870,Summer,1170.45
5,Flat,1055,Summer,3841.86
2,Flat,1600,Winter,1926.53
3,House,1763,Summer,224.09
3,House,2473,Winter,1029.24
3,House,509,Rainy,3006.54
5,Flat,1822,Summer,883.77
6,House,2061,Summer,4221.42
2,House,1155,Winter,1805.03
2,Flat,1238,Rainy,1669.77
5,Flat,2254,Rainy,1459.44
2,House,319,Winter,2114.47
4,House,2073,Winter,1194.24
5,House,905,Rainy,624.13
3,Flat,1545,Rainy,662.81
4,Flat,1745,Summer,1276.43
2,Flat,2088,Summer,516.25
1,Flat,1033,Rainy,2711.47
6,Flat,498,Summer,5298.89
4,House,2437,Summer,4777.92
2,House,1852,Rainy,151.66
6,House,1987,Rainy,272.32
3,Flat,1486,Summer,4101.71
4,Flat,863,Summer,4681.43
6,Flat,659,Winter,1964.64
6,House,1475,Winter,245.25
2,House,1306,Winter,1365.08
2,Flat,683,Summer,2507.76
3,Flat,1573,Summer,472.41
3,House,2472,Winter,452.45
5,House,2314,Summer,4625.61
5,Flat,1763,Summer,3539.16
5,Flat,1639,Winter,1756.61
4,Flat,2335,Winter,513.27
2,Flat,1772,Winter,3158.79
2,Flat,1920,Summer,2272.83
1,House,1869,Rainy,1375.68
5,Flat,1828,Rainy,7945.81
4,Flat,2262,Winter,1175.28
6,House,1493,Summer,5719.73
1,Flat,646,Summer,1079.19
6,Flat,1870,Rainy,2592.7
5,Flat,1754,Summer,962.96
1,House,677,Rainy,4358.89
4,House,1957,Summer,2012.28
1,Flat,2317,Summer,2675.04
4,Flat,1168,Summer,1641.06
2,House,1172,Summer,2854.77
2,Flat,2330,Rainy,2850.89
3,House,1387,Summer,4984.18
1,Flat,990,Winter,4234.63
3,House,1114,Rainy,4027.3
4,House,902,Summer,692.89
4,House,759,Rainy,635.8
4,Flat,327,Rainy,3826.65
3,Flat,1440,Summer,1886.79
1,Flat,304,Winter,2044.92
2,Flat,555,Rainy,852.95
6,Flat,993,Summer,463.01
4,Flat,1633,Winter,788.96
4,House,603,Rainy,2702.47
4,Flat,2024,Summer,2011.07
2,Flat,2066,Winter,544.42
2,Flat,942,Winter,835.83
6,House,606,Summer,10476.98
6,Flat,1011,Winter,2447.21
2,Flat,373,Winter,430.74
5,House,1616,Summer,2311.32
6,Flat,1165,Summer,2081.92
2,House,536,Rainy,2825.35
4,Flat,2085,Rainy,151.12
4,Flat,972,Summer,2059.71
1,House,864,Winter,727.2
4,House,1684,Rainy,2049.87
3,Flat,2228,Rainy,313.11
1,Flat,658,Winter,1111.46
1,House,592,Rainy,1261.51
6,Flat,1259,Rainy,118.57
6,Flat,1723,Rainy,4037.93
1,Flat,1676,Summer,3438.29
3,House,810,Rainy,2680.22
6,Flat,2105,Winter,274.28
3,Flat,343,Rainy,2388.82
2,House,1226,Summer,1531.52
6,House,1915,Summer,4614.73
4,House,424,Winter,1954.55
4,House,1917,Summer,8971.26
5,House,2102,Summer,1318.62
6,Flat,2493,Rainy,5526.54
3,Flat,2488,Winter,312.16
2,House,1850,Summer,280.94
3,House,1583,Rainy,1620.77
5,House,2186,Summer,640.79
4,Flat,1936,Rainy,693.19
4,Flat,2015,Summer,4742.16
4,Flat,548,Summer,2481.74
3,House,380,Rainy,3549.76
3,Flat,320,Winter,479.14
4,House,1392,Summer,3645.73
5,House,2306,Rainy,1866.58
1,House,528,Summer,3464.26
4,Flat,1645,Summer,2136.58
4,Flat,1118,Rainy,1796.07
1,Flat,566,Summer,5950.12
4,House,1300,Rainy,938.81
4,Flat,630,Winter,689.98
2,Flat,383,Winter,1118.88
1,House,475,Summer,450.7
5,Flat,817,Winter,1563.51
6,Flat,1205,Winter,5763.09
5,House,1398,Winter,738.94
6,Flat,1202,Rainy,1374.6
6,Flat,324,Rainy,913.08
6,House,2041,Winter,2642.9
1,House,573,Winter,235.12
1,Flat,1699,Summer,419.81
1,Flat,1586,Summer,4332.65
3,Flat,1154,Rainy,117.64
2,Flat,304,Winter,1956.17
1,House,1694,Rainy,6961.05
6,House,1321,Winter,2185.91
5,Flat,2215,Summer,6161.67
3,Flat,996,Summer,183.21
1,Flat,1613,Rainy,1226.36
1,Flat,1551,Summer,2157.83
3,Flat,1027,Rainy,168.12
6,House,605,Winter,1110.74
4,Flat,2456,Summer,4707.78
4,House,757,Winter,2300.76
4,House,923,Winter,1301.28
4,Flat,434,Rainy,2174.55
1,House,2492,Rainy,146.84
1,House,1219,Summer,3171.11
4,Flat,2265,Rainy,242.35
5,House,1997,Summer,2417.01
1,Flat,2135,Rainy,1197.49
2,House,687,Rainy,1756.46
6,House,401,Winter,2495.13
1,House,918,Summer,5432.89
5,House,1294,Winter,941.72
5,Flat,785,Winter,5646.78
1,House,2466,Winter,2344.28
5,Flat,597,Rainy,1971.29
5,Flat,1561,Rainy,1263.73
2,House,498,Rainy,978.18
5,Flat,946,Summer,8001.64
4,House,600,Rainy,3646.68
3,House,609,Rainy,1595.8
2,Flat,553,Rainy,2547.92
5,Flat,2320,Rainy,3788.09
1,House,1104,Winter,1033.65
5,House,1494,Winter,399.79
3,House,1938,Winter,653.64
1,House,654,Winter,3940.46
5,House,727,Rainy,2760.92
5,House,381,Winter,3383.9
5,Flat,516,Winter,475.07
4,Flat,1160,Winter,1393.46
1,House,2004,Winter,986.41
6,House,1654,Summer,2935.05
4,Flat,1942,Winter,516.03
6,House,914,Winter,4301.73
4,House,1544,Rainy,1074.18
5,House,584,Summer,7440.23
3,Flat,2025,Summer,1753.33
6,Flat,1389,Winter,550.88
4,Flat,714,Winter,1003.31
1,House,1545,Rainy,92.2
4,Flat,1707,Summer,2568.32
3,Flat,1434,Winter,5860.6
3,Flat,1232,Rainy,1183.63
4,House,1320,Rainy,214.41
5,House,2278,Winter,1373.12
5,House,2455,Winter,4354.97
5,Flat,2179,Summer,298.04
4,House,497,Rainy,2039.76
1,House,2452,Rainy,649.55
1,House,2114,Rainy,4422.97
1,House,1941,Rainy,1653.49
2,Flat,888,Summer,3698.38
4,House,1151,Summer,2021.04
2,House,1896,Rainy,150.23
3,Flat,2072,Rainy,1026.2
1,Flat,655,Rainy,3569.33
3,House,1557,Summer,5685.12
5,Flat,2470,Rainy,6702.2
6,Flat,1393,Summer,939.38
3,Flat,2005,Winter,1354.3
6,Flat,1868,Rainy,12428.92
3,Flat,1389,Rainy,731.16
3,Flat,2021,Summer,947.22
4,House,804,Rainy,6485.06
2,House,1343,Winter,968.09
2,Flat,2131,Summer,1653.68
3,House,2283,Rainy,1036.79
3,House,512,Summer,1874.11
2,House,2047,Rainy,2121.58
3,Flat,2267,Summer,6217.61
3,House,1127,Winter,2599.3
1,Flat,1817,Winter,2240.39
6,House,1533,Winter,295.75
1,House,1910,Summer,3063.39
5,Flat,2178,Rainy,2430.81
4,Flat,2261,Summer,1874.17
3,Flat,1837,Winter,3923.52
2,Flat,980,Rainy,2050.72
4,Flat,1652,Summer,7714.45
6,House,1788,Rainy,2883.6
1,House,703,Summer,1795.02
5,Flat,1890,Rainy,3177.31
4,Flat,1490,Rainy,2680.14
5,House,590,Winter,1596.1
3,House,790,Rainy,219.9
4,Flat,722,Summer,5955.17
3,Flat,509,Rainy,112.03
2,Flat,1258,Summer,4323.51
4,Flat,1366,Rainy,4194.35
3,Flat,475,Winter,733.22
5,Flat,1052,Summer,156.48
2,House,1646,Rainy,282.12
6,Flat,1282,Winter,659.26
4,House,810,Rainy,7593.32
6,House,653,Summer,4047.35
2,House,1104,Summer,7320.65
4,House,676,Rainy,1762.83
2,Flat,2042,Winter,3341.22
6,Flat,929,Rainy,921.71
3,House,1494,Winter,1935.66
4,House,1136,Winter,398.47
6,Flat,2092,Winter,75.37
6,House,1763,Summer,3549.44
2,House,2166,Rainy,1093.38
2,House,2188,Summer,2156.57
3,Flat,2110,Winter,3089.42
4,Flat,2499,Rainy,3244.25
4,House,1719,Summer,4231.9
2,Flat,2079,Summer,2687.6
6,House,925,Winter,2746.05
2,Flat,858,Rainy,4993.26
6,House,823,Summer,2499.15
4,Flat,593,Summer,7981.3
6,Flat,1797,Rainy,2853.66
1,House,521,Summer,3913.94
1,Flat,542,Rainy,320.28
6,Flat,1181,Winter,1584.54
6,House,731,Winter,4066.15
4,Flat,760,Summer,2320.49
4,House,1000,Summer,6160.96
5,House,2075,Summer,575.55
3,House,794,Summer,156.63
6,Flat,1051,Winter,1721.17
2,House,2345,Summer,3324.62
2,House,1631,Rainy,4214.06
4,House,1513,Rainy,1759.38
3,House,1167,Summer,10860.27
6,Flat,1058,Rainy,696.41
4,Flat,2078,Summer,3415.87
4,House,731,Rainy,4960.23
1,Flat,531,Summer,845.1
6,Flat,1197,Rainy,302.61
3,House,2123,Winter,3600.03
4,Flat,1878,Rainy,2062.66
2,House,2237,Summer,10971.72
6,Flat,2146,Winter,2411.73
5,House,1748,Summer,1488.42
5,House,680,Rainy,2267.12
2,Flat,2080,Rainy,967.18
3,Flat,1997,Summer,5003.58
2,House,1872,Summer,252.31
6,House,2451,Rainy,2766.25
3,Flat,1944,Summer,338.2
5,House,806,Summer,1419.71
5,House,1796,Winter,1256.7
5,House,1069,Rainy,222.88
3,Flat,942,Summer,2313.96
5,Flat,831,Winter,2602.71
1,House,459,Rainy,3117.47
2,Flat,2332,Summer,1487.3
6,Flat,2059,Rainy,4223.18
2,Flat,786,Winter,2898.67
5,House,817,Rainy,1263.17
1,House,847,Summer,1743.83
1,House,1353,Rainy,1616.36
1,Flat,1350,Rainy,1490.32
6,House,971,Winter,2780.68
6,Flat,2351,Rainy,932.45
2,House,2245,Rainy,2217.4
1,House,447,Winter,2772.67
4,Flat,2205,Winter,1783.34
4,House,775,Winter,1834.01
3,House,885,Summer,1318.02
4,House,1440,Winter,3010.73
2,Flat,1681,Summer,956.72
4,Flat,356,Summer,275.57
3,House,2466,Rainy,3879.87
4,House,1614,Winter,60.65
4,Flat,1733,Winter,3174.9
3,House,1175,Summer,751.69
1,Flat,1520,Winter,976.74
6,House,319,Rainy,7118.09
3,House,2176,Rainy,1699.52
3,Flat,1347,Winter,4377.82
5,House,827,Summer,158.6
3,House,925,Summer,1017.66
6,House,1241,Summer,1530.41
3,House,2105,Rainy,4312.72
4,Flat,1679,Winter,2557.62
1,House,2095,Winter,1071.53
2,House,1848,Winter,387.66
2,House,1742,Rainy,896.39
2,Flat,2434,Rainy,1745.57
6,House,408,Summer,8165.49
3,Flat,1779,Summer,475.53
4,House,784,Winter,1141.88
2,House,913,Summer,2577.87
2,House,1077,Summer,358.67
1,House,1057,Winter,1048.89
3,Flat,1515,Summer,1704.03
1,House,1946,Winter,827.01
5,Flat,1302,Summer,1558.29
5,House,654,Winter,477.94
5,Flat,1518,Summer,304.37
5,House,2315,Summer,6893.33
5,House,1448,Rainy,3500.46
6,Flat,1894,Rainy,1484.16
1,House,2349,Summer,2685.05
2,House,401,Winter,987.49
4,House,811,Winter,6561.65
1,House,1033,Winter,1143.13
6,House,1413,Summer,2420.55
2,House,1837,Rainy,963.65
3,Flat,503,Rainy,9569.82
4,House,1342,Rainy,8279.0
6,Flat,1173,Rainy,1763.17
1,House,708,Rainy,455.63
6,House,1586,Summer,665.78
6,Flat,1323,Winter,297.79
2,Flat,1410,Rainy,1914.04
4,House,505,Winter,4858.2
5,House,1233,Winter,2793.17
2,Flat,523,Summer,11635.33
6,House,2215,Winter,356.77
5,Flat,2122,Winter,4579.57
4,House,1944,Summer,150.58
1,House,2138,Summer,1747.93
1,Flat,1191,Winter,150.87
2,House,575,Rainy,2985.48
3,Flat,2349,Summer,5414.66
6,House,323,Summer,1654.45
3,House,2288,Winter,635.27
4,Flat,1987,Winter,386.42
3,Flat,1794,Rainy,1563.69
5,Flat,1644,Winter,1884.0
5,Flat,320,Rainy,3667.36
1,Flat,2108,Winter,111.03
4,House,1725,Winter,676.09
2,Flat,637,Summer,2992.6
6,Flat,467,Winter,770.47
4,Flat,769,Winter,3686.65
3,Flat,850,Winter,1449.33
1,Flat,924,Winter,1102.76
6,House,2104,Winter,6805.73
4,Flat,1147,Winter,383.25
4,House,1008,Winter,5617.9
3,House,1849,Rainy,5429.45
5,House,1767,Winter,601.4
5,House,950,Summer,4130.67
5,House,1282,Winter,2253.57
1,Flat,1614,Summer,6603.01
6,House,2238,Rainy,879.86
3,Flat,1907,Winter,3139.19
5,House,1087,Rainy,2699.98
4,House,1722,Rainy,3019.63
1,House,1373,Summer,4187.41
2,Flat,1665,Summer,3742.93
1,Flat,2413,Summer,4883.24
1,House,2440,Rainy,1348.05
3,House,707,Summer,3599.54
2,House,1218,Winter,683.43
1,House,1319,Winter,194.46
5,House,2118,Summer,209.21
1,Flat,1751,Winter,244.07
5,Flat,470,Summer,1553.52
5,Flat,928,Rainy,691.68
4,Flat,2431,Rainy,2207.94
1,Flat,1101,Summer,4699.15
3,Flat,2110,Summer,1693.36
1,Flat,948,Summer,3371.25
5,House,2387,Rainy,3674.17
4,Flat,691,Rainy,1202.91
6,Flat,2227,Summer,1970.53
1,House,1637,Summer,5488.15
5,House,1533,Rainy,541.36
3,Flat,2045,Winter,4465.93
5,Flat,1859,Summer,3948.8
1,Flat,669,Summer,2066.86
5,Flat,399,Winter,935.31
3,Flat,697,Rainy,1524.47
2,Flat,1497,Summer,761.87
5,House,1115,Winter,2615.13
2,Flat,2192,Winter,381.31
6,Flat,2045,Rainy,2435.83
3,House,2108,Winter,506.98
1,House,965,Summer,660.63
3,Flat,1997,Rainy,2353.48
1,Flat,568,Summer,2011.16
3,Flat,2409,Summer,5560.2
3,Flat,1574,Winter,273.61
3,House,929,Rainy,1471.54
1,Flat,2307,Winter,4156.55
6,House,2386,Winter,2124.03
1,House,2308,Summer,1042.87
6,House,1596,Winter,4729.13
2,Flat,2259,Winter,1575.64
1,Flat,2473,Winter,684.74
1,House,2146,Winter,2437.9
1,Flat,2024,Rainy,2337.41
5,Flat,1774,Winter,7154.57
1,Flat,1483,Winter,2220.29
4,House,554,Rainy,4060.34
5,Flat,1861,Rainy,5609.82
2,House,2430,Rainy,5571.96
6,House,447,Rainy,987.21
6,House,1255,Summer,4157.66
2,House,1344,Summer,2896.41
4,Flat,1841,Summer,3285.99
6,Flat,846,Summer,1424.83
1,Flat,1708,Summer,5464.98
5,House,1852,Summer,4282.96
4,House,2076,Summer,11047.93
1,Flat,1586,Rainy,2647.03
2,Flat,2007,Rainy,2147.92
2,Flat,2090,Rainy,5162.1
2,House,1667,Rainy,935.03
1,Flat,1794,Winter,1040.69
2,Flat,2311,Winter,1850.34
3,Flat,652,Rainy,6479.41
2,House,1288,Rainy,868.16
4,Flat,1694,Winter,4794.37
1,House,1883,Winter,1028.2
3,House,306,Summer,389.57
4,Flat,677,Summer,3240.22
4,House,1434,Winter,395.66
4,House,1210,Rainy,4028.74
6,House,1294,Rainy,1293.05
1,Flat,1944,Rainy,322.71
5,House,1289,Rainy,1305.33
3,Flat,1692,Winter,248.62
2,House,568,Winter,801.88
5,House,477,Rainy,4449.34
6,Flat,733,Summer,8497.83
4,House,2086,Summer,1784.91
3,Flat,2047,Summer,486.39
2,Flat,1296,Winter,3394.55
4,House,651,Summer,202.92
5,Flat,1694,Winter,3580.12
4,Flat,772,Winter,1414.86
4,House,542,Rainy,3746.75
1,House,684,Winter,853.78
3,Flat,1502,Winter,5317.51
2,Flat,1577,Winter,2938.69
3,House,586,Rainy,790.2
2,House,978,Rainy,3864.27
1,House,1959,Rainy,1361.02
5,Flat,927,Rainy,4294.81
4,House,1466,Winter,3298.18
3,House,1871,Winter,4149.19
4,House,699,Summer,698.82
6,House,711,Winter,430.0
5,Flat,2308,Winter,452.27
2,Flat,343,Winter,711.66
5,Flat,1492,Rainy,3661.74
2,Flat,576,Winter,265.59
1,Flat,1993,Rainy,3610.97
4,Flat,1401,Winter,1730.81
2,Flat,2481,Winter,181.91
6,Flat,1862,Winter,575.72
5,House,642,Winter,175.73
1,Flat,1403,Summer,1524.4
5,House,347,Summer,2270.59
6,House,987,Summer,7584.07
4,Flat,2210,Winter,3006.45
4,House,1544,Summer,5078.92
6,House,1887,Winter,811.83
6,House,1238,Winter,3139.27
2,Flat,764,Rainy,4760.19
6,House,1288,Winter,782.5
6,House,2167,Winter,1240.69
3,Flat,665,Winter,726.97
6,Flat,736,Rainy,931.01
4,House,1441,Summer,2309.0
3,House,788,Winter,3433.12
4,House,388,Summer,187.84
3,House,1119,Winter,831.77
5,Flat,528,Rainy,2963.39
4,House,481,Summer,195.68
3,House,389,Summer,3559.56
5,Flat,2055,Summer,1028.77
5,Flat,2010,Rainy,3921.2
4,House,1156,Winter,448.8
3,Flat,568,Rainy,3765.83
6,House,589,Summer,10737.27
1,Flat,1010,Winter,2628.06
5,House,563,Winter,320.92
1,House,827,Rainy,1644.41
1,House,2149,Summer,413.19
6,Flat,1901,Winter,827.73
6,House,1635,Winter,6740.68
2,Flat,1216,Winter,1879.14
1,House,497,Rainy,981.99
1,Flat,1280,Rainy,1434.11
5,Flat,691,Summer,2142.61
1,House,1715,Rainy,2109.44
5,House,1098,Rainy,4608.82
1,Flat,1713,Winter,3571.93
1,Flat,1663,Rainy,1070.66
5,House,782,Rainy,2203.29
1,Flat,2257,Rainy,389.79
5,Flat,1219,Summer,453.6
6,Flat,340,Rainy,3784.06
6,House,903,Rainy,4457.21
1,House,1071,Rainy,4270.49
2,Flat,1344,Rainy,2198.7
2,Flat,2377,Rainy,835.54
4,House,1206,Summer,1595.45
1,Flat,2406,Summer,2060.07
5,House,960,Winter,1896.83
1,Flat,2315,Rainy,1289.24
2,Flat,861,Winter,2205.49
2,House,2265,Rainy,843.89
4,Flat,1784,Rainy,270.18
5,House,1201,Summer,421.19
3,Flat,888,Winter,601.5
1,House,1312,Rainy,2139.26
4,House,861,Summer,1369.55
4,House,661,Winter,1348.75
3,Flat,987,Winter,2294.53
1,Flat,835,Winter,164.49
1,House,1774,Winter,2119.65
5,Flat,1811,Winter,3068.9
5,House,1693,Winter,686.39
3,Flat,1966,Summer,746.87
1,Flat,1801,Winter,1773.94
1,Flat,462,Rainy,2631.49
1,Flat,1216,Summer,3334.26
4,House,2299,Summer,250.85
5,House,587,Rainy,2865.38
1,House,884,Rainy,2323.33
6,Flat,1801,Winter,2083.12
1,Flat,1155,Winter,22.85
3,Flat,1867,Summer,877.83
2,House,426,Summer,320.32
6,House,1217,Winter,480.08
3,House,2256,Winter,596.41
5,Flat,1922,Winter,307.39
3,Flat,2479,Summer,559.16
6,House,1815,Rainy,175.6
1,House,2106,Winter,609.2
6,Flat,1718,Winter,2931.87
5,Flat,1230,Summer,1331.19
2,House,1562,Summer,4739.41
6,House,1482,Winter,1792.14
3,House,793,Winter,845.59
2,House,333,Rainy,3656.37
6,House,1236,Summer,7362.39
6,House,1677,Winter,1831.52
4,Flat,860,Summer,2080.74
2,House,308,Summer,12586.29
6,House,1360,Summer,3567.94
3,House,1252,Summer,5747.29
2,House,2143,Rainy,1424.24
3,House,2287,Summer,11304.62
4,House,443,Winter,554.45
5,Flat,719,Winter,1791.71
2,Flat,1795,Winter,1761.37
3,Flat,1993,Summer,5518.5
5,House,316,Rainy,569.8
4,Flat,1914,Rainy,2223.78
2,Flat,2470,Winter,1356.77
1,Flat,1466,Summer,3603.02
5,Flat,1703,Summer,7108.54
5,Flat,1933,Winter,2651.6
6,House,696,Winter,1167.69
4,Flat,387,Rainy,3920.72
4,Flat,2351,Summer,3648.41
6,Flat,429,Rainy,2551.0
1,Flat,1035,Summer,83.69
1,House,1434,Winter,1274.47
1,Flat,1298,Summer,3354.99
3,Flat,634,Rainy,5548.65
6,Flat,1904,Summer,3668.33
4,House,1945,Winter,424.7
2,Flat,750,Summer,5576.19
5,House,657,Rainy,2163.24
5,Flat,2405,Rainy,2800.63
4,House,1363,Winter,939.76
6,Flat,409,Winter,3000.29
5,Flat,327,Summer,1300.97
3,House,2021,Summer,2012.29
4,House,1770,Rainy,610.02
4,House,504,Rainy,222.86
4,Flat,1744,Summer,9455.37
2,Flat,1614,Rainy,1191.03
1,House,1646,Rainy,933.31
2,House,2416,Winter,1776.76
1,House,2004,Summer,1404.45
5,Flat,2181,Winter,822.47
2,House,1712,Rainy,3256.5
2,House,2076,Summer,5010.76
6,Flat,727,Winter,1169.68
2,Flat,2436,Rainy,2670.61
1,Flat,1911,Summer,3834.28
3,House,984,Summer,1283.42
5,House,2141,Winter,879.6
2,Flat,636,Rainy,1585.62
5,House,2059,Rainy,2694.39
6,House,713,Summer,5451.96
2,House,828,Winter,594.92
3,Flat,1679,Rainy,900.32
5,Flat,2220,Rainy,932.3
4,House,651,Winter,2395.03
2,Flat,1845,Rainy,1692.55
2,Flat,499,Summer,692.52
3,House,2372,Summer,4515.3
1,Flat,1427,Summer,1682.01
3,Flat,969,Summer,1322.91
6,Flat,698,Rainy,1906.73
4,House,653,Winter,192.34
6,Flat,1227,Winter,532.93
5,House,2423,Summer,7974.77
1,Flat,1487,Winter,4034.57
4,House,1293,Rainy,7670.39
5,Flat,1429,Winter,4227.69
5,Flat,634,Winter,1709.94
5,Flat,1841,Winter,169.22
1,Flat,318,Winter,325.99
5,Flat,877,Rainy,2267.45
1,House,2306,Winter,454.61
1,House,2278,Summer,7299.69
6,House,750,Summer,2228.96
5,House,697,Winter,777.48
1,House,1281,Rainy,4180.31
5,House,2003,Winter,4801.46
4,House,737,Rainy,3919.96
1,House,1458,Winter,1513.0
6,Flat,1208,Winter,5949.66
5,House,1130,Winter,907.33
5,Flat,1294,Summer,1165.9
4,Flat,477,Winter,1613.69
2,House,2095,Rainy,4348.03
2,Flat,1588,Winter,686.39
3,Flat,2200,Winter,176.95
5,Flat,1410,Winter,3029.81
2,Flat,626,Winter,4217.33
5,Flat,629,Winter,254.4
5,Flat,2260,Rainy,533.82
2,Flat,578,Summer,639.47
1,House,627,Winter,3591.85
6,House,1938,Winter,4237.99
5,Flat,489,Summer,293.12
4,House,1125,Winter,1517.45
6,House,1078,Rainy,2604.43
4,House,1375,Summer,1625.85
5,House,591,Winter,1122.43
1,Flat,329,Winter,4833.63
6,Flat,1708,Winter,681.8
6,House,902,Winter,4138.97
3,Flat,2116,Rainy,4873.64
2,Flat,1546,Winter,810.98
1,House,1837,Winter,1174.63
4,Flat,670,Summer,10132.33
2,House,516,Summer,908.82
4,Flat,2097,Summer,2991.41
4,Flat,554,Winter,575.96
1,House,1998,Rainy,947.66
5,Flat,716,Rainy,2310.02
1,House,916,Rainy,2528.49
2,Flat,1598,Rainy,1573.27
5,House,502,Summer,1307.77
3,Flat,1796,Rainy,340.16
1,Flat,559,Summer,1392.59
1,House,2068,Rainy,2072.41
5,Flat,2192,Winter,925.34
4,Flat,1075,Summer,1100.75
3,House,2495,Winter,1442.66
5,Flat,1248,Summer,1705.0
1,House,2175,Summer,8525.22
5,House,2281,Summer,1663.0
6,Flat,1265,Winter,885.71
3,Flat,2174,Rainy,3468.11
5,House,1631,Summer,6961.4
6,Flat,397,Summer,282.56
4,Flat,912,Winter,3468.42
2,Flat,1187,Rainy,704.1
3,House,1262,Rainy,3740.37
1,House,1387,Rainy,1139.92
5,House,814,Winter,263.39
2,Flat,619,Winter,1098.49
1,House,1457,Rainy,322.75
2,House,1281,Rainy,4030.64
6,Flat,432,Winter,2425.02
5,House,2019,Winter,354.99
3,Flat,317,Rainy,1655.35
3,House,2020,Winter,357.6
6,Flat,1592,Rainy,5292.69
1,House,656,Rainy,12652.67
6,Flat,875,Rainy,325.18
5,House,672,Rainy,2227.22
5,House,2012,Rainy,2592.73
6,Flat,1494,Summer,92.29
2,House,2418,Summer,2387.36
4,Flat,887,Rainy,975.6
4,House,516,Rainy,794.68
6,House,2137,Rainy,334.13
4,Flat,812,Summer,678.23
3,House,1935,Winter,1764.87
3,Flat,1324,Rainy,2666.83
2,Flat,652,Rainy,8909.54
5,House,1104,Rainy,1684.19
4,Flat,560,Rainy,2891.0
6,Flat,966,Summer,1770.69
1,Flat,1210,Winter,219.74
3,Flat,978,Winter,1096.29
3,House,1758,Winter,596.82
2,House,438,Rainy,1633.47
5,House,507,Rainy,1413.45
1,Flat,2486,Summer,5412.88
6,House,631,Rainy,5894.01
5,Flat,2416,Rainy,287.5
6,House,1385,Summer,1027.92
3,Flat,850,Rainy,1799.58
3,Flat,825,Rainy,2498.4
3,Flat,1459,Winter,696.48
5,House,570,Winter,1635.71
1,Flat,568,Summer,3762.62
6,Flat,703,Summer,2408.75
4,Flat,2297,Rainy,1899.62
6,House,1797,Rainy,1260.59
4,House,2008,Winter,223.04
1,House,1421,Winter,457.56
6,Flat,2028,Summer,2649.92
3,House,1406,Winter,4969.29
1,House,2281,Summer,4829.97
3,House,1991,Rainy,2425.86
4,House,2059,Winter,417.47
2,Flat,1071,Rainy,144.7
3,House,317,Summer,362.52
1,Flat,2459,Winter,950.57
2,House,361,Winter,568.79
2,House,2198,Winter,1107.25
5,Flat,812,Rainy,1925.16
2,Flat,1525,Winter,1422.39
4,Flat,525,Winter,1831.6
5,House,2029,Rainy,4528.41
3,House,885,Summer,811.4
5,Flat,1825,Rainy,1652.43
2,House,1190,Summer,6348.58
4,Flat,1751,Summer,1002.87
1,Flat,1287,Winter,313.79
3,House,2048,Summer,2577.22
6,Flat,2342,Rainy,2187.99
5,House,1747,Winter,1862.53
1,Flat,1896,Rainy,209.34
5,House,1496,Summer,1153.86
1,Flat,670,Rainy,413.32
5,House,1099,Winter,1746.39
5,House,2096,Summer,6961.72
3,Flat,815,Winter,1219.37
4,Flat,751,Winter,1420.76
2,Flat,1724,Winter,776.62
2,House,952,Winter,264.16
1,House,578,Winter,1456.25
6,House,745,Rainy,11764.07
1,Flat,2089,Winter,1797.78
5,House,1412,Summer,1768.04
2,House,944,Rainy,4187.28
2,Flat,396,Rainy,668.88
5,Flat,2001,Winter,1241.32
2,House,940,Rainy,5369.78
5,House,936,Rainy,609.8
6,House,1521,Winter,727.75
1,House,1720,Winter,1126.67
3,Flat,1342,Rainy,1146.05
1,House,906,Summer,2129.46
4,Flat,489,Rainy,854.17
5,Flat,537,Winter,3610.08
5,House,372,Summer,5602.16
3,House,1608,Winter,281.73
2,Flat,2426,Summer,1744.58
3,Flat,368,Summer,3204.78
4,Flat,1566,Rainy,2322.76
2,House,530,Winter,1945.27
2,Flat,2136,Winter,5776.49
1,Flat,1721,Winter,3360.92
1,Flat,577,Summer,3803.11
3,Flat,1724,Summer,6595.31
4,Flat,401,Winter,534.74
3,House,1898,Rainy,1034.2
2,Flat,634,Summer,3571.18
5,Flat,1231,Winter,257.22
5,Flat,2161,Winter,3335.83
2,House,1213,Winter,829.16
1,Flat,509,Summer,3972.06
3,House,601,Rainy,6439.16
3,Flat,908,Winter,310.2
6,House,650,Rainy,6548.32
2,Flat,1565,Summer,325.27
4,Flat,704,Rainy,1659.76
6,House,1746,Summer,6437.29
5,House,1818,Summer,1565.97
5,House,2170,Rainy,2042.29
1,Flat,910,Summer,4028.5
2,Flat,404,Summer,3083.18
6,Flat,1422,Summer,184.05
1,Flat,1428,Rainy,1701.72
4,Flat,2258,Summer,1195.6
3,House,1270,Rainy,1383.64
6,Flat,2268,Rainy,3932.04
4,House,2113,Winter,719.63
1,House,620,Summer,2763.66
2,House,1586,Summer,2745.86
4,House,1014,Rainy,1888.63
6,House,1674,Rainy,1965.85
1,House,1022,Rainy,5212.29
5,House,2231,Winter,1590.51
4,Flat,2329,Rainy,1314.06
6,Flat,608,Rainy,1291.6
5,Flat,1730,Rainy,4009.15
3,House,2118,Summer,578.24
5,Flat,1372,Summer,4092.03
2,Flat,682,Summer,185.05
5,House,841,Rainy,1176.72
5,House,1299,Rainy,1693.82
5,Flat,603,Summer,3267.35
4,Flat,1952,Summer,1377.14
3,House,1253,Winter,2033.92
3,House,579,Winter,1464.11
4,Flat,1646,Winter,1974.73
3,House,805,Rainy,4296.51
5,Flat,1098,Summer,413.52
3,Flat,369,Winter,886.15
5,Flat,1090,Winter,2125.63
2,Flat,1438,Summer,349.23
2,Flat,347,Summer,1907.04
3,House,365,Summer,6511.69
2,Flat,2361,Rainy,341.53
6,House,2314,Winter,107.73
5,House,440,Summer,6343.16
3,Flat,354,Winter,452.43
1,House,1330,Rainy,4038.05
4,Flat,345,Rainy,4000.28
1,Flat,963,Winter,2643.91
4,Flat,974,Summer,2049.07
5,Flat,1063,Winter,964.13
6,House,834,Rainy,4934.62
4,House,2154,Rainy,3378.32
6,House,2337,Winter,1630.25
2,Flat,1741,Summer,7824.26
4,House,756,Summer,509.72
3,Flat,413,Summer,1287.74
3,Flat,1619,Winter,2659.67
1,House,865,Rainy,1797.53
2,House,1212,Summer,3584.65
6,Flat,2013,Rainy,3416.36
4,House,2425,Winter,4492.5
1,House,1479,Summer,3679.26
2,Flat,344,Winter,319.23
6,House,1650,Rainy,7423.05
6,Flat,1006,Summer,6202.24
3,Flat,2403,Summer,1325.88
2,House,1247,Rainy,1889.25
2,Flat,437,Rainy,3375.85
3,Flat,2237,Summer,2066.55
5,House,2301,Rainy,2755.53
1,Flat,2389,Winter,500.44
2,Flat,1112,Summer,2165.51
5,Flat,1749,Rainy,6525.94
4,House,2334,Winter,4432.72
5,Flat,663,Rainy,2517.97
3,Flat,1877,Summer,2426.77
4,Flat,1447,Summer,5411.77
5,Flat,838,Winter,500.51
3,House,1478,Summer,5670.04
1,Flat,1030,Summer,5326.84
1,Flat,1584,Rainy,3555.12
4,Flat,2228,Summer,4475.09
6,Flat,963,Winter,269.77
3,House,1659,Summer,8723.68
2,Flat,1307,Summer,6430.64
3,House,598,Winter,5813.9
4,House,1149,Summer,5281.42
6,House,2393,Rainy,2008.37
6,House,300,Rainy,2980.1
2,Flat,1363,Rainy,1966.75
4,Flat,598,Summer,1114.03
6,Flat,710,Summer,3113.01
2,Flat,313,Rainy,402.24
1,House,1127,Summer,662.33
1,House,846,Rainy,2590.14
3,House,1227,Winter,193.44
4,House,621,Winter,508.98
5,Flat,1297,Rainy,1649.51
5,House,471,Rainy,5879.06
6,House,1967,Rainy,289.11
1,Flat,1033,Rainy,1371.82
4,House,1246,Rainy,4830.28
2,Flat,1810,Rainy,331.8
4,Flat,1164,Winter,1889.87
2,Flat,1344,Rainy,943.07
3,House,1848,Summer,2415.59
6,Flat,2483,Rainy,1655.91
1,Flat,1978,Summer,6138.8
2,Flat,1398,Summer,2655.05
6,House,1187,Summer,8059.62
1,House,936,Summer,5761.49
6,House,464,Rainy,2975.04
6,Flat,1303,Winter,1211.56
3,House,1682,Winter,416.19
5,House,1975,Summer,2102.4
3,House,2032,Summer,8801.6
1,House,1136,Summer,11100.1
3,House,1725,Rainy,2133.72
6,House,2127,Rainy,2809.31
3,Flat,1841,Winter,470.15
2,House,1646,Winter,1531.44
6,House,1764,Summer,4630.59
1,Flat,2266,Winter,1031.65
3,Flat,1146,Rainy,1498.85
3,Flat,1029,Summer,4710.59
3,House,1530,Rainy,5509.83
2,Flat,1648,Summer,1058.56
3,Flat,1555,Summer,649.54
6,House,2361,Winter,2354.01
3,House,1452,Summer,6749.12
5,House,757,Summer,6794.46
6,House,2390,Summer,7685.85
1,Flat,2172,Summer,1714.09
4,Flat,2408,Winter,779.78
3,House,2489,Rainy,1234.05
6,Flat,359,Winter,362.92
6,House,323,Summer,4161.81
6,Flat,608,Rainy,941.27
3,Flat,513,Winter,4758.09
3,House,490,Summer,3715.46
4,Flat,2173,Winter,905.99
5,House,1174,Rainy,288.61
2,House,745,Rainy,1272.83
1,House,2086,Summer,1869.39
4,House,1322,Rainy,1384.43
6,Flat,513,Rainy,482.31
5,House,1919,Summer,4153.93
5,House,1399,Summer,13021.61
2,House,533,Summer,427.78
5,Flat,1592,Rainy,2370.42
3,House,660,Rainy,1913.15
5,House,541,Winter,83.7
6,Flat,1636,Summer,530.53
4,Flat,2067,Summer,1591.19
2,Flat,1889,Winter,127.99
2,Flat,1725,Summer,2608.4
2,House,1576,Summer,768.67
2,Flat,1919,Winter,124.05
1,Flat,784,Summer,5277.24
5,House,419,Rainy,2359.38
6,Flat,654,Summer,588.42
5,House,2249,Winter,154.61
2,Flat,2327,Summer,98.87
4,House,768,Summer,5005.19
5,Flat,1173,Winter,1973.54
1,House,1999,Summer,2372.94
5,House,2347,Winter,529.81
5,Flat,376,Winter,599.9
2,Flat,418,Summer,1285.9
3,House,2398,Summer,10678.59
3,Flat,1188,Summer,614.63
2,House,2175,Rainy,1747.0
6,Flat,1104,Summer,1618.56
4,House,406,Winter,2802.44
4,House,736,Rainy,4245.05
3,Flat,664,Summer,4424.62
3,Flat,2061,Summer,1387.68
5,House,1413,Summer,774.83
3,House,708,Summer,8067.31
2,Flat,616,Rainy,3123.35
1,Flat,2389,Winter,1011.99
4,House,1842,Winter,603.91
3,Flat,1776,Rainy,420.26
4,Flat,2364,Rainy,2742.37
4,Flat,1217,Summer,4176.95
6,Flat,828,Winter,1330.6
5,Flat,1646,Winter,1318.0
6,Flat,2130,Rainy,1489.83
6,House,2357,Winter,2806.73
1,Flat,2180,Rainy,1167.98
2,House,1931,Winter,1865.83
4,Flat,1760,Summer,7470.53
5,Flat,2133,Summer,7942.69
2,Flat,1183,Winter,868.88
6,Flat,323,Winter,2294.18
6,Flat,1875,Summer,3566.37
5,House,868,Winter,6402.73
2,House,2173,Winter,610.66
6,Flat,666,Summer,5314.77
1,Flat,822,Summer,1014.11
5,Flat,1255,Winter,2597.79
4,Flat,969,Rainy,513.58
3,Flat,559,Rainy,4624.06
5,House,2042,Rainy,2427.23
4,Flat,323,Winter,3363.05
4,House,1289,Winter,1857.8
6,Flat,2146,Summer,2832.22
1,Flat,1444,Rainy,3913.2
5,House,515,Winter,1227.71
2,Flat,2318,Rainy,1103.35
6,House,1146,Summer,3500.42
3,Flat,1313,Winter,878.38
3,Flat,1329,Summer,1751.5
3,Flat,2470,Summer,841.44
4,House,1085,Winter,1385.43
6,Flat,1235,Summer,832.11
3,Flat,419,Rainy,2137.59
1,House,1206,Rainy,383.0
2,House,2240,Summer,3600.05
3,House,1261,Summer,5249.63
5,Flat,1656,Winter,286.7
3,House,2431,Rainy,1313.44
3,House,1672,Winter,1937.35
2,House,402,Winter,161.38
1,House,1101,Winter,995.75
6,House,1845,Summer,7681.98
2,Flat,1675,Summer,3122.66
2,House,1381,Winter,168.92
1,Flat,686,Winter,847.8
4,Flat,811,Winter,963.0
6,House,1593,Rainy,4697.36
6,Flat,960,Summer,830.81
3,House,622,Rainy,2436.98
2,Flat,1574,Summer,559.07
3,Flat,836,Rainy,3835.02
3,Flat,2382,Rainy,93.68
5,Flat,2370,Winter,228.13
5,Flat,1007,Summer,4697.0
5,Flat,1292,Winter,1084.03
1,House,2198,Winter,543.2
2,Flat,532,Winter,2483.13
5,House,1087,Summer,1331.24
1,House,319,Rainy,4734.12
3,Flat,1990,Winter,2716.46
2,House,805,Winter,466.43
1,Flat,2209,Summer,2189.45
5,Flat,2339,Summer,9840.17
6,House,2315,Winter,4569.29
2,House,643,Summer,6904.04
3,Flat,2137,Summer,2550.64
5,Flat,1515,Summer,4213.69
1,House,2075,Summer,1063.49
2,House,2066,Summer,7200.59
3,Flat,1492,Winter,1131.97
4,House,353,Summer,298.28
4,House,1767,Summer,1496.04
1,Flat,2483,Summer,357.77
3,Flat,2278,Rainy,972.71
3,House,1408,Rainy,419.47
4,Flat,1034,Rainy,4680.62
1,Flat,2273,Winter,149.66
2,House,1432,Winter,680.14
6,Flat,768,Summer,1230.19
6,Flat,866,Summer,3842.92
1,House,2346,Winter,2518.98
1,House,1390,Winter,535.48
1,Flat,373,Rainy,425.39
5,House,1575,Summer,1663.12
3,Flat,2093,Winter,374.49
3,House,2153,Rainy,4733.66
2,House,1225,Summer,2062.55
6,House,1611,Winter,697.49
5,House,1711,Winter,1415.1
2,Flat,1292,Rainy,1180.64
3,House,1586,Rainy,1885.75
2,Flat,1751,Winter,185.86
5,Flat,1708,Rainy,1083.38
6,Flat,409,Rainy,1765.75
4,House,2118,Rainy,260.1
4,House,1809,Winter,2322.86
5,Flat,728,Summer,1105.57
6,Flat,2422,Summer,4311.82
5,House,1052,Summer,4259.24
4,Flat,2070,Summer,322.89
1,Flat,1762,Summer,510.78
2,Flat,1551,Rainy,3063.28
1,House,472,Winter,2190.17
1,Flat,525,Summer,2983.19
6,Flat,1655,Winter,497.98
6,House,2268,Winter,309.31
6,Flat,1659,Summer,3913.4
4,Flat,595,Summer,479.45
2,House,565,Winter,1412.45
3,House,2136,Rainy,1457.61
4,Flat,2310,Winter,679.03
5,House,2422,Summer,1946.54
6,House,1984,Rainy,7239.31
1,Flat,1358,Winter,973.5
3,Flat,2144,Rainy,4678.79
5,Flat,372,Summer,759.79
5,House,2445,Rainy,3833.33
2,Flat,1756,Summer,3490.53
6,House,1047,Summer,3357.22
1,House,545,Rainy,1219.01
1,House,1542,Rainy,806.34
3,House,2438,Rainy,2865.22
1,Flat,932,Rainy,785.35
6,House,1516,Rainy,3958.83
4,Flat,1353,Rainy,300.35
6,House,869,Winter,1385.47
4,House,2154,Rainy,2852.19
5,Flat,2114,Rainy,4921.25
5,House,382,Winter,280.33
5,House,1539,Summer,7592.52
6,House,1143,Rainy,538.01
2,Flat,1269,Summer,2491.5
5,Flat,2256,Rainy,3703.7
2,Flat,2257,Rainy,900.63
5,Flat,1102,Summer,4411.18
4,Flat,1971,Rainy,5627.28
5,House,1057,Winter,727.13
2,House,892,Winter,1115.72
1,House,924,Summer,1240.74
2,Flat,1873,Rainy,557.12
2,Flat,2395,Rainy,654.33
6,Flat,2003,Rainy,4715.92
2,Flat,970,Summer,524.02
1,Flat,302,Rainy,376.61
6,Flat,2042,Rainy,2383.77
3,Flat,1562,Rainy,2771.93
2,Flat,1005,Rainy,5334.4
1,Flat,1067,Rainy,2694.91
5,House,2297,Summer,1457.16
4,House,1242,Winter,1977.92
1,House,552,Winter,1642.35
2,House,1531,Summer,14400.78
5,House,1020,Summer,1543.99
1,Flat,1958,Rainy,2319.6
2,Flat,2420,Winter,1417.76
3,Flat,1063,Rainy,604.17
6,Flat,2282,Summer,203.35
4,House,1561,Winter,4315.94
3,Flat,1577,Rainy,1002.44
1,House,2280,Summer,2470.79
6,House,2073,Rainy,4759.17
1,House,1837,Summer,2824.61
4,House,477,Summer,6905.56
1,Flat,1619,Summer,348.2
3,House,1792,Winter,502.55
2,Flat,1870,Summer,3020.34
2,House,1496,Summer,1158.81
2,Flat,1757,Winter,547.94
5,Flat,1009,Rainy,1361.61
5,Flat,871,Rainy,914.33
1,House,1067,Rainy,1562.24
1,Flat,2121,Rainy,81.72
5,House,2114,Rainy,2144.63
6,Flat,763,Winter,408.09
2,Flat,2281,Winter,378.04
6,Flat,477,Rainy,841.08
4,Flat,1435,Rainy,1540.3
1,House,2450,Winter,1100.13
6,House,1629,Summer,177.52
2,House,1284,Summer,2790.78
2,House,1700,Summer,4032.22
4,House,2381,Summer,3539.62
5,House,1934,Rainy,2288.84
5,House,1866,Summer,1374.34
6,Flat,1139,Rainy,367.65
1,Flat,1810,Winter,1438.9
1,House,2230,Rainy,3112.16
3,Flat,2178,Rainy,716.13
3,Flat,312,Winter,2647.47
3,House,1143,Rainy,534.44
3,Flat,1935,Summer,1337.3
3,House,2451,Summer,1073.95
4,House,805,Winter,3513.67
2,House,2414,Rainy,1780.36
3,Flat,1050,Summer,483.0
4,House,1525,Rainy,6122.31
1,Flat,786,Rainy,2642.11
4,House,697,Summer,764.15
1,House,1599,Summer,1678.84
4,House,1095,Summer,2507.88
3,Flat,719,Rainy,860.34
6,House,1627,Rainy,1689.11
6,Flat,1580,Rainy,2841.85
5,Flat,1877,Summer,1439.57
4,Flat,2273,Summer,1916.88
1,House,1471,Summer,356.12
2,House,1685,Rainy,1055.65
3,House,1896,Winter,3375.41
5,House,553,Rainy,854.87
5,House,484,Rainy,2969.31
3,House,1381,Rainy,2594.81
5,House,1749,Rainy,393.27
6,Flat,565,Rainy,694.73
3,House,2196,Winter,3204.86
4,House,2322,Rainy,5062.22
2,Flat,2481,Summer,2972.41
3,Flat,1839,Winter,4125.04
4,House,1874,Rainy,3748.6
3,Flat,2136,Winter,440.43
2,House,674,Summer,1829.69
6,House,2460,Summer,2017.5
4,Flat,1181,Rainy,793.34
5,House,649,Winter,2757.36
4,House,1416,Summer,1054.06
4,Flat,753,Rainy,2016.08
2,Flat,1505,Rainy,2096.6
6,House,1472,Summer,1273.91
1,House,870,Winter,638.15
1,Flat,1628,Summer,3625.93
2,Flat,1186,Rainy,471.62
6,Flat,2270,Winter,865.64
4,House,1685,Summer,2959.27
6,House,1661,Winter,146.56
6,House,1669,Winter,1229.53
1,Flat,865,Rainy,5229.38
6,House,1322,Winter,5755.98
1,Flat,1056,Rainy,419.65
5,Flat,485,Summer,4001.44
5,Flat,1075,Rainy,3492.52
4,Flat,1054,Summer,4478.55
6,Flat,2332,Summer,5820.14
2,House,1302,Winter,281.98
2,Flat,636,Summer,3575.37
5,House,1617,Rainy,1696.06
3,House,516,Summer,5071.13
6,House,1378,Summer,6736.36
2,House,2154,Summer,3069.42
4,House,2249,Rainy,2991.9
5,Flat,2343,Winter,1904.17
4,House,1370,Summer,4055.01
3,House,2043,Rainy,1387.37
6,House,499,Winter,3482.45
6,Flat,2312,Summer,6862.03
3,Flat,2270,Rainy,1751.55
1,House,593,Winter,603.55
5,Flat,512,Summer,4468.86
1,Flat,326,Rainy,1044.47
5,Flat,1217,Winter,774.29
3,House,1759,Rainy,399.75
6,Flat,1540,Summer,2066.21
2,House,1250,Rainy,4716.81
1,Flat,1303,Winter,321.18
4,House,1632,Rainy,748.51
6,House,1993,Winter,2683.33
1,House,970,Rainy,1414.22
5,House,2291,Summer,5271.74
2,House,2086,Summer,5522.79
1,House,2275,Summer,4764.14
2,Flat,1268,Summer,1527.66
5,House,1906,Rainy,4614.2
2,Flat,925,Winter,400.23
3,House,1174,Summer,6499.24
6,Flat,1585,Rainy,7494.5
2,Flat,1676,Rainy,1622.23
4,House,2384,Winter,155.26
3,Flat,334,Rainy,1521.11
4,Flat,1169,Winter,1578.86
6,Flat,731,Winter,555.57
2,Flat,832,Summer,784.02
2,House,2432,Rainy,6469.37
5,House,390,Summer,3880.82
4,Flat,1596,Winter,1017.02
2,Flat,1751,Rainy,679.79
3,House,1084,Summer,1921.72
6,Flat,1422,Winter,314.23
2,Flat,1915,Winter,473.77
6,House,1291,Rainy,351.59
6,Flat,1424,Summer,6011.89
5,House,783,Winter,5023.51
3,Flat,743,Summer,3941.98
6,House,1058,Summer,3325.05
6,House,404,Summer,5073.99
2,Flat,2493,Rainy,3017.58
2,House,1884,Rainy,2884.07
1,Flat,2229,Summer,2858.66
1,House,1942,Rainy,2179.67
2,House,1813,Summer,2776.7
3,Flat,875,Rainy,3198.58
1,House,2023,Winter,395.82
3,House,1740,Rainy,684.2
4,Flat,308,Winter,1104.27
3,Flat,778,Rainy,2958.79
4,Flat,577,Rainy,3368.83
4,House,1875,Summer,9346.59
4,Flat,2293,Rainy,7016.78
5,House,596,Rainy,1322.07
6,Flat,590,Summer,8869.83
3,Flat,1582,Rainy,691.34
1,Flat,2122,Rainy,3262.45
4,House,2228,Winter,3941.49
2,House,2398,Rainy,5313.4
5,House,828,Summer,5195.79
5,House,1541,Winter,1195.59
2,Flat,1488,Rainy,3268.88
2,Flat,1847,Rainy,1363.91
3,Flat,1098,Summer,1957.61
3,Flat,2024,Winter,388.1
4,House,2274,Rainy,841.03
6,House,1278,Winter,3755.67
6,Flat,1690,Summer,5262.08
5,House,696,Winter,1278.74
4,House,712,Summer,2655.03
4,House,1995,Rainy,472.66
6,House,1437,Summer,853.69
1,House,750,Rainy,4233.57
6,House,1365,Summer,415.72
1,House,1443,Rainy,1028.74
4,House,1670,Summer,1300.96
3,House,736,Summer,3627.57
6,House,1664,Winter,1774.38
4,Flat,1048,Rainy,3541.53
2,Flat,2013,Summer,3310.68
6,House,525,Winter,4121.65
2,Flat,1827,Winter,283.16
6,Flat,2439,Winter,419.69
3,House,983,Summer,2874.1
3,House,1557,Rainy,1223.61
4,House,1842,Winter,4028.77
2,Flat,1487,Winter,1770.63
3,House,1959,Winter,977.19
4,House,612,Rainy,802.47
3,House,1946,Summer,554.68
2,Flat,1417,Rainy,1161.57
3,House,2493,Winter,791.55
2,House,1744,Rainy,1822.93
4,Flat,2319,Summer,70.85
1,House,1047,Summer,3688.4
6,Flat,1805,Rainy,3967.04
1,House,768,Winter,714.12
1,House,941,Winter,2649.13
6,House,1379,Winter,480.89
1,House,2413,Winter,731.36
1,House,1489,Rainy,1330.42
5,Flat,1838,Summer,362.75
3,Flat,1964,Winter,490.09
2,Flat,1215,Rainy,2429.69
2,Flat,1921,Rainy,5553.49
6,House,2420,Winter,2409.51
1,House,1041,Summer,103.4
6,Flat,2222,Rainy,1820.9
5,Flat,748,Winter,1615.79
6,Flat,2426,Winter,488.42
5,House,2498,Rainy,5208.47
6,House,1656,Winter,3295.92
5,Flat,315,Rainy,3778.36
5,House,2180,Winter,1021.73
6,House,1386,Summer,1220.77
5,House,1375,Rainy,1500.91
2,Flat,521,Rainy,1106.8
2,Flat,1440,Rainy,601.06
5,Flat,1295,Summer,724.13
6,House,1087,Summer,1496.6
2,House,818,Winter,544.46
6,House,1927,Winter,3645.69
6,Flat,398,Winter,759.01
4,House,411,Summer,8242.02
5,Flat,2249,Rainy,216.79
5,House,506,Rainy,3788.62
5,House,685,Rainy,2324.17
1,Flat,529,Summer,1747.43
1,Flat,2227,Summer,2402.97
6,House,876,Winter,194.55
1,Flat,1714,Winter,1027.15
4,Flat,420,Summer,5411.63
3,Flat,530,Summer,882.55
1,Flat,2367,Rainy,2555.15
4,Flat,1091,Winter,475.22
1,House,814,Summer,3651.18
2,House,1222,Summer,603.8
5,House,505,Winter,3302.43
3,House,1779,Rainy,3689.26
3,House,1442,Winter,542.34
5,House,1927,Rainy,3577.78
1,House,889,Winter,622.66
4,House,1579,Winter,846.24
4,House,967,Rainy,1743.6
2,House,1635,Summer,1187.83
2,Flat,1622,Winter,4044.7
5,House,785,Rainy,465.19
2,House,2063,Summer,333.36
2,Flat,2125,Rainy,2139.98
2,House,1470,Rainy,2163.04
4,Flat,513,Summer,9927.66
2,House,685,Summer,1921.1
1,Flat,1783,Summer,890.72
6,Flat,1182,Winter,708.58
4,House,2260,Rainy,392.48
4,Flat,2413,Rainy,1980.18
2,Flat,1060,Rainy,1332.5
6,House,843,Summer,8330.9
3,House,1578,Summer,2932.84
4,House,1704,Rainy,686.93
4,House,1964,Winter,531.59
2,House,1026,Rainy,252.37
5,Flat,1164,Summer,5168.72
1,House,1763,Rainy,1965.16
4,House,374,Summer,6898.3
3,House,2260,Rainy,2901.2
1,Flat,2443,Rainy,2255.65
3,House,922,Summer,8401.67
4,House,2224,Winter,4741.64
6,House,1109,Winter,1829.17
2,Flat,1707,Winter,1432.06
2,House,1196,Rainy,1825.02
2,House,819,Summer,2291.06
3,House,948,Summer,8584.48
3,House,2070,Summer,3441.92
4,Flat,1096,Rainy,1230.05
5,Flat,424,Rainy,1467.43
1,House,2489,Winter,826.76
2,Flat,2270,Summer,753.32
1,House,1769,Winter,846.21
3,Flat,1730,Winter,1478.37
5,House,2290,Rainy,2100.61
2,House,2271,Winter,862.53
1,Flat,1943,Winter,1483.07
1,Flat,1118,Winter,777.21
3,House,1293,Summer,4661.51
5,Flat,682,Rainy,810.94
2,House,2300,Rainy,358.81
2,House,1397,Summer,2053.3
1,House,330,Summer,435.19
4,Flat,1022,Winter,1186.4
3,House,1362,Winter,5981.58
2,Flat,359,Rainy,6273.34
5,Flat,965,Rainy,3294.23
4,Flat,502,Winter,399.92
6,Flat,426,Summer,5248.72
1,House,2303,Summer,2577.54
3,House,1672,Rainy,5586.78
6,Flat,2389,Winter,3859.86
5,House,313,Rainy,329.92
3,Flat,2152,Summer,5123.21
2,House,2233,Rainy,1215.75
4,Flat,1367,Winter,1279.9
1,House,1819,Winter,1004.45
1,House,2360,Rainy,1337.67
3,Flat,1532,Summer,3154.49
5,House,1463,Rainy,1092.21
4,House,2357,Summer,4032.22
6,House,1125,Winter,550.19
1,Flat,1468,Winter,577.75
2,Flat,1908,Summer,333.38
5,House,367,Summer,1915.5
4,Flat,1527,Rainy,1536.29
4,House,2384,Rainy,1031.36
6,Flat,1823,Summer,10822.44
5,Flat,455,Summer,1698.22
5,Flat,597,Summer,7048.85
5,Flat,1801,Summer,3346.79
1,Flat,2425,Rainy,2844.17
6,Flat,743,Rainy,449.06
3,Flat,2071,Summer,6863.6
1,House,1743,Winter,303.96
6,Flat,1203,Winter,1255.99
1,House,1301,Summer,460.75
2,Flat,2263,Summer,187.18
3,Flat,800,Summer,977.78
4,Flat,1315,Summer,3654.01
4,Flat,1017,Winter,229.25
1,House,1760,Summer,6772.56
1,House,1193,Winter,1061.86
5,House,2077,Summer,1285.82
2,Flat,1752,Summer,3058.53
6,House,1793,Winter,1192.05
6,Flat,458,Summer,424.25
6,Flat,1387,Winter,2071.57
3,House,1832,Winter,890.46
2,Flat,425,Rainy,1643.94
2,Flat,1488,Summer,1701.89
1,Flat,622,Winter,563.31
2,Flat,1888,Summer,1416.34
4,House,2070,Winter,3079.16
4,House,1249,Summer,2979.5
1,Flat,635,Winter,267.79
6,House,513,Summer,466.12
4,House,1808,Winter,4391.63
3,House,901,Summer,1749.64
4,House,1233,Rainy,5060.48
4,Flat,490,Summer,3477.52
4,House,1646,Rainy,1055.22
4,Flat,1256,Summer,5104.37
1,Flat,558,Winter,1044.32
4,House,575,Rainy,1841.83
1,House,1581,Summer,2034.8
1,Flat,590,Rainy,2816.74
3,House,2218,Rainy,611.07
5,House,1216,Rainy,110.86
6,Flat,1195,Summer,781.05
4,Flat,368,Summer,1580.63
4,Flat,2498,Summer,5541.71
6,House,776,Rainy,2024.95
1,Flat,943,Rainy,2419.71
3,Flat,1497,Winter,139.49
1,Flat,1428,Rainy,3040.37
6,House,432,Summer,4580.57
6,Flat,1895,Rainy,336.92
5,Flat,2292,Summer,2198.07
5,House,1999,Winter,1619.64
5,Flat,1318,Rainy,1945.14
6,House,1702,Rainy,936.81
5,House,748,Summer,3404.54
2,Flat,1686,Summer,11784.16
2,Flat,1699,Summer,1001.05
6,Flat,1364,Summer,6448.85
4,House,1413,Rainy,503.38
4,Flat,1157,Rainy,569.21
5,Flat,2308,Summer,4289.43
3,House,909,Summer,1762.81
6,House,1764,Winter,2357.8
2,House,1360,Rainy,4687.77
2,House,2017,Rainy,262.8
2,Flat,1824,Winter,2058.83
4,House,1015,Summer,13459.47
3,Flat,1501,Winter,340.47
6,House,1426,Rainy,3064.67
1,House,1121,Rainy,2306.1
6,House,637,Winter,1259.58
3,House,1767,Summer,9941.88
2,Flat,821,Winter,376.09
1,Flat,1068,Winter,1245.73
3,House,1765,Winter,401.88
6,House,519,Rainy,4483.19
2,Flat,1008,Summer,6466.64
5,Flat,1942,Winter,1658.78
5,Flat,631,Winter,1856.17
2,Flat,1765,Summer,534.75
5,House,759,Rainy,5898.43
1,House,2043,Rainy,590.34
1,House,1728,Rainy,1577.21
4,House,2456,Summer,6886.86
5,House,1130,Winter,1309.47
5,House,2191,Summer,968.38
5,House,2054,Rainy,161.55
5,Flat,923,Summer,3714.7
2,Flat,915,Summer,1367.02
6,Flat,1995,Rainy,5601.02
5,House,1845,Winter,320.09
6,House,319,Summer,3718.62
5,Flat,1132,Rainy,4177.19
3,House,593,Winter,335.76
2,Flat,2389,Winter,2218.81
5,House,863,Summer,380.94
2,House,320,Summer,3671.95
2,House,2466,Rainy,3802.49
3,Flat,2367,Winter,853.33
5,House,919,Summer,10036.54
2,Flat,644,Rainy,969.05
5,House,1341,Rainy,1006.88
5,Flat,1886,Summer,3257.26
3,Flat,323,Summer,1423.76
2,House,1041,Winter,364.86
2,House,1037,Rainy,3776.8
3,House,1536,Rainy,1384.9
6,Flat,467,Summer,1957.49
4,House,2441,Summer,826.35
3,House,2451,Rainy,230.08
4,Flat,2243,Winter,371.99
1,House,998,Summer,4482.49
3,House,2434,Winter,265.32
5,Flat,1439,Winter,887.59
5,House,1849,Summer,7163.49
2,House,378,Winter,5245.5
3,House,894,Rainy,4657.6
5,Flat,788,Rainy,124.15
3,House,2363,Rainy,2320.9
3,House,342,Winter,4047.75
4,Flat,1806,Winter,877.57
6,House,1599,Summer,670.28
3,House,1739,Rainy,928.83
2,Flat,513,Winter,1698.8
3,Flat,1526,Summer,544.78
3,Flat,2315,Rainy,3644.69
4,House,2168,Winter,1524.93
5,Flat,1469,Winter,2269.42
5,House,1121,Winter,4433.24
1,House,1552,Winter,1299.55
2,House,2036,Rainy,1883.18
6,House,585,Summer,2267.48
2,Flat,1053,Summer,3580.87
6,House,1741,Summer,1466.38
5,House,2242,Rainy,3416.16
1,House,2136,Rainy,2458.89
5,Flat,1921,Summer,240.45
5,House,448,Winter,1981.73
2,House,471,Summer,719.33
2,House,2479,Summer,3384.95
2,Flat,1681,Rainy,796.23
4,House,1629,Summer,654.68
1,Flat,691,Rainy,1409.01
6,House,885,Summer,9402.61
1,Flat,2135,Rainy,1096.43
5,House,2362,Rainy,960.87
5,Flat,2194,Summer,7053.22
1,Flat,599,Summer,474.12
5,Flat,533,Winter,3465.58
4,Flat,1369,Winter,2334.98
4,House,2226,Summer,2460.98
2,House,2083,Winter,7258.55
3,Flat,1182,Rainy,3620.32
4,Flat,1503,Rainy,1617.41
2,Flat,470,Summer,5015.9
1,Flat,2114,Summer,363.81
3,House,2286,Winter,3611.99
3,Flat,666,Summer,3454.6
6,Flat,2316,Summer,8183.2
5,Flat,1511,Rainy,4797.13
1,House,1797,Winter,1602.17
3,House,1878,Winter,151.48
1,Flat,1723,Summer,3942.2
6,House,1517,Rainy,4330.32
4,Flat,480,Summer,1870.06
5,House,1335,Winter,1434.42
1,Flat,1021,Summer,2833.78
6,House,606,Summer,5934.08
5,House,1619,Winter,3288.39
1,House,1739,Winter,3767.38
6,Flat,313,Summer,608.8
5,House,1008,Winter,6806.62
3,House,1052,Winter,3168.97
1,Flat,1323,Winter,1636.54
1,Flat,393,Summer,326.16
3,House,1915,Winter,1384.66
4,House,870,Rainy,1137.1
2,Flat,1019,Rainy,4863.11
2,Flat,1091,Summer,8559.08
2,Flat,560,Summer,254.55
2,House,879,Winter,158.32
2,House,1512,Rainy,2784.26
6,Flat,1747,Rainy,633.32
6,House,1685,Summer,2970.32
1,Flat,1572,Summer,732.29
6,House,1394,Rainy,2795.08
5,Flat,1705,Summer,2373.94
4,House,333,Summer,7460.57
5,Flat,2064,Summer,241.71
1,House,1374,Rainy,4525.42
5,Flat,529,Rainy,1775.05
6,House,2485,Rainy,403.13
5,Flat,357,Rainy,3349.87
6,Flat,2221,Summer,172.96
4,Flat,2276,Summer,527.18
1,House,789,Winter,2923.57
3,House,949,Winter,2812.96
1,House,1232,Winter,3635.22
1,Flat,2121,Rainy,310.28
6,Flat,1420,Rainy,3681.16
3,House,1442,Winter,2953.07
5,Flat,781,Summer,1846.92
5,House,981,Winter,415.74
1,Flat,468,Rainy,234.72
2,Flat,2440,Rainy,884.12
5,Flat,1446,Winter,450.14
4,House,2129,Summer,580.17
4,Flat,1994,Winter,405.83
5,House,856,Winter,1499.64
3,House,2212,Rainy,3885.16
2,House,403,Summer,5705.08
4,Flat,1620,Winter,429.5
3,Flat,1718,Winter,1179.81
5,Flat,2430,Rainy,4666.04
3,Flat,2482,Winter,2052.64
4,House,1390,Summer,9080.77
3,Flat,2449,Summer,1707.18
5,House,666,Winter,4585.81
5,Flat,1160,Winter,234.19
4,Flat,1992,Rainy,1114.7
5,Flat,623,Rainy,326.7
2,Flat,1029,Rainy,5003.8
5,Flat,911,Summer,1158.06
2,House,1877,Rainy,8606.18
2,Flat,946,Rainy,5499.17
6,House,673,Summer,4997.47
1,Flat,1906,Winter,1033.81
2,Flat,376,Winter,605.94
6,House,1561,Rainy,4997.42
2,House,824,Rainy,839.95
4,Flat,2486,Winter,1264.82
6,Flat,2169,Summer,1591.56
3,House,1453,Rainy,288.06
3,House,566,Summer,7607.52
1,House,445,Summer,1864.27
2,House,1965,Rainy,2872.19
5,Flat,2034,Summer,1428.13
5,House,2312,Summer,2562.75
2,Flat,2214,Rainy,2024.63
2,Flat,1149,Summer,9492.78
4,House,1494,Winter,991.59
4,House,554,Rainy,3722.89
3,Flat,758,Summer,2506.77
5,Flat,388,Rainy,1800.1
5,Flat,656,Summer,1627.1
6,Flat,1612,Rainy,1191.63
3,Flat,2019,Winter,63.0
3,Flat,754,Rainy,2283.13
3,House,1310,Summer,1080.41
2,House,1054,Summer,5486.44
1,Flat,1439,Summer,1517.34
2,House,2336,Summer,3248.22
6,Flat,2007,Summer,427.76
2,House,2059,Winter,1182.62
2,House,1819,Winter,2464.44
4,House,354,Summer,673.09
4,House,757,Winter,597.88
6,House,1977,Winter,727.24
3,House,356,Summer,5027.7
6,House,416,Rainy,1897.29
5,House,2322,Winter,165.46
5,House,994,Winter,815.91
6,Flat,602,Winter,3337.6
1,Flat,1518,Winter,538.05
5,Flat,493,Summer,3209.45
3,House,2450,Winter,10435.27
2,Flat,2207,Rainy,2404.18
1,House,1692,Winter,4416.83
3,Flat,1648,Rainy,1758.85
3,Flat,2324,Summer,2143.24
2,Flat,737,Rainy,2030.49
2,House,2458,Rainy,1100.74
1,Flat,439,Winter,481.88
5,Flat,2018,Rainy,1058.15
6,Flat,1189,Winter,309.74
6,House,2135,Summer,6929.79
6,House,1517,Summer,5194.94
2,House,458,Summer,4262.74
4,House,405,Summer,507.84
6,Flat,2431,Rainy,4307.33
2,House,890,Winter,110.96
2,House,2418,Winter,1611.66
4,House,546,Summer,6487.46
3,Flat,365,Winter,1539.97
4,House,2053,Summer,960.95
5,House,541,Winter,223.94
4,Flat,1134,Summer,1727.81
1,House,2342,Rainy,6240.96
3,Flat,1513,Rainy,6931.12
6,Flat,567,Winter,3821.16
4,Flat,1945,Winter,490.1
5,House,1304,Rainy,2356.57
2,Flat,2414,Winter,5061.98
3,Flat,848,Winter,3026.51
3,Flat,2009,Summer,510.72
5,Flat,1491,Winter,58.79
3,Flat,1311,Winter,231.25
5,Flat,2255,Summer,3207.05
3,House,712,Winter,530.71
4,House,742,Summer,1776.7
1,House,654,Rainy,1352.12
4,House,1131,Summer,4700.64
4,Flat,821,Winter,1244.44
3,Flat,1026,Winter,763.18
6,Flat,2180,Rainy,1898.68
2,Flat,2257,Summer,6316.79
2,Flat,528,Summer,15521.0
1,House,1801,Winter,2231.22
3,House,1846,Summer,4055.31
1,House,1929,Winter,703.7
4,House,2409,Rainy,486.48
1,Flat,1926,Summer,1063.97
1,House,2214,Rainy,7715.73
3,Flat,504,Summer,5414.3
1,House,677,Rainy,5546.93
4,Flat,471,Rainy,2305.44
1,Flat,1388,Rainy,1697.94
5,Flat,2103,Rainy,728.06
5,Flat,820,Winter,373.28
1,Flat,2411,Rainy,1071.96
2,House,378,Summer,3800.27
3,Flat,409,Summer,102.24
4,Flat,1651,Summer,1245.98
3,House,743,Summer,688.37
3,Flat,1199,Summer,1230.82
5,Flat,959,Winter,1671.43
3,Flat,309,Summer,7127.95
6,House,1317,Summer,1889.46
1,Flat,2176,Winter,1730.73
5,Flat,2091,Winter,1935.37
4,House,2264,Winter,715.44
2,House,1263,Rainy,3014.82
5,House,518,Summer,4230.45
5,Flat,1312,Winter,107.56
2,House,1709,Summer,76.03
6,House,1756,Rainy,948.66
4,Flat,1321,Rainy,1381.57
3,Flat,913,Rainy,676.43
1,Flat,467,Winter,744.21
2,House,721,Rainy,5438.1
1,House,2224,Summer,1625.36
6,House,579,Summer,8309.11
4,House,1147,Rainy,1613.3
2,House,2192,Summer,8932.76
2,Flat,2435,Rainy,2197.1
2,House,750,Summer,5276.36
2,Flat,346,Summer,3614.41
4,House,1454,Summer,7772.65
1,House,701,Summer,7188.64
2,Flat,772,Winter,1465.96
6,Flat,859,Summer,335.58
6,Flat,1969,Summer,2890.05
6,Flat,1459,Rainy,3187.62
6,House,2083,Winter,4571.51
6,House,1270,Winter,1152.79
5,House,1932,Winter,5386.12
5,House,1547,Winter,5979.98
4,House,649,Summer,407.07
6,Flat,958,Winter,2962.25
6,House,954,Winter,6994.18
6,Flat,1490,Winter,2897.12
4,House,735,Winter,1535.83
1,Flat,350,Winter,1582.37
3,Flat,675,Winter,3310.21
5,Flat,574,Rainy,4305.97
4,Flat,572,Rainy,298.87
2,Flat,799,Summer,9332.53
4,Flat,584,Summer,6307.34
5,House,2036,Winter,3899.87
3,House,902,Winter,5698.21
6,House,1271,Summer,1153.65
1,House,2244,Summer,679.31
3,House,885,Winter,1392.46
5,Flat,2241,Rainy,4567.02
2,Flat,1956,Summer,522.5
3,Flat,2130,Winter,831.33
6,Flat,1407,Winter,2463.49
1,Flat,2348,Winter,2151.62
2,Flat,303,Rainy,2535.41
1,House,2396,Winter,682.22
3,Flat,1651,Winter,4191.28
6,House,989,Summer,796.5
5,Flat,752,Summer,2501.98
6,House,1724,Rainy,4171.9
4,House,1196,Winter,1688.41
6,House,492,Summer,1024.34
2,House,341,Rainy,639.83
6,House,2356,Summer,5209.4
3,Flat,2405,Winter,3138.31
4,Flat,1031,Summer,9536.05
3,Flat,364,Rainy,527.38
3,Flat,1113,Rainy,5422.44
3,House,746,Winter,742.66
3,House,1759,Winter,813.09
3,House,2356,Rainy,4741.4
2,Flat,1617,Winter,5931.91
4,House,1254,Rainy,5769.81
2,Flat,418,Rainy,944.09
4,Flat,2467,Summer,358.9
3,House,1345,Summer,4789.54
1,House,2047,Rainy,5941.9
5,House,1614,Rainy,1642.67
6,Flat,2287,Summer,3608.22
3,House,1333,Winter,2667.07
1,House,1620,Rainy,630.0
1,Flat,717,Rainy,5160.49
5,Flat,1441,Rainy,6491.38
5,House,1020,Winter,2389.52
2,Flat,1598,Winter,1276.12
3,Flat,1882,Rainy,1429.19
5,House,1189,Winter,991.06
1,House,2242,Winter,1973.7
5,House,1594,Summer,185.2
3,House,1043,Summer,2188.21
6,Flat,1001,Rainy,4111.44
2,Flat,2180,Winter,515.39
3,House,1175,Rainy,1647.42
6,House,929,Rainy,2918.05
2,Flat,2189,Winter,314.02
1,House,1128,Rainy,1575.85
2,Flat,1023,Rainy,1055.45
3,House,481,Winter,5533.91
3,House,1514,Summer,2258.54
3,Flat,1351,Winter,273.88
2,Flat,2107,Winter,361.73
6,Flat,759,Winter,1233.65
4,Flat,915,Winter,1032.32
2,House,1054,Summer,4836.96
6,House,356,Winter,1592.24
2,Flat,1982,Winter,1003.3
5,Flat,2372,Rainy,192.84
5,Flat,2133,Rainy,1479.56
1,House,1264,Rainy,2486.91
2,Flat,497,Rainy,4152.27
5,House,803,Winter,3159.34
6,House,2155,Rainy,2877.4
5,House,1628,Winter,1128.22
1,Flat,997,Winter,3309.09
2,House,790,Summer,388.34
5,Flat,1963,Rainy,6585.44
3,Flat,2376,Rainy,558.26
6,Flat,1501,Winter,2210.13
2,Flat,1977,Rainy,1669.99
1,Flat,2020,Rainy,331.82
5,House,627,Rainy,752.4
2,House,797,Summer,2369.81
1,Flat,1947,Summer,154.25
3,Flat,1626,Summer,1307.97
2,Flat,593,Summer,647.48
3,Flat,1597,Rainy,475.1
3,House,1014,Rainy,928.03
3,House,2104,Summer,2252.02
5,Flat,1239,Winter,4465.51
5,Flat,845,Winter,1197.22
6,House,2500,Rainy,2041.36
1,House,1259,Rainy,1363.41
1,House,2453,Summer,12288.97
5,Flat,1109,Winter,1908.33
1,Flat,1490,Rainy,3059.4
6,House,1254,Rainy,5655.76
6,Flat,1181,Winter,1987.85
2,Flat,1399,Rainy,1882.8
2,Flat,1845,Rainy,1643.16
1,House,2161,Rainy,1328.78
6,Flat,527,Summer,4003.9
5,Flat,2272,Winter,4886.14
4,Flat,1057,Rainy,296.29
6,Flat,1712,Rainy,2356.19
3,House,1291,Winter,2815.25
1,Flat,554,Summer,4368.7
4,Flat,514,Winter,768.46
5,Flat,886,Summer,5015.31
3,House,1932,Rainy,1049.12
1,House,1649,Winter,2725.89
6,House,2344,Rainy,3733.06
6,Flat,1271,Rainy,6676.49
2,Flat,448,Winter,1202.88
2,Flat,954,Summer,343.51
3,Flat,912,Summer,3489.97
4,Flat,640,Summer,244.05
3,Flat,1066,Summer,2712.01
4,House,1899,Winter,277.51
2,Flat,2125,Rainy,3589.24
3,Flat,966,Rainy,717.79
2,House,2002,Summer,6472.32
1,Flat,365,Rainy,505.11
2,House,804,Winter,4652.84
3,House,2500,Summer,74.88
3,Flat,620,Summer,1709.46
1,House,2287,Winter,2639.24
1,Flat,1745,Winter,1267.12
2,House,1982,Winter,5139.61
2,House,1893,Summer,2708.63
3,Flat,350,Rainy,6844.38
5,House,2126,Winter,3263.53
1,Flat,760,Summer,968.0
2,Flat,2500,Rainy,2310.89
3,Flat,354,Summer,3620.81
1,Flat,1661,Rainy,4482.83
2,Flat,440,Rainy,1365.28
2,House,354,Winter,879.26
2,Flat,844,Rainy,65.67
4,Flat,1746,Winter,4362.75
4,Flat,1583,Winter,579.79
1,House,495,Summer,3784.49
6,House,1138,Winter,408.38
3,Flat,2493,Summer,1013.08
2,Flat,1102,Winter,819.56
3,House,384,Rainy,2657.9
2,House,611,Summer,4209.75
3,Flat,1468,Summer,4318.77
1,Flat,2367,Rainy,5515.88
1,Flat,1822,Rainy,193.41
4,House,529,Rainy,844.14
1,Flat,1532,Summer,3015.33
2,House,944,Summer,1465.24
3,House,1835,Summer,126.22
5,Flat,2146,Summer,3883.51
5,Flat,2046,Rainy,2523.93
4,House,2019,Rainy,4034.72
4,Flat,817,Summer,2118.59
3,Flat,2305,Rainy,761.83
1,House,2089,Winter,732.35
2,House,1545,Rainy,1180.36
2,House,1573,Summer,258.04
1,Flat,1024,Rainy,1071.7
3,House,1279,Rainy,3796.34
3,House,1147,Summer,266.52
3,Flat,1675,Winter,2467.35
2,Flat,1826,Rainy,376.85
1,House,1255,Rainy,795.88
1,House,2271,Rainy,373.2
1,House,669,Winter,1972.63
5,House,403,Rainy,2227.49
6,Flat,931,Winter,2054.53
3,House,1428,Winter,3304.38
2,House,504,Rainy,697.53
5,Flat,1451,Rainy,303.59
6,House,2291,Winter,211.48
5,House,1186,Summer,10374.49
3,House,1623,Summer,5271.86
6,Flat,1058,Winter,3479.59
3,House,376,Winter,870.76
4,House,1009,Summer,1850.1
2,House,2115,Rainy,1758.36
3,House,2250,Winter,284.97
4,Flat,1941,Winter,1452.99
3,House,441,Rainy,1277.72
5,House,1579,Summer,410.32
3,Flat,557,Summer,605.42
3,Flat,456,Winter,614.21
5,Flat,1095,Rainy,761.0
5,Flat,2124,Rainy,227.9
5,Flat,2499,Winter,830.76
2,Flat,1763,Winter,752.54
5,House,2127,Summer,8677.81
3,House,2097,Rainy,3824.08
6,House,2029,Summer,4572.6
6,House,1461,Winter,1006.38
2,Flat,1020,Winter,523.52
6,Flat,2466,Summer,3427.65
4,Flat,2283,Summer,5560.72
2,Flat,1860,Winter,600.55
2,House,570,Winter,2805.75
1,House,1787,Rainy,2992.19
2,Flat,1965,Winter,1367.43
4,Flat,1500,Summer,358.89
4,House,1184,Summer,8707.44
4,Flat,854,Summer,2571.95
3,House,506,Winter,1922.1
5,Flat,1725,Summer,875.6
2,Flat,2403,Rainy,2359.69
2,Flat,1791,Winter,296.72
1,House,804,Winter,2674.85
3,Flat,1155,Winter,4608.92
3,Flat,2321,Winter,2449.8
2,Flat,2317,Summer,2421.83
5,House,325,Winter,1185.47
5,House,1024,Summer,5854.53
4,House,1287,Summer,7892.03
3,Flat,728,Rainy,1955.79
6,Flat,1264,Summer,4631.23
1,House,1470,Winter,279.56
4,Flat,1146,Rainy,122.23
2,House,956,Rainy,2549.9
5,Flat,1752,Rainy,525.26
1,House,1593,Summer,9297.13
6,House,631,Summer,6650.51
1,Flat,1705,Winter,1111.9
3,Flat,560,Rainy,2958.76
6,House,2120,Winter,591.14
1,House,2012,Winter,885.59
3,House,2313,Summer,4165.19
2,Flat,2023,Summer,1971.28
2,Flat,2486,Summer,3238.65
3,Flat,925,Summer,2242.76
4,Flat,476,Summer,1855.26
1,Flat,1723,Winter,1589.28
2,House,571,Rainy,2134.42
6,House,1317,Summer,1548.92
6,House,1492,Winter,480.85
6,Flat,2264,Winter,937.64
3,Flat,1412,Summer,5607.52
1,Flat,1152,Summer,1222.91
5,House,1005,Summer,1180.02
6,Flat,1505,Rainy,571.09
2,Flat,2284,Rainy,3328.67
6,House,1293,Summer,6993.2
4,House,1659,Summer,5784.75
4,House,1394,Winter,4775.63
2,House,2130,Summer,7434.49
5,Flat,1419,Summer,2264.18
6,Flat,1046,Winter,1509.48
1,Flat,2096,Rainy,1076.09
4,House,1568,Rainy,409.95
2,Flat,2393,Summer,8476.77
5,Flat,2224,Summer,3088.57
2,Flat,897,Summer,3087.47
1,Flat,1264,Rainy,2052.19
2,Flat,1570,Rainy,1167.53
5,Flat,1187,Winter,3137.54
5,House,1225,Winter,3282.18
2,Flat,2250,Rainy,5136.61
6,Flat,1496,Rainy,2030.46
3,House,1789,Winter,2398.2
3,House,516,Rainy,5938.61
5,House,844,Rainy,5547.79
6,House,1309,Rainy,7598.69
2,Flat,1330,Winter,1152.46
6,House,613,Summer,1228.37
5,House,1910,Rainy,182.97
5,House,2433,Rainy,1936.85
4,House,675,Rainy,1324.52
1,House,2052,Winter,3970.24
3,House,2258,Summer,582.14
1,Flat,848,Summer,546.32
3,House,2329,Summer,3592.51
3,Flat,824,Rainy,508.41
5,House,1031,Summer,1255.33
5,House,1296,Rainy,3027.49
1,Flat,1868,Rainy,659.04
5,House,1508,Rainy,745.26
4,Flat,2047,Rainy,6815.89
1,Flat,1620,Rainy,4257.86
3,Flat,1726,Rainy,598.75
2,House,1016,Rainy,417.35
2,Flat,1576,Winter,6203.02
4,Flat,1585,Winter,4433.7
6,House,1288,Summer,2832.99
2,Flat,1179,Summer,2045.56
5,House,1735,Rainy,1447.16
1,Flat,836,Summer,6499.57
4,Flat,1688,Rainy,1020.8
1,Flat,871,Summer,361.84
5,Flat,2105,Winter,1088.51
6,Flat,1425,Summer,3027.16
3,House,2300,Winter,1563.06
6,Flat,1749,Winter,1048.26
5,House,641,Summer,6421.52
4,Flat,749,Rainy,1460.24
2,Flat,1308,Summer,937.5
6,House,1147,Rainy,1082.42
2,House,1977,Summer,763.41
1,House,1377,Winter,392.4
2,Flat,1321,Rainy,2396.25
6,House,1955,Winter,4184.93
2,House,1941,Winter,301.09
2,Flat,932,Summer,290.65
5,Flat,2389,Rainy,1036.21
4,Flat,558,Winter,397.48
1,House,2196,Rainy,2931.6
2,Flat,2087,Winter,1336.53
1,Flat,518,Summer,1688.1
4,Flat,342,Winter,1347.02
5,House,514,Winter,1515.19
2,House,1850,Rainy,1885.59
2,Flat,1694,Rainy,4459.98
5,Flat,767,Winter,493.02
2,House,542,Winter,1804.38
6,Flat,552,Rainy,1226.31
1,Flat,649,Summer,3469.26
3,Flat,1722,Winter,2499.33
4,Flat,2186,Winter,1902.68
3,House,1378,Winter,148.58
4,Flat,1033,Winter,400.29
5,Flat,1419,Rainy,475.34
4,House,2173,Winter,1165.97
3,House,2434,Winter,719.32
6,House,1613,Winter,3689.09
3,Flat,2248,Winter,915.41
6,House,902,Rainy,3299.9
3,Flat,1227,Winter,1559.57
4,House,955,Winter,520.12
4,House,1981,Winter,7801.2
1,House,912,Rainy,1596.55
2,House,1743,Winter,1677.21
6,House,1813,Winter,454.77
2,House,1865,Summer,6649.71
3,Flat,550,Summer,1267.26
1,House,1197,Rainy,768.18
3,Flat,844,Rainy,2290.38
6,House,1828,Summer,15779.97
1,Flat,1446,Summer,3500.0
6,Flat,827,Winter,556.24
4,Flat,1251,Winter,5422.42
4,House,834,Winter,1380.41
5,Flat,568,Rainy,2207.66
2,Flat,645,Winter,1924.08
2,Flat,2321,Winter,1462.27
3,House,1468,Summer,7578.61
5,Flat,1815,Winter,424.57
5,Flat,2118,Winter,1294.62
2,Flat,926,Winter,83.95
5,House,808,Winter,1583.32
2,House,1246,Rainy,3144.48
3,House,1809,Winter,6282.42
6,Flat,429,Winter,5674.81
4,Flat,1812,Rainy,2558.87
1,House,1764,Rainy,1105.79
5,Flat,673,Summer,1630.48
2,House,1399,Winter,1114.73
2,House,741,Summer,890.06
3,House,1445,Summer,2789.67
1,House,1383,Rainy,4144.77
3,Flat,1084,Rainy,1043.97
5,House,1568,Winter,152.19
6,Flat,1588,Summer,3031.87
2,House,510,Summer,9961.33
3,Flat,2365,Winter,37.36
1,House,848,Summer,3853.44
5,House,755,Winter,2120.59
6,Flat,2180,Rainy,2372.45
2,House,620,Rainy,727.64
6,House,1974,Rainy,8402.73
5,Flat,1614,Rainy,266.67
1,Flat,1101,Rainy,392.97
5,Flat,674,Winter,578.24
3,House,915,Summer,3797.78
4,House,628,Summer,8573.68
2,Flat,2317,Summer,358.26
5,House,1518,Summer,1158.88
5,Flat,2209,Summer,1431.32
1,Flat,1207,Summer,571.2
3,House,801,Rainy,849.4
2,House,1841,Winter,3084.69
2,House,915,Summer,106.62
3,House,1582,Winter,663.88
4,House,2262,Summer,7371.81
3,Flat,1283,Summer,11633.02
6,House,2146,Summer,146.93
2,House,1496,Summer,4584.64
5,House,2467,Winter,3411.03
3,House,507,Summer,6564.31
5,House,1606,Winter,1121.3
4,House,1699,Winter,494.63
2,Flat,1821,Winter,493.63
3,Flat,2000,Summer,879.52
2,House,825,Rainy,690.47
4,Flat,1263,Rainy,752.93
1,Flat,1983,Winter,1730.03
1,Flat,1452,Winter,851.26
3,House,902,Summer,6455.31
3,Flat,1954,Winter,3837.3
1,House,2353,Rainy,2001.82
2,House,1324,Summer,1834.13
2,House,1088,Winter,7024.38
3,House,1898,Rainy,6202.08
4,Flat,969,Summer,754.53
6,House,2430,Winter,132.72
3,House,608,Summer,4874.75
1,House,335,Winter,804.95
3,Flat,1929,Winter,2972.63
5,Flat,1887,Summer,1664.66
2,Flat,1965,Summer,1244.12
1,Flat,1152,Winter,1262.49
3,House,1643,Winter,211.98
1,Flat,1171,Summer,2298.06
1,Flat,1041,Summer,678.11
5,Flat,2466,Rainy,337.23
6,Flat,2370,Summer,3111.59
4,House,459,Summer,4014.99
6,House,1971,Rainy,4025.17
4,House,1081,Summer,5772.57
1,House,1187,Summer,4091.19
6,Flat,668,Winter,1384.99
2,Flat,2113,Summer,4205.15
2,Flat,403,Rainy,627.24
1,House,1510,Rainy,588.95
5,House,1039,Winter,6432.24
3,House,1561,Winter,3473.34
2,House,2099,Summer,6856.03
5,House,1722,Winter,2440.23
3,House,1210,Rainy,1736.1
5,House,1650,Winter,3961.95
4,Flat,759,Winter,392.19
1,House,811,Winter,1799.51
3,House,533,Winter,3597.02
4,House,1267,Winter,2551.83
2,House,1165,Summer,6683.25
1,Flat,355,Summer,5387.21
1,House,437,Winter,896.8
5,Flat,558,Rainy,2634.04
3,Flat,806,Summer,5074.12
4,House,1810,Summer,826.84
6,Flat,833,Winter,323.75
4,Flat,1483,Summer,5896.93
1,House,1740,Rainy,2331.0
1,Flat,720,Rainy,4859.39
6,Flat,397,Rainy,511.35
3,Flat,959,Winter,2228.63
2,House,826,Winter,1171.41
2,House,2133,Rainy,1627.1
4,Flat,1979,Winter,480.17
3,House,1462,Summer,9100.8
3,House,1041,Summer,10513.28
3,Flat,1911,Winter,7551.24
3,Flat,1491,Summer,471.67
3,House,990,Summer,614.51
2,Flat,2371,Rainy,8881.09
3,House,1769,Summer,1114.57
1,House,1573,Winter,2742.57
2,Flat,1252,Summer,1508.97
3,House,600,Rainy,1240.55
2,Flat,1817,Winter,262.55
5,Flat,953,Rainy,3373.31
2,House,2336,Summer,3944.14
5,House,396,Winter,1544.5
4,House,1073,Rainy,2925.58
3,Flat,553,Rainy,1454.62
6,House,1194,Winter,475.31
3,Flat,620,Summer,7183.36
5,Flat,2307,Rainy,5913.45
2,House,2207,Summer,5975.25
5,Flat,631,Winter,312.24
3,House,1373,Summer,969.81
6,House,2475,Winter,581.48
1,House,358,Winter,2185.49
1,Flat,619,Winter,1112.96
3,House,1636,Winter,2390.29
5,House,2274,Summer,4224.03
1,House,456,Summer,16.56
4,Flat,1014,Summer,6491.92
3,Flat,1702,Rainy,2576.18
4,Flat,1511,Summer,513.13
2,House,1838,Rainy,1121.09
2,Flat,506,Winter,2649.73
6,Flat,2012,Winter,435.25
1,House,1932,Rainy,1647.21
6,House,2445,Rainy,889.87
5,House,1521,Winter,737.68
1,Flat,1849,Summer,781.71
1,Flat,1347,Winter,1264.32
6,House,303,Rainy,4308.76
3,House,1642,Winter,1043.23
3,House,2071,Summer,1953.52
1,Flat,1384,Rainy,3231.46
4,Flat,2175,Summer,260.1
5,House,1360,Summer,2117.91
6,Flat,1715,Winter,423.01
3,Flat,932,Rainy,4936.5
4,Flat,620,Summer,4283.87
4,Flat,2401,Summer,1970.8
5,House,1865,Winter,1757.31
6,House,1447,Rainy,4372.51
6,Flat,1735,Winter,1817.48
2,Flat,370,Winter,1350.98
6,Flat,1259,Rainy,3038.47
6,Flat,482,Winter,1032.88
5,House,1870,Winter,911.52
2,House,1071,Summer,5380.67
1,Flat,746,Winter,1684.32
2,House,1429,Summer,6209.79
5,Flat,1584,Rainy,1295.43
6,House,2042,Winter,6981.78
1,House,1448,Rainy,300.12
5,Flat,1728,Rainy,1021.21
4,House,911,Summer,2536.61
3,House,1464,Summer,1570.76
1,Flat,1688,Rainy,4048.5
2,Flat,564,Rainy,883.26
4,Flat,630,Winter,1059.57
2,House,632,Rainy,3287.93
1,Flat,1991,Rainy,1073.51
1,House,1283,Rainy,1139.43
2,Flat,1002,Summer,5158.87
5,Flat,737,Winter,2244.72
4,Flat,1400,Rainy,4466.86
2,House,753,Summer,1991.0
1,Flat,1601,Winter,2270.07
5,Flat,1977,Winter,1364.65
6,House,2486,Summer,7775.47
4,House,522,Winter,190.37
4,Flat,559,Rainy,2012.73
1,House,1417,Summer,4227.17
5,House,325,Winter,234.96
6,House,680,Winter,1532.46
1,House,1042,Summer,3863.6
3,House,1991,Winter,2999.37
1,Flat,1375,Summer,5211.47
4,House,514,Rainy,10086.71
3,Flat,782,Summer,256.04
2,House,2161,Winter,707.26
4,Flat,1692,Winter,1160.34
2,House,1890,Rainy,872.44
2,House,382,Rainy,2343.53
4,Flat,1581,Winter,3765.31
1,Flat,1734,Summer,3931.87
5,House,2474,Summer,2313.01
4,Flat,2329,Winter,122.93
3,House,1991,Summer,225.32
1,House,1105,Summer,2359.55
2,House,425,Rainy,4651.71
6,House,1973,Rainy,1385.54
6,Flat,1851,Summer,1891.0
2,House,1816,Winter,2090.78
6,House,2372,Rainy,3122.68
2,House,1731,Winter,1975.6
2,House,1865,Rainy,2638.76
4,House,1381,Rainy,5949.63
1,House,1804,Summer,1901.73
5,Flat,702,Summer,4511.36
3,House,2412,Winter,4929.92
6,Flat,1003,Summer,1171.53
6,Flat,2049,Winter,1879.1
1,House,1217,Rainy,655.26
5,House,1984,Winter,1775.51
4,House,1116,Winter,8056.09
3,Flat,811,Winter,3921.16
6,Flat,1996,Summer,3732.48
4,House,1266,Winter,781.24
5,House,1250,Summer,2267.11
1,House,1844,Winter,2253.78
1,House,723,Winter,3460.09
2,Flat,2246,Summer,1792.19
4,Flat,1479,Winter,2815.61
2,House,622,Rainy,1806.34
4,Flat,398,Winter,1297.72
5,House,2339,Rainy,5362.12
5,House,758,Rainy,1133.39
1,House,1924,Summer,2117.12
1,Flat,948,Summer,2558.52
3,House,2156,Winter,2041.87
4,House,802,Rainy,3117.07
2,Flat,1817,Winter,58.81
4,Flat,1826,Rainy,5074.79
1,House,2125,Summer,5292.7
1,Flat,429,Summer,825.15
5,Flat,603,Rainy,1249.89
3,Flat,1395,Rainy,372.02
6,Flat,1720,Rainy,5979.12
1,Flat,2488,Rainy,4770.52
4,Flat,2325,Summer,6822.7
3,Flat,330,Winter,3072.67
2,House,1205,Summer,3349.46
2,House,1246,Rainy,3792.27
4,Flat,669,Summer,3087.76
4,Flat,1752,Rainy,10280.21
4,Flat,2363,Winter,607.77
1,House,817,Summer,436.3
3,House,665,Summer,9387.91
4,House,2281,Rainy,1356.16
1,House,1910,Rainy,605.54
6,Flat,934,Summer,4234.46
1,Flat,1785,Rainy,3859.65
2,Flat,1592,Summer,870.17
3,Flat,1377,Summer,2691.25
2,Flat,1180,Winter,602.7
6,House,2056,Rainy,3457.64
6,Flat,406,Rainy,707.64
2,House,2096,Summer,6513.95
4,House,1454,Summer,2293.1
6,House,2356,Rainy,1573.92
1,House,1258,Rainy,829.06
4,House,2285,Summer,4473.13
2,Flat,721,Rainy,348.1
3,Flat,937,Summer,4279.41
3,Flat,2219,Summer,2247.6
5,House,333,Summer,10958.17
2,Flat,1304,Rainy,7680.19
6,House,1936,Summer,6934.93
3,Flat,615,Rainy,916.79
6,House,704,Summer,1771.63
2,Flat,1356,Winter,541.67
6,Flat,1225,Rainy,2499.27
1,House,1917,Summer,2024.35
1,House,1021,Winter,887.29
2,Flat,1742,Winter,2032.5
4,House,1050,Winter,3599.13
3,House,2291,Summer,4569.74
6,House,1806,Winter,2598.0
5,Flat,302,Summer,3967.52
5,Flat,533,Winter,603.34
5,Flat,2121,Rainy,1000.85
2,House,756,Summer,387.61
4,House,670,Winter,2420.54
6,Flat,723,Rainy,849.3
1,House,1381,Rainy,173.9
1,Flat,985,Winter,1879.69
5,House,510,Rainy,2261.45
4,House,1744,Winter,2644.32
4,Flat,1025,Winter,4016.95
5,Flat,1289,Rainy,1908.61
3,House,2460,Winter,394.34
6,Flat,2267,Winter,570.89
3,Flat,2348,Rainy,1990.09
1,House,1619,Winter,179.74
6,Flat,2389,Rainy,1211.69
6,House,2211,Winter,484.07
4,Flat,496,Winter,295.37
2,Flat,1936,Rainy,354.88
4,House,613,Rainy,2159.19
2,Flat,1033,Winter,2246.56
6,House,2486,Rainy,3195.36
6,House,1851,Rainy,10276.63
4,Flat,1112,Winter,310.85
3,House,525,Summer,3617.49
3,House,666,Winter,5471.03
2,Flat,516,Winter,1641.03
6,Flat,372,Rainy,1030.11
2,House,1526,Summer,7895.62
1,House,2017,Winter,458.38
2,Flat,1497,Summer,8148.31
2,House,2104,Summer,851.53
1,Flat,1153,Winter,454.2
2,Flat,1810,Winter,4163.14
2,Flat,2165,Summer,1240.53
4,House,1494,Summer,7224.73
2,House,1392,Winter,1661.59
1,Flat,1837,Winter,1266.38
3,Flat,1454,Summer,1662.82
2,Flat,1968,Rainy,217.26
3,Flat,306,Rainy,1469.53
2,House,2090,Summer,858.01
2,Flat,953,Summer,5149.39
4,House,1240,Winter,1159.82
5,House,651,Rainy,1083.67
4,House,2445,Winter,5647.63
5,Flat,1150,Rainy,1019.91
2,House,2400,Summer,2687.69
6,Flat,714,Winter,3873.6
4,Flat,934,Rainy,3927.35
5,Flat,1285,Summer,598.68
1,House,1445,Rainy,1081.09
1,Flat,1351,Rainy,245.86
4,House,1523,Rainy,2830.26
5,House,2326,Summer,2893.61
1,House,589,Summer,160.9
2,House,2333,Rainy,1261.9
2,Flat,1323,Winter,2676.65
6,Flat,1098,Rainy,7050.23
3,House,816,Summer,1026.64
5,House,2001,Rainy,1627.48
5,House,322,Rainy,5602.16
2,Flat,1209,Winter,2235.45
5,Flat,1278,Rainy,832.0
3,Flat,2156,Summer,7157.98
5,House,890,Summer,461.39
5,Flat,1834,Winter,788.83
1,Flat,1906,Winter,397.27
4,Flat,587,Summer,2304.39
2,Flat,822,Summer,1474.13
1,House,1342,Winter,750.75
3,House,1633,Rainy,885.69
4,Flat,1154,Summer,1326.05
6,House,2385,Summer,3410.9
3,Flat,793,Summer,2573.29
5,Flat,2115,Winter,2117.7
4,Flat,2404,Summer,3493.38
3,House,2024,Winter,1289.08
1,Flat,969,Rainy,260.28
4,Flat,839,Summer,142.1
1,Flat,1489,Summer,1466.58
3,House,2183,Winter,1977.21
6,Flat,1511,Winter,5939.58
5,Flat,920,Summer,3732.4
2,Flat,693,Summer,3107.81
5,House,2031,Winter,3623.67
6,House,1436,Winter,1104.69
5,Flat,2362,Summer,509.42
3,House,1656,Rainy,1692.44
4,House,1153,Summer,954.84
4,Flat,1411,Winter,2024.8
5,House,792,Winter,631.07
6,Flat,1244,Rainy,2729.16
6,Flat,2207,Rainy,2564.74
5,Flat,2113,Summer,1110.0
2,Flat,2100,Summer,2952.83
3,House,2078,Rainy,4300.57
4,Flat,2161,Rainy,4745.24
2,Flat,1239,Rainy,4629.86
2,Flat,1215,Winter,4371.56
2,Flat,1065,Winter,2186.76
1,Flat,1293,Rainy,1264.15
3,Flat,1584,Rainy,4185.8
1,House,1232,Winter,6169.57
3,House,1390,Winter,483.01
6,House,1520,Summer,5702.59
4,House,1904,Summer,4509.2
1,House,1064,Summer,521.84
2,Flat,506,Summer,3930.01
3,House,316,Winter,1558.8
6,House,416,Rainy,1359.61
3,House,651,Winter,1495.54
3,House,345,Summer,2795.29
2,House,1872,Rainy,3129.3
1,House,1301,Rainy,644.43
5,House,1444,Rainy,723.38
4,House,1020,Summer,627.51
4,House,1294,Rainy,1036.91
3,Flat,2178,Summer,1374.55
6,House,1247,Summer,3484.43
1,Flat,1993,Winter,2681.14
6,Flat,1752,Rainy,1790.37
2,Flat,1206,Summer,2062.68
5,Flat,990,Winter,1013.63
2,House,1061,Rainy,941.19
2,House,1972,Rainy,3146.52
5,Flat,2406,Rainy,1249.13
2,Flat,2033,Summer,8117.31
2,House,1011,Summer,428.71
6,Flat,682,Summer,8448.82
3,House,815,Rainy,798.66
4,Flat,1105,Winter,172.59
5,House,1666,Summer,4479.23
5,House,2164,Summer,2638.49
6,House,1920,Winter,194.72
6,Flat,1585,Rainy,879.16
2,House,729,Winter,289.06
4,Flat,1450,Summer,9.76
4,Flat,353,Rainy,1362.13
4,House,1933,Summer,1761.34
3,House,1174,Rainy,2974.13
2,Flat,1818,Winter,1098.01
3,Flat,1662,Summer,1977.66
3,Flat,1070,Rainy,2356.19
2,House,2027,Summer,7515.19
4,House,2142,Summer,370.52
6,House,1132,Winter,4847.56
5,House,820,Summer,1108.99
6,House,878,Rainy,1319.42
5,House,2466,Rainy,3901.78
5,House,364,Rainy,1631.76
4,Flat,2349,Winter,954.8
6,Flat,460,Winter,559.56
1,Flat,975,Winter,2238.67
6,House,442,Winter,1268.95
2,House,928,Summer,1058.51
2,House,1573,Summer,1697.06
3,House,636,Rainy,2514.81
2,Flat,590,Summer,838.59
4,House,1783,Rainy,1311.96
4,Flat,2015,Winter,4741.6
6,House,2457,Winter,352.56
3,Flat,1830,Rainy,760.79
6,House,2371,Winter,920.5
1,House,357,Summer,4507.33
1,Flat,1189,Rainy,196.16
5,House,2261,Winter,1992.54
3,House,2296,Winter,3162.79
5,Flat,1579,Summer,2798.77
4,Flat,1487,Rainy,735.16
5,Flat,1039,Rainy,933.73
5,House,1315,Winter,1204.49
5,House,988,Rainy,463.23
5,House,1642,Rainy,9921.0
5,Flat,2466,Rainy,159.63
6,Flat,2445,Rainy,3613.52
1,Flat,451,Rainy,1565.69
1,Flat,2311,Winter,754.19
2,Flat,818,Winter,3166.84
3,Flat,2458,Winter,1995.42
6,Flat,2363,Rainy,1660.93
1,House,746,Summer,258.29
5,Flat,1207,Rainy,657.18
3,Flat,1124,Rainy,728.2
4,House,356,Summer,1547.1
2,House,2203,Winter,2506.37
4,House,1029,Rainy,999.72
2,House,1480,Summer,304.5
4,House,1851,Rainy,1760.95
2,House,384,Rainy,1028.45
4,House,2213,Summer,1739.43
1,House,1420,Winter,1376.87
3,Flat,1152,Winter,2821.68
2,Flat,990,Summer,4315.73
4,Flat,1322,Winter,1008.09
1,Flat,2311,Rainy,2400.77
6,House,2291,Rainy,1661.87
5,Flat,1566,Summer,860.54
2,House,1267,Winter,10156.64
5,House,516,Rainy,2134.06
1,Flat,787,Winter,1463.36
4,Flat,1195,Summer,3666.32
4,Flat,1513,Winter,3699.72
2,Flat,1132,Winter,3567.45
4,House,2111,Rainy,947.68
3,Flat,1215,Rainy,2409.97
5,House,1871,Rainy,200.39
3,Flat,695,Summer,3111.97
5,House,335,Summer,2795.38
4,Flat,1619,Rainy,3290.62
1,House,1083,Winter,685.03
4,House,897,Summer,180.04
2,Flat,903,Rainy,2740.0
4,Flat,1153,Summer,1721.71
1,Flat,662,Summer,1811.65
5,House,2294,Summer,492.1
6,House,1659,Summer,925.59
3,Flat,662,Summer,171.21
3,Flat,1497,Summer,3295.38
3,House,1623,Winter,1780.81
6,House,648,Rainy,298.55
5,Flat,1492,Summer,5134.14
2,House,1136,Rainy,1917.77
4,House,731,Winter,1425.46
4,Flat,1141,Summer,2882.11
5,House,2031,Rainy,1369.1
2,House,2379,Winter,348.49
1,Flat,586,Winter,2220.71
2,Flat,455,Summer,1452.14
5,Flat,1395,Rainy,112.61
1,Flat,1949,Rainy,919.53
5,Flat,849,Summer,2045.7
2,House,2246,Rainy,890.31
5,Flat,1370,Summer,3333.11
5,Flat,2033,Winter,2924.88
5,House,2086,Winter,1160.11
5,Flat,2212,Winter,887.95
5,House,1063,Winter,979.84
5,House,1330,Summer,14835.16
3,Flat,494,Summer,278.81
3,Flat,304,Winter,348.59
5,Flat,416,Rainy,1801.61
5,Flat,594,Summer,565.28
5,Flat,1762,Winter,1003.93
5,House,1486,Summer,6190.65
6,Flat,1189,Winter,830.76
3,House,716,Winter,288.44
3,Flat,1974,Rainy,887.5
3,House,1128,Summer,4165.98
1,Flat,1170,Rainy,2500.64
2,Flat,2353,Summer,475.79
4,Flat,1811,Rainy,2077.52
3,Flat,1092,Summer,486.71
3,Flat,903,Rainy,1083.71
4,Flat,1637,Summer,2387.39
1,House,1457,Rainy,964.26
5,House,937,Summer,3524.54
1,Flat,2290,Winter,428.12
5,House,1928,Winter,4071.8
3,House,1762,Summer,5319.25
2,Flat,1600,Rainy,1568.09
6,Flat,2318,Summer,7464.29
2,House,1308,Summer,2754.62
1,Flat,1476,Winter,3056.84
1,Flat,2114,Summer,4538.54
1,House,309,Winter,654.73
6,House,390,Summer,1978.98
4,Flat,1135,Winter,454.35
3,House,1359,Summer,7448.17
3,House,1613,Winter,940.41
6,Flat,2124,Summer,2426.85
5,House,2310,Rainy,2408.12
5,Flat,390,Winter,665.78
5,House,680,Winter,66.49
3,Flat,1596,Rainy,1010.1
1,Flat,1795,Summer,936.46
6,House,1320,Winter,621.93
4,House,1335,Winter,1347.82
5,Flat,1649,Summer,4369.16
4,House,2090,Rainy,4869.76
1,Flat,1481,Summer,1314.93
5,House,579,Winter,4881.86
3,House,1810,Rainy,1556.28
1,House,2041,Winter,2481.93
1,Flat,2118,Rainy,1751.52
6,House,2293,Rainy,5317.73
1,House,2391,Winter,801.2
6,House,1404,Summer,4801.09
4,Flat,672,Rainy,887.24
1,Flat,1938,Rainy,1154.46
5,House,2003,Summer,4908.87
3,House,945,Rainy,4094.68
1,House,580,Winter,340.78
4,House,1296,Summer,2013.24
2,Flat,573,Summer,3215.61
5,Flat,1719,Summer,10447.37
1,Flat,1365,Summer,5247.35
5,Flat,1621,Summer,906.52
3,House,1692,Winter,5193.67
6,Flat,2456,Winter,2293.84
6,Flat,1350,Summer,3243.66
1,House,2022,Rainy,1236.54
6,House,2021,Rainy,2486.51
4,Flat,1570,Winter,1395.1
4,Flat,1717,Rainy,2516.83
1,Flat,632,Rainy,2217.62
6,Flat,2249,Winter,5499.41
3,Flat,2333,Rainy,2882.29
2,House,1680,Winter,1148.3
6,House,1703,Rainy,1335.59
6,Flat,2165,Summer,2319.83
3,Flat,2138,Summer,761.73
1,Flat,2126,Winter,808.01
6,House,2072,Summer,1090.26
3,House,2387,Winter,920.79
2,House,1397,Rainy,1727.56
4,House,1118,Winter,1815.08
1,House,516,Rainy,6702.08
2,House,2251,Rainy,2869.65
4,House,1389,Summer,533.32
1,House,810,Winter,955.71
6,Flat,872,Summer,3035.8
2,House,754,Rainy,1871.92
2,House,1463,Winter,725.27
4,Flat,1404,Rainy,1336.67
4,House,666,Rainy,908.66
2,House,1300,Summer,852.93
3,Flat,1377,Winter,3066.62
5,House,1603,Summer,343.62
5,House,1678,Winter,1348.82
2,House,971,Rainy,268.52
5,House,1152,Rainy,1320.79
3,House,890,Summer,301.18
2,Flat,729,Winter,1010.0
5,Flat,1748,Winter,321.27
4,Flat,2095,Summer,6929.66
3,House,325,Summer,2713.52
6,House,1755,Summer,1311.38
5,Flat,1832,Winter,320.48
5,House,564,Rainy,1737.13
2,Flat,1945,Rainy,1550.06
1,House,413,Winter,1747.1
1,Flat,2469,Winter,1721.97
6,House,2236,Winter,2670.79
6,House,2354,Winter,2887.97
6,Flat,1638,Summer,4411.91
2,House,901,Rainy,1978.09
1,House,1923,Summer,1336.9
5,Flat,1445,Winter,3532.24
4,House,1394,Rainy,166.85
6,House,972,Summer,10241.85
6,Flat,2108,Summer,1803.2
1,Flat,1955,Rainy,2287.19
5,House,949,Rainy,8468.99
6,House,1548,Rainy,473.21
3,Flat,1862,Rainy,205.89
6,Flat,1244,Summer,2196.73
3,House,1508,Winter,1559.01
3,Flat,1144,Summer,6231.97
5,Flat,1782,Summer,3813.1
4,House,1585,Winter,3125.11
4,House,2307,Summer,1252.09
4,Flat,1514,Rainy,739.28
6,House,1208,Winter,5393.23
6,House,1725,Rainy,5968.88
1,Flat,2343,Rainy,740.05
3,Flat,1501,Winter,2730.37
4,Flat,607,Rainy,2285.97
1,House,970,Winter,765.73
3,House,1414,Winter,1333.92
5,House,1380,Winter,572.99
5,Flat,1121,Rainy,4432.2
2,Flat,1451,Summer,337.42
6,House,1882,Summer,3271.86
2,Flat,2446,Summer,4191.0
4,House,2447,Rainy,213.46
2,House,2155,Rainy,1031.09
1,House,437,Winter,1110.38
3,House,322,Summer,2007.59
6,Flat,1771,Summer,3885.01
4,House,2391,Summer,270.21
2,House,2093,Summer,3382.2
6,House,1986,Rainy,2085.48
4,Flat,2198,Summer,951.14
1,House,605,Summer,491.82
6,House,477,Winter,432.62
6,Flat,1963,Summer,7782.17
1,House,1849,Rainy,398.49
5,Flat,1053,Winter,2274.1
6,House,1403,Summer,186.62
1,Flat,733,Summer,3180.4
1,Flat,2282,Summer,1648.95
5,Flat,732,Summer,2168.13
4,House,2360,Summer,4918.46
4,Flat,733,Summer,1924.9
2,House,2104,Rainy,1546.68
3,Flat,1367,Winter,806.66
2,Flat,1431,Winter,1716.81
2,House,1303,Rainy,1131.32
6,House,2294,Rainy,5265.96
3,House,2462,Rainy,372.9
3,Flat,2194,Rainy,1696.88
6,House,1154,Winter,1579.81
2,Flat,535,Summer,450.13
5,Flat,742,Summer,538.08
6,Flat,1509,Rainy,583.66
4,House,1156,Rainy,6704.58
1,House,1862,Summer,6325.31
6,House,1414,Rainy,2514.93
1,House,1099,Rainy,4685.11
5,House,1307,Summer,4492.49
6,Flat,2472,Rainy,1617.56
5,Flat,2488,Rainy,119.84
4,House,815,Summer,13016.99
6,House,1137,Winter,5312.49
5,House,840,Summer,4161.26
1,House,1499,Winter,1136.99
1,House,418,Summer,5872.97
5,Flat,923,Summer,5817.32
6,Flat,1908,Rainy,4616.02
2,Flat,1536,Rainy,5508.38
6,House,2259,Rainy,291.13
2,House,1967,Winter,339.22
3,Flat,1700,Summer,660.19
5,House,2254,Winter,812.25
4,Flat,640,Summer,1999.77
5,Flat,1558,Winter,1315.95
5,House,1843,Summer,7248.32
1,Flat,942,Summer,919.82
6,Flat,1891,Summer,1452.54
6,House,2235,Winter,8648.2
3,Flat,1852,Winter,349.46
1,Flat,1478,Summer,2311.43
2,Flat,1035,Rainy,1740.11
1,Flat,1780,Winter,3087.31
4,House,484,Winter,2370.52
2,Flat,2483,Summer,2842.47
6,House,2059,Summer,3913.64
3,House,421,Winter,8468.1
2,House,1250,Rainy,1901.18
4,Flat,1643,Summer,4457.49
6,House,1424,Winter,4502.2
4,House,1078,Summer,7695.01
1,House,1301,Summer,4473.68
4,Flat,2294,Winter,2617.95
2,Flat,2235,Summer,4409.23
6,House,1593,Winter,1343.94
6,Flat,1643,Rainy,2953.33
6,House,574,Winter,1402.23
1,House,1022,Rainy,1274.85
3,House,1527,Rainy,4184.41
2,Flat,2116,Winter,3048.19
2,Flat,655,Rainy,200.75
1,Flat,2439,Winter,2356.59
1,Flat,1527,Rainy,2508.51
2,House,1608,Rainy,903.12
3,House,1601,Summer,10069.75
6,Flat,1053,Summer,1102.15
1,House,504,Summer,4694.65
6,House,1296,Summer,2530.53
4,House,1809,Winter,3532.05
5,House,2148,Rainy,4954.93
3,House,721,Summer,5274.22
5,House,1792,Rainy,432.89
6,House,2164,Rainy,358.81
2,Flat,1753,Summer,292.46
1,House,1229,Summer,4638.77
6,Flat,1811,Summer,7953.62
6,Flat,2339,Winter,3329.4
5,House,2414,Summer,9402.25
4,House,1824,Rainy,3859.4
3,Flat,430,Rainy,2191.67
6,House,1808,Rainy,2096.48
1,House,1014,Summer,1125.74
6,House,1721,Winter,1344.75
1,House,2086,Summer,186.27
1,Flat,1088,Winter,1029.37
5,House,2461,Rainy,2407.53
6,Flat,470,Winter,342.43
4,Flat,1067,Summer,8728.34
4,House,312,Summer,1653.54
6,Flat,317,Winter,1687.25
4,House,2182,Summer,1428.87
6,Flat,1064,Rainy,2886.16
2,House,315,Winter,3975.91
4,Flat,1649,Rainy,3737.69
4,House,1148,Rainy,524.69
2,House,1659,Summer,7199.45
3,Flat,611,Rainy,3770.42
2,House,421,Rainy,446.37
6,House,795,Winter,1976.03
1,Flat,1629,Summer,458.07
5,Flat,775,Rainy,112.95
3,House,310,Summer,255.3
5,House,1332,Summer,3772.87
3,Flat,2447,Rainy,1031.68
3,Flat,1208,Summer,3332.8
5,Flat,1355,Summer,511.48
6,House,2146,Winter,298.11
3,House,1025,Summer,4779.17
1,Flat,2432,Rainy,4037.34
1,Flat,2098,Rainy,884.05
6,Flat,1035,Summer,9132.73
6,House,1941,Summer,5096.5
3,House,1407,Winter,1658.71
4,House,557,Winter,2241.4
3,Flat,2479,Rainy,790.52
2,House,2193,Summer,1993.18
1,House,1350,Rainy,5157.15
2,Flat,781,Winter,212.13
1,Flat,1732,Winter,160.93
5,House,501,Winter,1147.77
3,House,362,Summer,1052.33
2,House,2020,Rainy,882.18
1,Flat,434,Winter,804.8
4,House,1578,Summer,4335.31
5,Flat,896,Rainy,1195.32
1,Flat,1143,Summer,6898.15
6,Flat,1044,Summer,2130.78
4,Flat,333,Rainy,617.44
3,Flat,1394,Winter,3467.65
6,Flat,1374,Winter,160.16
6,Flat,2409,Rainy,607.92
1,Flat,991,Winter,3623.8
4,House,983,Winter,288.99
5,Flat,1125,Summer,6569.97
6,Flat,1634,Rainy,3296.08
2,Flat,2412,Rainy,951.07
5,Flat,576,Winter,8371.07
2,Flat,300,Rainy,2276.1
5,House,2227,Winter,1918.81
5,House,660,Winter,1227.77
3,Flat,920,Rainy,80.04
1,Flat,1766,Summer,638.06
5,Flat,415,Rainy,1322.41
1,Flat,2109,Summer,5385.73
6,Flat,1166,Rainy,1587.67
4,House,1524,Summer,235.59
5,Flat,2477,Summer,2385.01
4,Flat,1707,Rainy,2736.76
1,House,414,Summer,84.15
5,House,2275,Winter,751.31
2,House,1629,Winter,1683.55
1,House,1157,Winter,626.34
1,House,432,Rainy,457.19
4,Flat,2446,Summer,10642.05
6,Flat,908,Rainy,4796.35
4,House,2467,Winter,895.69
3,House,993,Winter,1717.86
4,Flat,1102,Summer,2610.35
5,Flat,1507,Winter,2902.07
4,Flat,1238,Rainy,2295.69
6,House,1636,Winter,12107.2
1,House,581,Summer,1120.18
5,Flat,1555,Summer,7078.7
6,Flat,526,Rainy,1584.43
2,House,1622,Summer,6257.24
3,Flat,1518,Summer,2820.34
5,Flat,2218,Winter,2448.98
4,House,1483,Winter,609.73
1,Flat,2062,Summer,158.12
4,Flat,2027,Rainy,545.93
2,House,1384,Rainy,1644.15
2,Flat,1279,Rainy,1739.13
6,Flat,2408,Rainy,1443.04
3,Flat,1789,Rainy,1092.46
6,Flat,1297,Rainy,1152.64
2,House,484,Summer,4215.38
2,Flat,1760,Summer,4938.59
2,House,1165,Rainy,894.69
6,House,1342,Winter,210.01
5,House,1108,Summer,224.43
2,House,1852,Rainy,470.29
6,Flat,1087,Winter,1209.83
3,House,558,Summer,233.11
5,House,2389,Summer,2565.8
6,Flat,1481,Rainy,7943.34
3,Flat,1082,Summer,1124.7
1,House,2275,Summer,410.09
3,House,1499,Winter,125.03
1,Flat,914,Rainy,2906.28
6,Flat,1381,Summer,2008.91
3,House,2029,Winter,648.8
4,House,1910,Winter,237.05
5,Flat,551,Rainy,2447.52
4,Flat,1997,Rainy,2731.15
4,House,1267,Summer,2444.29
4,House,2351,Summer,7270.91
3,House,2144,Rainy,1442.85
1,Flat,1814,Summer,2887.7
1,Flat,923,Rainy,3736.63
4,House,2217,Winter,2206.04
6,Flat,2458,Rainy,1204.41
5,House,2022,Winter,1359.11
2,Flat,1281,Summer,4157.05
2,House,1204,Summer,253.33
1,House,2205,Summer,6381.08
5,Flat,1644,Summer,5663.81
4,House,2139,Summer,11064.38
1,House,572,Summer,4547.05
1,Flat,373,Winter,973.27
3,Flat,918,Summer,168.37
5,Flat,1779,Summer,6508.23
5,House,1171,Rainy,3195.67
4,Flat,1616,Winter,2120.83
6,Flat,1332,Rainy,1373.18
6,House,389,Rainy,1375.56
6,House,778,Rainy,3182.47
1,House,1772,Summer,343.44
6,House,835,Summer,41.82
2,Flat,1535,Winter,429.06
4,Flat,1602,Summer,4177.36
1,Flat,1954,Winter,5071.64
6,Flat,423,Winter,2481.56
5,Flat,2265,Summer,7253.11
4,Flat,2298,Winter,1889.59
4,Flat,1451,Winter,3565.0
6,Flat,1686,Rainy,2363.54
4,Flat,955,Rainy,624.17
2,Flat,2258,Winter,1599.07
1,House,1072,Winter,364.6
1,House,1700,Rainy,4310.95
5,House,1396,Summer,7162.05
6,House,1712,Rainy,132.98
2,Flat,1372,Summer,3453.89
3,House,516,Rainy,746.28
4,Flat,304,Summer,1601.81
4,Flat,1329,Rainy,2788.94
4,Flat,2039,Rainy,4498.34
3,Flat,880,Summer,963.55
5,House,1376,Summer,615.16
3,Flat,2021,Summer,206.87
6,Flat,2019,Winter,256.31
2,House,2199,Summer,254.41
2,Flat,2305,Rainy,6869.4
1,House,774,Rainy,378.46
2,House,710,Winter,967.73
6,Flat,2299,Winter,1744.37
2,House,2077,Winter,119.04
5,House,815,Summer,9179.56
5,Flat,1199,Winter,688.49
1,Flat,2061,Rainy,1218.33
4,House,1765,Rainy,4660.98
3,House,1269,Rainy,667.91
2,Flat,420,Summer,4798.67
3,House,1395,Winter,441.69
5,House,2263,Rainy,584.26
3,Flat,1904,Winter,2919.61
2,House,672,Summer,2867.11
4,House,758,Summer,3939.27
6,Flat,2246,Rainy,689.68
5,House,1048,Rainy,1848.58
5,House,2214,Rainy,6523.1
1,Flat,1369,Rainy,1672.67
6,House,1046,Rainy,4085.41
5,Flat,2127,Winter,690.11
4,House,1775,Summer,2094.49
3,House,592,Summer,514.73
6,House,1507,Rainy,1106.28
4,House,877,Summer,1142.18
3,House,2066,Winter,3909.25
4,Flat,689,Rainy,369.63
4,House,622,Rainy,3068.72
4,House,1062,Summer,2904.41
4,Flat,693,Winter,1097.08
2,House,2095,Winter,1363.47
4,Flat,1837,Rainy,2471.5
5,House,2080,Summer,4240.48
6,Flat,329,Rainy,4663.79
5,House,2131,Summer,10137.64
4,House,2449,Winter,4656.01
3,Flat,1410,Summer,8454.71
4,Flat,1417,Winter,778.81
5,House,1944,Summer,108.08
3,Flat,1891,Winter,5160.65
3,Flat,1163,Summer,6435.51
3,Flat,1112,Summer,383.38
5,Flat,580,Rainy,744.52
6,House,919,Rainy,7499.44
6,Flat,1267,Winter,647.66
4,House,1815,Summer,4261.28
4,Flat,2349,Rainy,4411.95
4,House,1933,Summer,4552.7
3,House,1889,Winter,375.88
3,Flat,1124,Rainy,2563.6
4,Flat,668,Winter,223.13
3,Flat,524,Rainy,3768.14
2,House,2245,Summer,271.2
3,House,1549,Winter,4444.84
3,House,1164,Summer,5916.74
6,Flat,2208,Winter,1231.04
2,House,1208,Rainy,4128.07
2,House,324,Winter,861.38
4,Flat,1998,Winter,793.69
6,House,553,Winter,506.65
6,House,585,Winter,9398.93
1,Flat,795,Winter,786.54
6,Flat,2207,Rainy,4582.0
6,House,2473,Winter,5815.37
3,House,764,Rainy,1107.28
6,House,2244,Summer,4526.38
2,House,641,Rainy,2254.53
3,House,2146,Winter,312.71
3,Flat,1530,Rainy,1439.41
3,House,1273,Winter,374.99
1,Flat,1676,Winter,1963.31
6,House,1584,Summer,9169.3
6,House,1996,Summer,2212.69
2,Flat,1116,Winter,1833.6
3,House,1172,Rainy,1859.57
5,Flat,736,Summer,4925.18
3,House,1589,Summer,454.02
6,House,1087,Winter,1459.56
4,House,636,Summer,2458.38
2,House,1016,Rainy,1062.17
2,Flat,1062,Summer,4713.43
6,Flat,755,Rainy,2661.39
6,Flat,1520,Summer,6735.49
6,House,693,Winter,1406.43
5,House,2108,Summer,4216.3
1,House,391,Winter,867.51
6,House,771,Summer,1694.03
3,Flat,1259,Rainy,369.96
5,House,924,Winter,208.73
1,House,1335,Rainy,2581.87
3,House,722,Summer,2956.98
1,Flat,1195,Summer,4779.59
6,Flat,685,Summer,1904.74
1,Flat,594,Summer,2309.99
4,House,705,Rainy,891.71
3,House,2072,Rainy,4109.57
3,Flat,465,Summer,818.39
4,Flat,1156,Winter,408.51
6,Flat,368,Winter,864.02
1,Flat,545,Rainy,918.66
1,Flat,1945,Rainy,615.27
2,House,1446,Rainy,2433.92
3,House,1713,Winter,5343.76
5,Flat,1263,Winter,5581.21
1,House,1617,Rainy,1360.29
2,House,2239,Rainy,3127.83
5,House,1958,Summer,663.83
3,Flat,413,Rainy,6204.51
2,Flat,2394,Rainy,511.38
5,Flat,2288,Winter,1190.12
1,House,453,Winter,229.65
4,House,2087,Summer,3435.07
6,House,1845,Rainy,9597.24
2,Flat,1631,Winter,2565.61
3,House,2436,Summer,3306.01
4,House,402,Winter,770.04
4,House,859,Summer,1169.65
4,Flat,877,Winter,4073.82
5,Flat,1076,Summer,7521.5
3,House,645,Winter,1046.74
3,Flat,754,Winter,1239.16
5,House,321,Summer,2266.52
5,Flat,1576,Winter,1840.76
1,Flat,1137,Summer,6242.08
1,House,705,Winter,735.52
5,House,305,Winter,379.22
2,Flat,812,Summer,2489.57
1,Flat,961,Winter,385.38
5,House,1245,Winter,346.64
2,Flat,1262,Rainy,839.88
5,House,777,Summer,2630.75
5,House,568,Winter,1050.7
1,House,2191,Winter,751.65
5,Flat,2030,Rainy,165.76
2,Flat,978,Summer,591.98
3,House,970,Winter,658.21
2,Flat,1686,Summer,1789.14
5,Flat,585,Rainy,2441.26
1,House,787,Winter,3331.2
3,House,1870,Winter,2357.44
6,House,989,Winter,668.62
1,House,371,Winter,3505.59
3,House,359,Winter,386.74
6,Flat,1218,Rainy,4634.81
2,House,2197,Summer,4333.33
4,House,2384,Summer,1391.48
2,Flat,580,Rainy,831.78
3,Flat,685,Summer,3190.95
1,Flat,2357,Summer,3371.97
2,House,905,Rainy,4659.74
1,Flat,903,Winter,898.62
1,Flat,1932,Rainy,1296.14
6,House,1597,Summer,1052.52
1,House,1303,Summer,2241.69
6,Flat,1794,Winter,1623.44
2,House,1874,Rainy,985.35
5,House,556,Rainy,1180.23
4,Flat,1521,Winter,1132.15
6,Flat,2342,Rainy,1084.84
3,House,343,Winter,4431.73
3,House,684,Rainy,1532.63
3,House,1370,Winter,1076.0
3,Flat,1024,Summer,3433.52
4,House,1087,Winter,5211.71
6,House,2466,Winter,5240.63
4,Flat,1661,Winter,846.48
4,House,1834,Rainy,8747.62
3,House,2062,Rainy,993.81
1,Flat,1005,Winter,3934.0
3,House,1837,Summer,1129.4
3,House,2442,Rainy,8007.08
2,House,1404,Rainy,1310.59
2,Flat,404,Winter,384.19
5,House,2306,Summer,385.53
1,Flat,691,Rainy,3514.24
3,House,863,Summer,2767.77
2,Flat,1276,Winter,963.2
2,Flat,2384,Rainy,1914.22
3,Flat,397,Rainy,3069.5
4,Flat,1814,Rainy,308.54
1,House,1723,Summer,168.77
3,House,542,Summer,2781.14
3,House,987,Winter,1295.71
2,House,2019,Winter,744.75
3,Flat,1563,Winter,2133.9
2,House,558,Rainy,1463.16
5,Flat,1243,Winter,1957.77
3,Flat,1315,Winter,3033.45
6,House,1821,Summer,1219.5
2,Flat,1631,Summer,2434.87
6,House,2448,Summer,4531.7
5,House,632,Winter,5489.38
4,House,1922,Winter,739.91
3,House,789,Rainy,3276.85
5,Flat,945,Summer,2690.78
4,House,820,Winter,972.67
3,Flat,1688,Summer,4206.59
3,House,2064,Summer,4029.21
4,House,631,Winter,985.07
2,House,1466,Winter,964.52
6,Flat,1661,Summer,1282.27
4,House,1325,Summer,4418.52
1,House,1050,Rainy,2219.05
6,House,518,Summer,4071.46
2,Flat,581,Summer,1904.54
3,Flat,1037,Rainy,1202.74
5,House,1414,Summer,530.34
5,Flat,2233,Rainy,3212.98
6,House,1655,Rainy,2731.89
2,Flat,711,Winter,1185.99
6,House,1174,Summer,292.37
3,House,1754,Rainy,2155.98
1,Flat,328,Summer,715.86
6,Flat,614,Rainy,16.26
4,House,1077,Summer,3546.97
3,Flat,2455,Winter,1535.95
5,House,508,Rainy,3326.81
4,Flat,2361,Summer,2342.16
1,House,1346,Summer,2071.37
4,House,559,Winter,1989.74
2,House,774,Rainy,3992.2
5,House,432,Winter,791.3
5,Flat,1589,Rainy,4271.88
1,Flat,864,Summer,210.13
6,Flat,1423,Winter,1811.01
6,Flat,1250,Summer,1162.39
4,Flat,869,Rainy,2111.06
4,House,1175,Rainy,7555.9
6,House,1154,Summer,5335.05
6,House,1805,Rainy,1335.2
2,Flat,2086,Winter,552.09
1,House,1522,Rainy,609.98
3,House,1700,Rainy,3586.75
2,House,1277,Rainy,2938.67
4,Flat,1663,Rainy,431.74
5,Flat,2150,Summer,1469.8
5,Flat,781,Summer,1829.93
3,House,1715,Rainy,2366.47
5,Flat,375,Rainy,688.99
5,House,715,Winter,2707.61
1,Flat,1702,Rainy,2857.33
1,Flat,1634,Summer,1201.56
5,Flat,2314,Winter,2928.22
5,House,2339,Winter,2114.21
2,Flat,1239,Summer,862.7
5,House,826,Summer,2356.58
6,House,2105,Rainy,1932.65
6,Flat,2455,Summer,873.12
2,Flat,466,Summer,1183.71
3,Flat,1448,Summer,473.68
1,Flat,2294,Summer,2981.52
2,House,568,Summer,328.55
6,Flat,1772,Rainy,1472.64
5,House,1171,Rainy,2274.41
5,Flat,405,Summer,1709.08
1,House,1905,Winter,1876.07
5,House,2475,Rainy,799.1
4,Flat,2499,Rainy,6799.25
6,House,1715,Winter,816.08
6,House,2294,Winter,3865.81
6,Flat,536,Rainy,5176.37
4,House,2047,Winter,452.82
1,House,2145,Summer,451.6
6,House,952,Rainy,1784.09
1,Flat,803,Summer,3758.69
6,House,1548,Winter,335.08
4,Flat,1695,Winter,2551.97
4,Flat,1962,Winter,1988.38
6,House,2049,Rainy,1646.1
1,Flat,1051,Rainy,2594.79
2,Flat,1835,Summer,1553.68
6,Flat,1300,Rainy,6147.85
2,Flat,1664,Winter,3164.82
1,Flat,506,Winter,1044.47
2,Flat,2243,Rainy,260.53
5,House,1117,Winter,3426.87
4,House,801,Rainy,536.87
5,House,1529,Winter,461.22
6,Flat,863,Winter,1018.4
5,Flat,775,Winter,1070.12
3,Flat,366,Summer,3417.22
5,Flat,2176,Winter,2725.13
6,Flat,623,Winter,4103.67
5,Flat,1795,Winter,1380.44
1,Flat,1993,Winter,1553.48
4,House,967,Summer,6088.48
6,Flat,522,Summer,539.81
6,Flat,791,Rainy,833.02
3,Flat,1272,Winter,757.45
1,House,461,Winter,1084.9
2,House,1064,Summer,3722.93
3,House,1298,Rainy,4619.74
2,House,349,Winter,2082.22
4,Flat,882,Rainy,2355.2
6,House,632,Rainy,1429.62
6,House,2483,Summer,8961.29
6,House,1913,Rainy,2038.63
6,Flat,693,Rainy,2214.34
6,Flat,1969,Summer,7257.64
5,Flat,772,Rainy,2235.3
6,House,393,Rainy,139.43
1,House,2247,Summer,1861.25
2,Flat,869,Winter,2610.46
4,Flat,1094,Rainy,3050.16
6,Flat,2352,Winter,650.64
2,Flat,1676,Rainy,1865.24
2,Flat,1468,Rainy,6986.03
4,Flat,562,Summer,1660.0
2,House,944,Winter,896.11
6,House,2054,Rainy,2885.05
6,Flat,2479,Winter,508.18
2,House,1305,Winter,1425.6
3,House,1981,Rainy,4645.47
4,Flat,2005,Summer,339.62
5,House,1358,Rainy,2615.01
2,Flat,553,Summer,2564.27
5,House,655,Winter,1269.91
5,House,913,Summer,1645.02
6,House,1116,Summer,374.8
1,Flat,823,Summer,3056.11
6,Flat,2225,Summer,3851.12
6,House,1924,Rainy,2947.14
6,Flat,1497,Summer,530.6
2,Flat,663,Rainy,665.97
2,House,739,Summer,42.62
6,Flat,1525,Winter,7234.0
4,House,1393,Rainy,299.37
6,House,907,Winter,4475.47
4,House,2393,Summer,443.27
6,Flat,419,Summer,2845.98
5,House,1820,Rainy,5845.11
3,Flat,1898,Winter,2139.19
4,House,394,Winter,586.01
2,House,675,Summer,6204.62
2,House,366,Rainy,501.03
3,House,2223,Summer,1090.96
6,Flat,2388,Summer,534.56
5,Flat,519,Winter,885.17
4,Flat,2257,Rainy,1153.36
1,House,1633,Summer,209.67
1,House,1690,Winter,73.77
4,Flat,1591,Summer,4083.99
5,House,2280,Winter,593.45
3,Flat,1866,Winter,2953.62
4,House,693,Summer,3869.89
6,Flat,2121,Rainy,3739.92
5,House,2487,Summer,373.8
6,Flat,1096,Rainy,2737.25
3,Flat,1473,Summer,3931.19
3,House,1617,Summer,1317.61
6,Flat,370,Winter,587.56
1,House,2097,Rainy,433.07
6,Flat,2093,Summer,1972.37
4,Flat,2485,Summer,3641.5
2,Flat,1838,Rainy,390.17
2,Flat,1120,Summer,2109.32
5,House,1862,Winter,155.34
6,Flat,898,Winter,1222.6
5,Flat,890,Winter,392.51
4,House,2330,Rainy,952.61
6,Flat,2268,Winter,2352.56
1,House,1235,Summer,1362.23
3,Flat,1201,Rainy,885.1
5,House,2277,Summer,2103.57
5,Flat,439,Summer,5980.78
2,Flat,309,Rainy,624.87
6,Flat,1848,Rainy,1531.56
3,Flat,1371,Rainy,6623.13
1,Flat,2190,Summer,2438.52
2,House,695,Rainy,297.78
1,House,415,Rainy,928.42
1,Flat,2293,Winter,1719.21
3,House,2391,Rainy,974.46
1,House,1972,Summer,984.9
4,Flat,422,Rainy,999.72
3,House,1298,Winter,465.95
2,Flat,2497,Rainy,1261.69
2,Flat,976,Summer,333.8
2,House,1273,Rainy,4975.22
6,House,1390,Winter,1122.88
3,House,1956,Winter,908.78
1,Flat,2269,Winter,278.46
4,House,502,Rainy,1907.0
6,House,837,Winter,53.26
3,House,792,Winter,341.1
4,Flat,617,Summer,5598.68
6,Flat,2238,Winter,2546.63
5,House,371,Summer,354.7
1,Flat,2015,Summer,239.26
6,House,1266,Rainy,1099.99
2,House,1580,Winter,509.36
2,Flat,1945,Summer,1498.87
1,Flat,1924,Rainy,3879.54
4,Flat,2260,Summer,3753.36
5,Flat,434,Summer,187.54
1,Flat,364,Rainy,59.13
1,Flat,1688,Winter,1564.98
1,Flat,1325,Rainy,4891.19
1,House,1659,Winter,302.85
4,House,1104,Winter,1018.04
4,Flat,825,Summer,13044.75
5,House,2147,Winter,2047.19
2,Flat,1331,Rainy,1875.32
3,House,850,Winter,301.92
2,Flat,885,Winter,1918.11
1,House,996,Winter,3568.92
6,Flat,478,Rainy,4884.15
4,Flat,584,Winter,2911.12
5,Flat,571,Winter,3111.63
6,House,569,Winter,3958.13
4,House,2366,Rainy,2280.58
6,Flat,2424,Winter,728.19
1,Flat,1689,Rainy,1151.08
3,Flat,1412,Summer,1226.25
2,Flat,1495,Rainy,5333.95
4,House,1072,Rainy,2056.19
3,Flat,911,Rainy,3421.72
4,House,2285,Rainy,997.9
3,Flat,1687,Summer,1190.8
1,House,1238,Rainy,866.85
4,House,948,Summer,273.78
4,House,1536,Winter,680.66
2,Flat,1709,Rainy,2395.22
4,Flat,1969,Winter,4334.82
6,House,889,Rainy,1601.3
3,House,1261,Winter,350.94
4,Flat,1890,Winter,789.95
5,House,2409,Winter,6385.91
4,Flat,2085,Winter,56.37
6,House,751,Summer,403.53
1,Flat,965,Summer,7757.98
4,Flat,1846,Rainy,1305.84
4,House,428,Summer,3554.09
2,House,342,Winter,3214.52
1,House,1483,Summer,2957.07
3,House,692,Summer,3606.03
6,House,1754,Winter,880.03
6,Flat,1825,Winter,1573.51
1,Flat,367,Rainy,2307.55
3,House,892,Rainy,223.16
6,Flat,1308,Summer,3234.14
2,House,636,Summer,1493.27
4,House,800,Winter,349.09
4,Flat,858,Winter,3090.66
2,Flat,1099,Winter,64.15
2,House,1648,Rainy,1975.53
1,House,2270,Summer,3526.49
2,Flat,1765,Summer,4657.95
1,Flat,2388,Winter,1145.76
3,Flat,868,Winter,896.3
4,House,2316,Rainy,1514.24
3,Flat,642,Rainy,1678.64
2,House,1689,Rainy,5310.09
1,Flat,1826,Winter,757.06
5,Flat,1405,Summer,3582.1
4,Flat,2144,Winter,990.5
5,Flat,1976,Summer,94.61
2,Flat,750,Rainy,2654.87
3,House,987,Rainy,6605.76
1,House,829,Winter,536.67
3,House,433,Summer,1926.0
1,Flat,335,Summer,3403.4
3,Flat,342,Rainy,1026.67
6,Flat,888,Rainy,3688.48
4,House,678,Rainy,1228.3
4,Flat,2337,Rainy,1717.17
6,House,465,Rainy,137.35
6,Flat,554,Summer,427.2
2,House,1490,Winter,5631.67
5,House,1610,Rainy,4388.72
2,House,1086,Summer,745.58
5,House,795,Summer,1276.7
3,House,924,Summer,3952.39
4,Flat,595,Summer,10229.64
3,Flat,800,Winter,351.9
1,House,998,Summer,6506.04
1,Flat,2122,Winter,729.76
3,Flat,469,Winter,3827.53
1,Flat,1878,Rainy,1073.35
6,Flat,1252,Summer,5876.53
1,House,2028,Rainy,2098.78
3,Flat,2088,Summer,2223.23
2,Flat,800,Rainy,111.91
3,Flat,1518,Winter,230.24
5,House,410,Summer,4824.47
2,House,466,Winter,664.63
5,Flat,2367,Winter,428.6
1,House,1588,Rainy,636.67
5,Flat,802,Winter,780.73
5,Flat,889,Summer,7178.13
5,Flat,1449,Rainy,1192.79
1,Flat,1382,Summer,5214.45
3,House,351,Summer,7329.7
2,House,1281,Summer,2217.12
3,House,1149,Rainy,3865.19
3,Flat,456,Rainy,2764.79
2,House,417,Winter,2996.41
5,House,673,Rainy,2472.13
6,Flat,784,Rainy,389.06
4,Flat,1483,Summer,8430.5
6,House,1095,Summer,807.33
6,Flat,752,Summer,2703.61
5,Flat,1916,Rainy,4189.75
6,Flat,517,Rainy,1716.51
2,House,1913,Summer,934.99
1,House,1283,Rainy,5791.94
5,House,452,Winter,997.84
3,Flat,1338,Rainy,2042.98
3,Flat,1729,Winter,582.1
1,Flat,1391,Winter,230.38
3,House,982,Summer,4519.02
5,House,2281,Summer,1701.12
1,House,762,Rainy,300.47
6,House,1486,Rainy,7031.94
5,House,1093,Rainy,9419.9
1,House,1163,Summer,1809.86
4,Flat,517,Rainy,4108.22
1,House,1919,Summer,643.34
3,House,774,Winter,1215.1
4,House,2038,Summer,521.24
5,House,1404,Rainy,3402.08
2,Flat,2183,Rainy,817.32
6,Flat,944,Winter,3300.61
1,Flat,1119,Rainy,2941.55
5,House,668,Summer,5110.56
3,House,1728,Winter,811.0
2,House,2318,Winter,336.95
2,Flat,1598,Winter,259.95
6,House,780,Summer,5196.33
5,Flat,1906,Summer,6543.14
3,Flat,545,Winter,1626.73
3,House,566,Summer,2901.93
3,House,810,Winter,4634.41
6,House,601,Rainy,1387.74
3,House,2270,Winter,472.68
5,House,1915,Winter,1544.06
6,House,1595,Summer,173.87
3,House,1140,Winter,6914.39
3,House,1240,Winter,1484.81
5,Flat,2163,Rainy,1895.55
6,House,1254,Winter,168.93
1,Flat,729,Rainy,1520.87
3,House,1220,Winter,737.41
1,Flat,328,Summer,1145.56
1,Flat,2053,Summer,1023.28
6,Flat,1718,Rainy,836.85
6,House,1790,Winter,771.74
6,Flat,1613,Winter,605.56
4,House,568,Rainy,580.73
1,House,324,Rainy,1648.66
5,Flat,2437,Rainy,166.19
6,House,1824,Summer,2725.06
4,House,377,Rainy,5536.79
6,House,1687,Rainy,721.21
2,House,1320,Rainy,779.01
4,House,327,Summer,1515.32
6,House,1345,Winter,1935.96
6,Flat,1582,Winter,665.62
2,Flat,562,Summer,4011.07
4,Flat,1760,Winter,3822.25
3,House,2385,Summer,2808.8
1,House,1777,Winter,3185.89
3,Flat,1141,Rainy,1451.49
5,Flat,1127,Summer,7406.87
4,House,1912,Summer,8216.47
3,Flat,458,Winter,2167.48
3,House,2241,Winter,186.84
3,Flat,612,Rainy,1719.56
3,Flat,365,Summer,2839.54
3,House,2287,Rainy,1823.83
4,House,695,Winter,425.4
5,House,383,Rainy,476.92
3,House,1644,Summer,9489.38
6,Flat,510,Winter,3287.58
2,House,2362,Rainy,870.88
5,Flat,573,Winter,258.04
5,House,2315,Summer,7336.65
5,Flat,309,Winter,2402.14
5,Flat,1270,Summer,1799.68
6,House,1475,Winter,381.85
5,House,978,Summer,3763.26
4,Flat,359,Winter,1228.82
2,Flat,705,Summer,6045.75
5,Flat,842,Winter,2744.02
6,Flat,776,Winter,773.16
5,Flat,1254,Rainy,1766.31
5,House,940,Winter,3690.39
2,House,1533,Summer,1909.33
6,House,1810,Rainy,9998.5
3,Flat,725,Winter,713.93
2,House,1453,Winter,221.04
1,House,731,Summer,925.13
6,House,950,Winter,7430.66
3,Flat,1703,Winter,4372.42
1,Flat,1370,Winter,1084.23
4,Flat,2078,Winter,1789.19
3,Flat,1188,Summer,174.85
6,House,1976,Winter,4829.26
5,House,1874,Rainy,4069.67
4,House,1127,Winter,2227.73
3,Flat,373,Rainy,3689.72
3,House,669,Summer,941.68
6,House,984,Summer,3791.09
2,Flat,346,Summer,4509.74
5,Flat,1615,Summer,4295.22
2,House,1596,Summer,930.61
5,House,876,Winter,7352.12
4,House,1915,Winter,3115.18
4,Flat,1524,Rainy,673.69
2,House,2171,Rainy,209.34
4,House,661,Rainy,2811.08
1,House,611,Winter,1903.48
5,Flat,2048,Rainy,225.89
4,House,2054,Winter,756.04
5,Flat,2386,Winter,1272.15
5,House,676,Rainy,4712.04
6,House,424,Summer,1552.6
5,Flat,465,Summer,2018.52
4,Flat,551,Winter,724.3
4,House,1285,Winter,6943.85
3,Flat,325,Summer,2622.57
1,Flat,2012,Rainy,8001.67
4,Flat,883,Summer,1297.75
3,House,563,Rainy,1359.46
6,Flat,679,Summer,10352.95
1,Flat,799,Rainy,888.7
4,House,2314,Summer,4453.74
3,Flat,2129,Winter,1267.55
5,Flat,862,Rainy,789.47
3,Flat,1606,Winter,1020.23
5,House,2019,Rainy,3230.5
2,House,351,Rainy,748.22
3,House,2334,Rainy,1424.43
3,House,758,Summer,2712.04
4,House,1235,Rainy,2448.49
3,House,984,Rainy,724.38
5,House,775,Rainy,238.97
5,Flat,2311,Rainy,2079.87
2,House,1088,Winter,1600.68
2,Flat,305,Summer,478.66
1,House,644,Rainy,1685.91
2,Flat,2403,Winter,1791.65
4,House,1926,Winter,553.7
1,House,668,Rainy,3852.41
1,Flat,1345,Winter,1849.6
1,House,1485,Summer,1161.53
4,Flat,2041,Summer,7918.2
6,House,1955,Rainy,8361.16
4,Flat,2363,Summer,29.17
3,House,2192,Winter,126.32
3,House,1478,Winter,4469.4
1,House,329,Rainy,471.38
4,Flat,720,Winter,2735.35
6,House,2340,Winter,3232.86
6,House,2276,Rainy,852.41
1,House,417,Rainy,201.27
4,Flat,2470,Summer,2070.54
3,House,1064,Winter,931.34
1,Flat,2478,Rainy,3405.33
3,Flat,643,Rainy,4291.29
1,House,1786,Rainy,364.14
6,House,1241,Summer,7281.6
4,House,1117,Winter,3140.22
6,Flat,1249,Rainy,6836.08
2,House,818,Winter,4207.76
1,Flat,727,Summer,2337.02
6,House,1731,Summer,4460.88
6,House,1409,Summer,1010.62
1,House,694,Rainy,282.15
1,Flat,1554,Rainy,1199.05
6,Flat,848,Summer,6006.65
1,House,2125,Summer,1063.55
1,Flat,887,Winter,3036.94
3,House,826,Winter,9900.66
2,House,1146,Summer,396.35
6,Flat,733,Summer,1817.22
1,Flat,519,Summer,2066.41
1,Flat,1443,Winter,1176.12
2,House,997,Summer,4637.83
1,Flat,353,Winter,303.1
6,Flat,1728,Winter,434.92
2,House,1295,Rainy,405.14
3,Flat,1336,Winter,285.97
5,House,329,Rainy,2780.99
4,Flat,1869,Summer,1784.83
6,House,1691,Rainy,6519.25
1,Flat,1044,Winter,1175.23
6,House,315,Summer,4759.44
2,House,2347,Rainy,3494.52
4,Flat,1258,Summer,3010.28
3,Flat,2209,Rainy,2202.66
3,House,1092,Winter,980.61
4,Flat,2109,Rainy,1690.61
2,House,1562,Winter,1545.77
6,House,1852,Summer,3523.51
5,House,2392,Summer,4641.42
1,House,1265,Winter,1056.28
3,House,2466,Rainy,517.23
1,Flat,536,Rainy,1481.67
2,Flat,365,Winter,1583.31
6,Flat,1615,Summer,3833.07
3,House,1928,Summer,815.87
1,Flat,1504,Summer,3202.5
3,House,2132,Winter,803.26
1,Flat,2175,Rainy,4850.61
1,Flat,512,Summer,4529.08
6,House,1007,Rainy,1381.09
5,House,675,Summer,2423.81
6,House,904,Rainy,3112.2
4,Flat,2288,Rainy,2192.31
2,House,1745,Winter,25.91
3,House,1203,Summer,1904.05
5,House,502,Rainy,4225.26
3,House,1935,Summer,2954.4
3,House,390,Summer,337.01
3,House,808,Winter,1627.61
1,House,848,Rainy,1016.28
6,House,1132,Summer,1373.06
6,House,417,Rainy,152.72
6,House,604,Rainy,2648.66
2,Flat,1463,Rainy,3545.62
2,House,1291,Summer,1319.22
1,Flat,2017,Winter,422.17
2,Flat,1158,Winter,1331.89
5,Flat,373,Winter,2434.59
6,House,2307,Winter,2454.17
5,House,1086,Rainy,799.28
4,House,1887,Winter,752.8
2,Flat,1751,Rainy,3682.14
1,Flat,914,Rainy,1338.64
6,House,437,Winter,1028.26
5,House,796,Winter,1806.3
3,House,1355,Winter,4542.98
3,House,1682,Winter,2445.98
5,House,1401,Summer,1092.75
4,Flat,2126,Winter,1196.42
5,House,1199,Winter,322.65
3,Flat,945,Summer,1322.38
4,Flat,409,Rainy,964.13
6,House,1058,Summer,2484.35
6,House,1443,Rainy,856.96
2,House,577,Rainy,1870.79
4,House,566,Rainy,4469.86
1,Flat,889,Summer,5092.55
4,Flat,794,Winter,643.96
2,House,661,Summer,3571.78
1,Flat,2094,Rainy,1969.14
4,Flat,2102,Winter,202.88
5,Flat,1726,Summer,2710.41
6,Flat,2329,Rainy,1386.01
1,Flat,398,Winter,1035.15
3,House,490,Winter,847.26
5,House,2270,Summer,4218.24
5,Flat,456,Summer,675.34
1,Flat,602,Winter,868.95
5,House,2349,Rainy,608.75
6,House,1750,Rainy,5938.43
6,House,1934,Rainy,930.08
1,Flat,2266,Winter,404.0
4,Flat,1244,Rainy,445.48
4,House,576,Rainy,7068.86
3,House,982,Rainy,1186.07
1,House,2031,Rainy,4272.58
5,Flat,2348,Summer,11901.39
5,House,612,Summer,2212.69
4,House,1179,Summer,1368.68
3,Flat,2228,Rainy,6913.88
6,House,2177,Rainy,5016.19
6,House,457,Summer,2103.08
2,House,730,Summer,1245.26
3,House,2083,Rainy,2877.82
5,Flat,1666,Rainy,818.08
2,House,1001,Summer,2535.85
3,House,409,Winter,163.33
4,House,958,Summer,10995.12
3,Flat,1836,Rainy,1441.35
3,Flat,892,Summer,6776.54
2,House,1100,Rainy,989.08
4,Flat,984,Rainy,1514.34
6,House,1375,Rainy,3799.86
4,House,1207,Rainy,2569.88
4,House,2150,Winter,779.47
2,Flat,598,Winter,1794.77
4,House,1479,Winter,977.85
3,House,2018,Winter,485.72
2,Flat,1205,Rainy,1187.06
1,House,1414,Winter,2378.48
2,Flat,2192,Summer,817.36
2,House,1889,Summer,1696.59
4,House,1811,Summer,2333.26
4,Flat,1406,Rainy,2558.09
1,Flat,2300,Summer,328.25
5,Flat,1340,Rainy,610.9
4,House,1865,Summer,7760.83
3,House,2199,Rainy,2759.22
1,House,371,Winter,4175.58
4,House,2131,Rainy,1499.82
1,Flat,1401,Summer,6476.98
6,House,2363,Rainy,811.69
2,Flat,1125,Summer,1638.77
4,House,505,Winter,307.78
3,Flat,1467,Rainy,1991.99
5,House,493,Summer,9587.67
4,Flat,457,Summer,5411.01
3,House,2442,Winter,923.18
4,Flat,2487,Rainy,853.73
2,House,2178,Rainy,2306.15
5,House,878,Rainy,15671.17
3,Flat,699,Summer,3411.75
5,Flat,2462,Winter,461.28
2,House,1995,Summer,2576.1
5,Flat,310,Summer,1866.99
4,Flat,2250,Winter,2759.51
2,House,438,Winter,174.98
1,House,1077,Summer,751.52
3,House,2091,Rainy,2404.29
5,House,1251,Summer,8970.9
1,Flat,572,Rainy,1766.57
1,Flat,457,Winter,705.19
5,House,2299,Winter,2048.17
6,House,360,Summer,2196.37
4,House,1308,Rainy,2362.49
6,Flat,526,Winter,913.88
6,Flat,2427,Summer,1050.32
3,House,2100,Summer,43.74
1,Flat,2148,Rainy,919.15
6,Flat,2278,Summer,4126.2
3,Flat,1292,Winter,5592.79
4,Flat,2421,Summer,1448.33
1,House,1644,Winter,61.78
2,House,1960,Summer,2572.67
5,House,1605,Summer,4108.4
1,House,386,Winter,2273.13
1,Flat,1006,Winter,2979.56
3,House,784,Summer,3141.99
2,House,2066,Summer,12303.27
1,Flat,333,Rainy,2657.83
4,House,1670,Summer,1545.49
2,Flat,774,Winter,1917.08
1,House,998,Summer,663.27
5,House,1259,Summer,1435.37
3,Flat,1086,Summer,2452.35
3,House,686,Rainy,2211.98
4,House,586,Summer,6490.97
6,House,548,Summer,2035.1
2,Flat,672,Rainy,1209.86
3,Flat,368,Summer,3304.12
5,Flat,1017,Winter,1299.03
2,House,884,Summer,7388.4
5,Flat,1325,Winter,1300.3
1,House,1439,Summer,1157.08
1,House,331,Winter,6334.76
3,Flat,1336,Rainy,73.89
1,House,1254,Rainy,2194.04
3,House,677,Winter,2149.69
2,House,2256,Rainy,7211.91
3,House,1380,Rainy,2660.74
5,Flat,2336,Winter,739.65
3,House,2001,Rainy,4336.36
5,Flat,1815,Rainy,3938.83
5,House,2321,Summer,5453.51
4,House,325,Summer,361.86
1,House,2117,Winter,387.37
3,Flat,2138,Summer,1373.03
4,Flat,618,Summer,11941.19
3,House,1802,Rainy,1584.38
1,House,1045,Rainy,2916.59
6,House,341,Winter,1029.06
3,House,1185,Rainy,1222.87
1,House,321,Rainy,1357.59
5,House,2396,Rainy,3532.72
2,Flat,752,Summer,3069.74
6,Flat,1729,Winter,386.79
6,House,1548,Rainy,3834.96
5,House,985,Winter,463.93
4,House,970,Winter,702.62
1,House,2378,Rainy,782.04
4,House,593,Rainy,1116.13
3,House,1529,Winter,3555.22
2,Flat,1252,Winter,601.36
2,Flat,346,Summer,2185.99
2,House,1187,Winter,1707.62
5,Flat,1023,Rainy,3991.81
2,House,1970,Rainy,2540.25
2,Flat,760,Rainy,1485.45
4,Flat,882,Rainy,1795.52
5,House,1497,Summer,6016.04
2,Flat,1726,Summer,362.21
6,House,1506,Summer,951.03
5,House,1217,Rainy,1670.51
3,Flat,1284,Summer,4177.02
1,Flat,1487,Summer,3840.89
4,House,1611,Rainy,1314.92
5,Flat,1007,Winter,445.97
5,Flat,805,Summer,1246.27
2,House,1696,Summer,1302.9
1,House,1139,Summer,654.35
5,Flat,2276,Rainy,3605.97
2,House,1816,Summer,3630.74
5,Flat,991,Winter,3742.51
5,Flat,2052,Winter,764.62
2,House,968,Winter,4520.6
2,Flat,1334,Winter,516.64
6,House,2220,Summer,6490.93
3,Flat,1202,Winter,1550.25
2,House,450,Summer,2530.75
6,House,1314,Winter,2082.52
1,House,1917,Summer,6953.13
2,House,1904,Rainy,2345.69
3,Flat,1330,Rainy,1371.39
3,Flat,1863,Rainy,2009.14
5,Flat,1716,Summer,2793.67
1,House,2225,Rainy,6724.44
3,Flat,2480,Winter,1019.23
3,Flat,1576,Summer,1925.54
3,Flat,967,Winter,1254.78
3,House,818,Rainy,1191.99
1,Flat,1483,Summer,2404.68
5,House,700,Summer,471.06
5,House,1750,Rainy,2055.71
1,House,2307,Rainy,1308.34
5,House,604,Summer,8069.19
4,House,576,Winter,2266.53
6,Flat,1018,Rainy,2718.25
1,Flat,1740,Winter,735.44
3,Flat,319,Summer,311.8
3,Flat,452,Summer,1911.18
5,Flat,1138,Summer,179.38
5,Flat,1256,Winter,545.35
4,Flat,2406,Winter,1586.18
4,Flat,2023,Winter,3740.02
6,Flat,399,Rainy,3016.99
5,House,1181,Rainy,4395.22
3,Flat,2162,Rainy,5541.45
1,Flat,651,Rainy,3757.43
1,House,1159,Rainy,1201.52
6,Flat,2077,Summer,1503.26
6,Flat,665,Rainy,1789.21
6,Flat,476,Summer,4266.44
5,House,1275,Winter,1686.63
6,Flat,2335,Winter,2861.68
3,House,1763,Summer,4893.37
2,House,1495,Summer,5538.17
2,Flat,2334,Rainy,978.3
3,Flat,2476,Summer,4820.19
4,Flat,1132,Summer,610.88
2,House,1427,Summer,2574.4
2,Flat,1959,Rainy,4883.05
6,Flat,987,Rainy,4931.76
2,Flat,1118,Winter,1299.45
2,House,1160,Winter,6582.61
3,Flat,1020,Winter,1278.43
5,Flat,579,Winter,277.28
5,House,2317,Winter,204.98
6,Flat,977,Summer,1765.03
4,Flat,883,Winter,1031.5
1,Flat,666,Summer,169.95
5,House,2494,Rainy,2080.02
2,Flat,2065,Summer,644.51
5,House,2236,Summer,6642.29
2,Flat,326,Summer,2118.16
4,Flat,2426,Winter,328.37
2,Flat,717,Summer,4039.66
2,Flat,723,Winter,8943.76
4,House,587,Rainy,1877.3
1,House,1967,Winter,612.38
4,House,1108,Winter,2801.62
5,House,1137,Rainy,927.56
3,Flat,706,Rainy,3650.7
2,Flat,413,Winter,406.16
6,Flat,613,Rainy,1012.13
1,House,1768,Summer,5738.55
3,Flat,727,Winter,870.4
2,Flat,1874,Winter,194.28
4,House,1833,Summer,975.59
2,Flat,411,Winter,1504.19
5,Flat,384,Summer,1920.5
6,House,1483,Summer,8675.91
2,House,1856,Rainy,5394.04
5,Flat,2198,Winter,6872.52
2,House,2199,Rainy,521.94
2,House,2416,Summer,4259.44
1,House,1690,Rainy,1057.37
5,House,2498,Summer,7765.6
4,Flat,842,Summer,4728.69
6,House,1773,Rainy,472.4
6,House,447,Rainy,2352.03
6,Flat,957,Summer,1948.48
6,House,1172,Summer,12983.7
1,House,1536,Rainy,2426.5
6,Flat,2317,Summer,438.46
4,Flat,468,Rainy,2708.59
3,House,501,Rainy,3839.72
3,Flat,456,Winter,640.38
3,House,372,Rainy,472.16
6,House,2395,Summer,6061.34
6,Flat,1929,Summer,4657.4
1,Flat,1893,Rainy,319.44
6,Flat,1208,Rainy,474.63
1,House,532,Rainy,1285.49
4,House,1540,Summer,6985.73
5,House,1918,Summer,2440.09
1,Flat,918,Rainy,1032.4
1,Flat,2473,Rainy,704.29
1,House,844,Rainy,1868.4
4,House,2377,Rainy,1836.5
6,House,375,Rainy,291.32
3,Flat,1203,Summer,565.05
1,House,377,Winter,2704.66
4,House,1307,Winter,654.98
5,House,2135,Rainy,1007.06
3,Flat,1554,Winter,339.35
3,House,388,Winter,1840.0
3,Flat,414,Winter,1840.88
4,House,331,Winter,1403.13
4,House,1286,Winter,729.94
4,Flat,1049,Rainy,1684.44
6,House,2087,Winter,516.28
3,Flat,1953,Rainy,551.48
5,House,1201,Winter,3446.2
1,Flat,813,Rainy,2921.26
5,Flat,1475,Winter,1216.99
3,Flat,725,Summer,3701.18
6,Flat,613,Winter,4951.46
6,Flat,1324,Winter,574.45
4,Flat,1809,Summer,1402.87
4,House,1178,Winter,1340.87
2,House,2370,Summer,6702.42
3,Flat,1954,Winter,985.3
5,Flat,1034,Rainy,2860.25
3,Flat,1715,Winter,1039.18
5,House,2343,Summer,3983.88
5,House,1343,Rainy,1796.04
2,House,2177,Winter,967.83
5,Flat,2012,Winter,1478.59
3,Flat,1265,Rainy,688.24
5,Flat,596,Rainy,2419.44
1,House,1786,Rainy,1333.91
3,House,1926,Rainy,2330.81
2,House,1610,Rainy,1648.36
4,House,1044,Summer,4429.81
5,Flat,712,Rainy,1913.35
5,Flat,462,Rainy,9846.56
2,Flat,1982,Winter,348.64
1,House,904,Winter,440.6
2,House,452,Winter,1109.64
6,Flat,630,Summer,3857.59
2,House,813,Winter,987.46
6,Flat,1947,Rainy,761.42
3,Flat,2002,Summer,1401.93
3,House,1605,Summer,3783.97
1,House,571,Rainy,5937.27
3,Flat,900,Summer,363.72
3,Flat,765,Winter,1826.22
6,Flat,2334,Rainy,874.34
6,House,438,Summer,2952.17
3,Flat,1550,Summer,1873.12
6,House,1304,Summer,283.63
2,House,2443,Rainy,997.57
2,House,1448,Rainy,427.76
5,House,1598,Summer,2968.95
6,Flat,462,Winter,285.16
3,Flat,2018,Winter,1641.9
1,House,901,Winter,513.66
6,Flat,2056,Winter,8063.95
1,Flat,2017,Summer,1137.03
6,House,1486,Winter,661.27
1,Flat,1484,Rainy,2240.79
6,House,2064,Winter,1102.94
4,House,2028,Summer,1380.48
6,House,1230,Winter,1533.31
1,Flat,860,Rainy,715.16
1,House,2494,Rainy,122.82
4,Flat,2081,Rainy,4445.29
1,Flat,872,Summer,3209.93
5,Flat,1223,Winter,1009.57
4,Flat,2371,Rainy,4938.43
2,Flat,2292,Winter,2638.17
2,House,1195,Summer,472.11
6,House,1597,Winter,888.29
6,Flat,1410,Rainy,62.84
4,Flat,671,Rainy,963.68
4,Flat,1055,Rainy,1146.59
6,Flat,1785,Rainy,3495.09
5,Flat,937,Summer,214.08
6,Flat,2043,Summer,5519.84
3,House,574,Winter,330.69
5,Flat,1443,Winter,2158.78
4,House,1429,Winter,3062.5
5,Flat,1309,Winter,176.19
2,Flat,1698,Rainy,1347.15
1,House,2487,Summer,2426.07
3,House,1872,Winter,4774.71
6,Flat,517,Winter,3500.77
2,House,2488,Rainy,6285.23
4,Flat,1546,Rainy,2438.75
2,Flat,1724,Winter,2345.94
6,Flat,1390,Summer,8365.32
2,House,1044,Rainy,757.62
3,Flat,824,Winter,168.91
1,Flat,620,Rainy,1961.5
4,Flat,1690,Summer,1161.96
5,House,575,Summer,223.89
1,Flat,2111,Summer,988.49
4,House,2361,Rainy,7451.73
6,House,730,Summer,7740.07
2,Flat,334,Summer,2072.43
3,Flat,823,Winter,935.55
1,Flat,410,Rainy,1989.62
2,Flat,767,Winter,586.82
5,Flat,1740,Winter,1339.8
4,Flat,725,Summer,2117.76
3,House,1387,Summer,235.43
6,House,1096,Summer,1885.72
3,Flat,1869,Rainy,2116.12
4,Flat,1580,Winter,2327.53
1,Flat,1180,Summer,1406.18
5,House,2283,Winter,1815.85
6,Flat,1412,Summer,1906.91
1,House,645,Summer,5337.46
1,House,2073,Rainy,3399.75
6,House,2354,Rainy,5959.92
2,House,539,Summer,5931.11
2,House,2397,Summer,4190.12
3,House,2449,Rainy,2109.73
5,Flat,1633,Rainy,4069.5
4,Flat,1254,Rainy,782.38
2,House,1152,Summer,6707.84
4,House,2115,Winter,3338.64
2,House,2343,Rainy,4534.73
4,Flat,1789,Winter,122.08
3,Flat,2227,Rainy,642.02
1,Flat,2152,Rainy,2172.08
1,Flat,1698,Winter,118.31
2,Flat,1976,Rainy,942.23
4,Flat,1655,Rainy,678.34
1,House,1863,Winter,326.91
3,House,1631,Winter,3916.18
1,House,443,Winter,736.04
3,Flat,983,Rainy,2982.14
5,House,1373,Rainy,4247.57
6,House,2110,Summer,79.93
5,House,1634,Winter,2405.93
5,Flat,1759,Winter,1089.23
6,Flat,542,Summer,1410.74
1,Flat,1334,Summer,5565.75
6,Flat,631,Winter,1238.56
6,Flat,985,Summer,1924.4
1,Flat,2063,Summer,3353.6
5,House,363,Winter,7637.61
3,Flat,2484,Rainy,6538.6
3,House,1283,Summer,1110.57
3,House,2377,Rainy,5236.2
2,House,2023,Summer,5644.46
2,House,2182,Winter,1239.33
2,Flat,894,Rainy,3468.07
4,House,2065,Winter,896.67
5,Flat,2481,Summer,3483.59
2,House,2176,Winter,1431.36
4,Flat,1854,Rainy,5487.8
6,Flat,2119,Winter,1019.5
3,Flat,694,Summer,3538.58
6,House,804,Winter,2062.7
4,Flat,1428,Summer,9085.86
1,House,2202,Winter,2012.56
5,House,1166,Summer,4488.43
6,Flat,1104,Summer,505.81
2,House,2142,Winter,2557.83
2,Flat,1471,Rainy,1430.33
6,Flat,723,Winter,2697.48
3,Flat,785,Summer,3444.06
6,House,1300,Rainy,473.87
3,Flat,792,Winter,1711.11
6,House,746,Summer,6158.33
3,House,642,Winter,5111.84
6,House,2438,Rainy,412.14
1,House,1908,Summer,6783.4
2,Flat,2021,Summer,3092.01
2,House,1048,Rainy,2693.17
1,House,1633,Winter,1810.01
6,House,1418,Winter,655.09
4,House,2140,Winter,5566.38
1,House,1834,Summer,2845.73
3,House,1793,Summer,1702.79
3,Flat,1097,Rainy,288.41
1,Flat,587,Summer,5512.06
6,House,1518,Summer,4841.63
1,House,2424,Winter,610.42
6,Flat,2091,Summer,1163.42
4,House,1739,Winter,4465.75
3,Flat,2426,Summer,1380.1
6,Flat,2084,Winter,2360.78
6,House,1391,Summer,6691.69
1,Flat,1910,Winter,911.02
3,House,1481,Summer,6751.91
1,Flat,1798,Summer,145.17
5,Flat,2318,Rainy,1597.39
3,Flat,2018,Summer,887.81
2,House,1675,Summer,304.43
5,House,1912,Summer,3843.92
6,House,1969,Rainy,2450.04
6,Flat,1537,Summer,4087.62
4,Flat,1550,Rainy,512.46
3,House,822,Winter,2492.85
1,Flat,433,Summer,1086.98
4,Flat,2196,Summer,313.44
5,House,930,Rainy,768.5
1,House,951,Winter,148.52
1,House,2176,Summer,3098.27
1,Flat,1833,Winter,146.36
4,Flat,1286,Rainy,418.65
3,House,1433,Summer,2792.7
2,Flat,1875,Winter,243.43
2,House,346,Winter,1079.67
5,Flat,1646,Summer,5666.45
1,Flat,405,Summer,3643.01
1,Flat,603,Winter,3070.7
3,House,453,Rainy,6252.01
5,Flat,1624,Rainy,3311.06
4,Flat,2431,Rainy,10478.2
4,House,1142,Rainy,1326.5
3,House,2409,Rainy,888.16
1,House,897,Winter,1811.32
1,Flat,612,Summer,2509.18
6,House,587,Summer,2230.88
5,House,611,Winter,554.9
3,Flat,2361,Rainy,449.33
5,House,1940,Summer,3701.0
6,Flat,1605,Rainy,1731.87
6,Flat,2192,Summer,2063.72
5,House,1627,Rainy,1007.86
4,House,746,Rainy,2648.03
3,House,559,Winter,1426.74
4,Flat,795,Rainy,598.59
3,House,2204,Rainy,2691.18
5,Flat,1775,Winter,202.77
4,Flat,1657,Winter,4623.47
6,Flat,2424,Summer,15028.53
3,House,1502,Rainy,389.45
1,Flat,2250,Summer,1283.9
1,House,354,Winter,1168.17
2,House,999,Summer,8850.71
6,House,1357,Summer,199.69
1,House,1700,Rainy,6502.79
1,Flat,303,Rainy,1211.78
1,Flat,929,Rainy,2161.01
3,Flat,583,Summer,3386.3
5,House,418,Winter,1432.59
2,House,900,Summer,7031.71
6,House,1480,Summer,5597.14
6,House,957,Winter,4188.38
6,House,1464,Rainy,8014.77
3,House,948,Winter,1234.28
2,House,2298,Winter,1221.77
5,Flat,640,Summer,1180.82
2,House,1077,Summer,620.86
3,Flat,462,Winter,5111.78
3,Flat,2336,Rainy,2476.37
1,House,1804,Summer,1515.62
4,Flat,1529,Winter,684.38
2,Flat,711,Summer,2829.9
1,Flat,329,Winter,1089.49
6,House,846,Rainy,2903.59
1,Flat,712,Winter,4629.75
5,House,747,Winter,4559.55
5,Flat,1303,Rainy,4950.28
6,Flat,514,Summer,5271.56
6,House,840,Rainy,4303.6
6,House,2129,Rainy,1066.62
3,Flat,1771,Rainy,7943.31
4,House,1323,Summer,1282.83
4,Flat,1324,Rainy,268.08
1,Flat,2485,Summer,976.76
5,Flat,1536,Rainy,725.34
2,Flat,1603,Rainy,999.33
3,House,1666,Winter,470.97
3,Flat,2148,Summer,6235.46
1,House,560,Summer,9159.16
6,Flat,1553,Summer,4662.3
6,Flat,415,Winter,5575.36
6,House,724,Winter,4983.01
6,House,2270,Summer,3181.86
5,Flat,1527,Summer,2467.74
6,Flat,1020,Winter,462.84
6,Flat,1874,Rainy,388.13
6,House,1069,Rainy,3868.51
5,House,1720,Summer,5793.87
2,Flat,2127,Winter,484.5
3,House,1075,Rainy,641.66
6,Flat,2063,Rainy,1035.01
4,Flat,1331,Rainy,6267.88
1,House,645,Winter,1659.91
4,Flat,2055,Summer,4291.76
2,Flat,498,Summer,329.41
3,House,362,Winter,4171.19
4,House,2371,Summer,1905.0
4,House,830,Summer,4674.35
4,House,1019,Summer,2105.43
1,Flat,482,Summer,3523.41
2,House,1407,Summer,119.03
3,House,2415,Winter,343.54
5,House,2358,Summer,5548.29
2,Flat,1120,Summer,5087.08
5,House,531,Winter,1198.99
1,House,2265,Winter,5070.45
3,Flat,1748,Summer,960.31
4,House,2261,Winter,2550.95
4,House,1377,Winter,618.3
5,House,1497,Rainy,2385.44
4,Flat,750,Summer,3523.18
4,Flat,2419,Summer,4591.0
5,Flat,1954,Winter,1148.7
3,House,1235,Rainy,3639.0
2,Flat,549,Rainy,3536.12
5,Flat,888,Rainy,2581.58
6,Flat,2187,Rainy,1249.23
4,House,1538,Winter,2217.94
6,Flat,2097,Rainy,5428.13
4,House,1473,Summer,2189.96
4,Flat,1354,Winter,1193.69
6,Flat,1284,Rainy,981.44
6,Flat,2284,Summer,1996.94
3,Flat,795,Winter,1255.32
3,House,1013,Summer,3122.43
5,Flat,635,Rainy,2108.34
6,Flat,973,Summer,3973.89
6,Flat,1783,Summer,6281.5
1,House,593,Winter,73.19
4,Flat,2182,Winter,54.94
1,Flat,636,Winter,306.22
6,House,1941,Rainy,2542.9
4,House,1380,Summer,5727.54
6,House,1356,Summer,4181.37
1,House,1288,Rainy,4311.85
1,Flat,1059,Rainy,1543.66
2,House,1052,Winter,227.27
1,House,2378,Rainy,617.56
1,House,476,Summer,1062.63
2,Flat,621,Winter,1462.59
5,House,1736,Summer,3382.62
6,House,2204,Summer,4907.65
5,Flat,1117,Winter,364.08
6,House,719,Rainy,1491.48
3,Flat,2486,Winter,628.39
5,House,697,Winter,5600.81
1,Flat,1755,Rainy,1638.06
5,Flat,2002,Rainy,4793.83
4,House,2216,Summer,2178.14
2,House,2043,Winter,2338.57
6,House,1943,Rainy,4485.57
2,House,1891,Rainy,3349.75
6,Flat,1204,Summer,7335.37
4,Flat,406,Winter,974.87
1,House,2198,Winter,1067.53
4,Flat,1027,Winter,266.72
5,Flat,955,Rainy,4016.82
1,House,395,Winter,599.54
6,Flat,2209,Rainy,5733.48
2,House,1203,Rainy,789.11
2,Flat,1089,Summer,1648.64
2,Flat,1765,Summer,1524.96
1,Flat,1737,Winter,1870.64
3,Flat,676,Summer,3431.46
4,House,1322,Rainy,1583.0
1,House,2142,Winter,3302.42
4,Flat,1641,Summer,2756.24
4,House,1817,Summer,356.86
4,House,758,Winter,3274.43
2,House,2235,Winter,6676.13
4,Flat,490,Rainy,2781.12
4,Flat,678,Summer,5706.04
3,House,1262,Rainy,1375.6
4,Flat,2188,Rainy,5982.59
6,Flat,551,Summer,3266.86
4,Flat,2029,Winter,1430.92
1,House,727,Rainy,4025.4
6,Flat,2206,Winter,703.88
1,House,1673,Rainy,5010.72
4,Flat,931,Summer,3159.29
1,Flat,2272,Rainy,3026.43
4,House,1352,Summer,251.87
2,House,405,Summer,1821.59
1,House,860,Summer,2202.97
3,House,319,Summer,1375.43
5,House,1295,Winter,1495.37
1,House,596,Summer,408.05
5,Flat,830,Rainy,517.76
1,House,2070,Summer,1534.47
3,House,2253,Summer,146.63
3,Flat,1589,Winter,257.02
2,Flat,1731,Winter,1368.86
6,Flat,2454,Rainy,2880.49
2,Flat,1940,Rainy,8261.79
4,Flat,660,Rainy,310.08
3,House,611,Winter,2034.25
6,Flat,2401,Summer,6697.87
3,House,1349,Rainy,905.98
5,House,748,Summer,4978.54
2,Flat,1058,Rainy,1303.22
1,House,2284,Rainy,2964.4
4,Flat,1828,Summer,3606.25
3,House,1801,Winter,2556.65
1,House,1327,Rainy,601.34
1,Flat,444,Winter,242.52
5,House,1332,Rainy,2137.22
1,House,1480,Rainy,1926.62
2,Flat,1648,Rainy,1957.97
4,House,1117,Summer,4825.54
1,Flat,1857,Summer,2379.11
1,Flat,1208,Summer,1629.18
5,House,1736,Summer,2618.41
1,House,1024,Rainy,1497.54
3,Flat,1971,Summer,5717.19
6,House,1842,Winter,1144.83
4,Flat,2094,Summer,10634.84
3,House,2157,Summer,7122.24
6,Flat,1777,Rainy,3753.92
1,Flat,608,Winter,1297.32
5,House,1046,Rainy,2536.23
1,House,661,Summer,1073.3
6,House,2058,Summer,1009.38
4,House,1321,Summer,6659.65
6,Flat,1560,Rainy,7714.36
6,House,595,Summer,2335.9
3,House,1404,Rainy,3242.82
3,Flat,318,Winter,598.25
3,Flat,2475,Rainy,147.4
4,House,2211,Rainy,4087.55
5,House,1697,Rainy,414.61
3,House,517,Winter,770.04
4,House,2317,Summer,5303.37
6,House,1464,Rainy,8211.62
2,Flat,1338,Rainy,249.39
6,House,1924,Winter,999.59
1,House,2318,Rainy,3701.26
6,Flat,596,Summer,4410.47
4,House,1188,Summer,6541.06
6,Flat,1628,Rainy,2072.25
3,House,531,Rainy,827.52
1,House,2129,Rainy,2077.13
4,Flat,1105,Winter,638.48
6,House,982,Summer,6185.03
3,House,1435,Rainy,4890.72
2,Flat,1435,Summer,2620.34
4,House,2413,Rainy,7403.94
2,House,1779,Rainy,2243.78
4,House,1922,Winter,715.0
5,House,551,Rainy,3499.11
6,House,698,Summer,759.32
4,House,792,Rainy,4697.51
1,House,1025,Winter,1519.01
1,Flat,2423,Winter,207.04
2,House,1702,Rainy,191.74
3,Flat,739,Summer,2810.72
5,Flat,415,Winter,2776.75
6,House,2371,Rainy,3398.49
1,Flat,2175,Winter,409.67
1,Flat,1115,Summer,1687.6
3,Flat,2057,Summer,3825.4
2,House,2455,Rainy,123.21
6,House,1844,Summer,2633.3
6,Flat,1142,Rainy,528.57
3,House,678,Winter,443.45
3,House,468,Winter,1685.92
4,House,2313,Rainy,2577.18
5,House,969,Summer,8513.85
4,Flat,923,Winter,694.7
5,Flat,1820,Rainy,2097.0
4,Flat,1116,Summer,2068.81
6,House,1840,Rainy,2954.04
5,Flat,1433,Rainy,341.59
6,House,481,Winter,5842.9
4,Flat,572,Summer,1450.16
3,Flat,1331,Winter,228.49
3,House,1299,Winter,287.2
3,House,1765,Rainy,4941.55
6,House,1156,Winter,1463.09
6,House,792,Winter,198.19
1,House,2182,Summer,1257.62
5,House,1749,Winter,288.64
5,Flat,2034,Winter,3898.97
1,Flat,1004,Rainy,4464.85
2,House,1555,Winter,1487.21
4,House,1638,Summer,2270.86
5,House,1132,Winter,785.6
4,House,2217,Winter,1288.22
5,Flat,2235,Rainy,4545.98
2,House,2120,Summer,6165.99
2,Flat,1264,Summer,9431.13
2,House,410,Rainy,4362.23
4,Flat,1453,Winter,2240.68
3,House,957,Summer,7597.41
5,House,779,Winter,480.43
5,House,2468,Winter,2059.02
1,Flat,1133,Rainy,443.17
6,House,2104,Rainy,6539.72
3,Flat,1399,Summer,298.46
2,House,772,Winter,1330.94
1,House,864,Summer,2551.94
6,Flat,432,Winter,1404.47
3,Flat,1354,Winter,434.81
4,House,898,Winter,732.97
2,House,1340,Rainy,1256.85
3,Flat,2015,Winter,5989.8
6,House,1261,Summer,2765.04
3,Flat,397,Summer,429.98
4,House,1119,Summer,2467.03
1,Flat,2293,Summer,3481.34
4,House,1057,Rainy,1268.42
3,Flat,1033,Summer,3639.68
3,House,2281,Winter,962.39
1,Flat,931,Rainy,2914.98
5,House,500,Rainy,922.45
6,Flat,720,Summer,3845.92
3,House,767,Winter,1205.38
2,House,1070,Rainy,6619.74
4,House,1965,Rainy,978.24
4,Flat,2025,Winter,1681.98
3,House,768,Rainy,4411.91
2,House,2334,Winter,1322.92
2,House,2414,Winter,482.41
6,Flat,531,Rainy,2032.98
3,Flat,953,Winter,830.31
1,House,416,Winter,570.6
2,Flat,514,Winter,1562.23
5,House,938,Winter,3413.28
5,Flat,1850,Winter,3133.36
1,House,835,Winter,1952.49
2,Flat,1358,Summer,430.22
2,House,2103,Rainy,2447.11
5,Flat,918,Summer,128.76
2,Flat,2056,Rainy,2977.68
4,House,1887,Summer,6503.11
1,Flat,2468,Rainy,1860.43
4,Flat,1703,Winter,741.37
1,House,300,Summer,2511.0
5,Flat,1128,Rainy,377.56
6,House,1138,Summer,4851.5
3,Flat,1054,Summer,1203.71
1,Flat,327,Rainy,2025.66
3,Flat,423,Summer,533.68
2,House,440,Winter,69.15
6,Flat,2010,Rainy,2102.62
6,Flat,1911,Summer,6899.13
5,House,375,Winter,321.63
2,Flat,2031,Winter,2181.35
4,Flat,1269,Rainy,736.84
4,Flat,1183,Rainy,9322.8
3,House,1499,Rainy,5391.09
1,Flat,1037,Rainy,1913.68
3,House,1161,Rainy,2552.21
6,Flat,669,Summer,728.45
1,Flat,1687,Rainy,5117.65
6,House,2283,Summer,591.03
2,House,2229,Summer,416.6
4,Flat,673,Summer,2471.2
6,Flat,2454,Summer,897.51
2,House,1353,Winter,2832.92
4,Flat,2490,Winter,220.1
5,House,355,Summer,10440.61
4,House,1814,Winter,560.61
5,Flat,869,Winter,844.51
1,House,863,Winter,118.4
3,House,558,Summer,372.34
1,Flat,1310,Summer,1324.96
1,House,1902,Summer,327.72
6,House,1582,Summer,3893.39
2,Flat,1913,Winter,57.33
5,House,559,Winter,2705.27
5,House,1573,Winter,1922.65
2,Flat,465,Winter,587.11
3,House,2189,Summer,5298.69
2,House,1734,Summer,3261.73
4,Flat,370,Winter,924.08
4,Flat,1867,Winter,370.45
4,Flat,646,Winter,641.05
6,House,2404,Summer,4213.14
4,House,715,Summer,2303.91
2,House,731,Rainy,1384.37
6,Flat,2246,Summer,5309.74
6,House,313,Rainy,1712.88
1,House,1816,Rainy,449.88
4,House,929,Summer,830.61
2,House,679,Winter,407.48
2,House,1738,Winter,740.07
3,Flat,763,Summer,1037.73
2,House,1699,Rainy,3490.45
4,House,2283,Summer,3754.13
6,Flat,500,Summer,6965.89
4,House,773,Winter,888.23
2,Flat,1916,Rainy,2619.6
6,House,1782,Winter,1513.03
5,House,1051,Summer,1852.85
5,House,618,Summer,1208.72
2,Flat,1238,Rainy,613.86
6,Flat,2057,Summer,1112.64
6,Flat,2362,Summer,3379.35
3,House,1275,Summer,4045.01
5,House,1839,Summer,536.89
2,Flat,1005,Winter,1431.83
2,Flat,924,Summer,4778.87
2,House,880,Rainy,843.42
4,Flat,1826,Winter,2898.45
1,Flat,2377,Summer,1973.65
1,House,1307,Rainy,904.44
4,House,2486,Rainy,695.35
2,House,1653,Rainy,2808.16
3,Flat,629,Rainy,1046.88
4,Flat,736,Summer,2432.43
6,House,484,Summer,1404.36
4,Flat,1451,Winter,4155.77
1,House,1229,Summer,5994.93
2,House,2463,Summer,1325.58
4,Flat,1974,Summer,1755.07
3,House,1059,Rainy,856.78
4,Flat,406,Summer,577.66
6,Flat,379,Winter,563.74
5,Flat,1762,Summer,1416.93
6,House,580,Summer,1403.09
4,Flat,1359,Rainy,2153.52
6,Flat,1344,Summer,2587.81
1,House,1157,Rainy,3407.57
2,House,1413,Summer,2750.96
2,House,609,Rainy,3143.27
4,House,454,Rainy,1893.5
4,House,1479,Rainy,4019.43
5,Flat,1686,Winter,4035.04
2,Flat,2393,Rainy,3610.25
3,House,1951,Rainy,1715.05
5,Flat,452,Winter,1249.14
6,Flat,2466,Summer,3614.17
1,House,1596,Rainy,6728.46
2,House,1025,Winter,413.91
5,Flat,1483,Winter,1136.54
3,House,442,Rainy,1250.27
1,Flat,472,Summer,1455.17
5,House,1960,Rainy,4685.91
6,House,786,Summer,5279.86
5,Flat,1836,Winter,185.28
5,Flat,776,Winter,194.12
6,House,1423,Summer,2736.83
4,Flat,671,Winter,610.49
4,House,1734,Summer,127.29
5,Flat,344,Winter,6294.62
1,House,304,Rainy,837.51
4,House,521,Summer,2890.31
2,Flat,2179,Rainy,283.92
6,Flat,1320,Winter,1571.08
6,Flat,1896,Summer,2767.03
6,House,1778,Rainy,245.23
3,Flat,1584,Summer,3115.47
6,Flat,1982,Winter,534.39
3,House,2159,Summer,6562.27
2,Flat,517,Rainy,2637.17
4,House,875,Winter,1042.49
6,Flat,2157,Summer,2275.44
1,Flat,2058,Rainy,456.34
1,Flat,1473,Rainy,3785.79
4,Flat,1738,Summer,6299.76
4,Flat,1947,Rainy,1130.38
1,Flat,1955,Rainy,272.33
6,House,2406,Summer,2229.3
4,Flat,1831,Summer,5668.46
4,House,1790,Rainy,1720.87
6,House,1062,Winter,2007.79
5,House,2084,Winter,1597.76
6,Flat,346,Winter,1166.54
6,Flat,2467,Rainy,571.0
4,Flat,1930,Rainy,470.55
1,Flat,2470,Summer,3570.47
3,Flat,1557,Winter,1684.26
1,House,1270,Rainy,1693.21
5,Flat,2255,Summer,1824.97
5,Flat,2500,Winter,1604.16
1,House,446,Winter,1639.67
4,Flat,831,Summer,5936.33
5,Flat,853,Winter,1298.55
2,Flat,868,Winter,1668.32
3,House,1105,Winter,9924.29
4,House,1983,Summer,3666.81
6,House,1033,Winter,3837.58
1,House,978,Winter,785.89
3,House,1720,Winter,6572.09
1,Flat,385,Rainy,1636.98
3,House,1057,Winter,86.8
5,Flat,1820,Rainy,2278.33
2,House,1761,Summer,5832.7
6,House,307,Winter,2811.76
2,House,837,Winter,4583.4
5,House,812,Summer,5704.91
3,Flat,1619,Summer,5529.58
1,House,454,Summer,3846.59
3,Flat,841,Summer,6214.44
4,Flat,571,Winter,4132.86
4,Flat,1110,Summer,8609.05
6,House,1948,Rainy,5254.15
3,Flat,423,Rainy,2197.99
1,House,1379,Rainy,364.78
2,Flat,317,Rainy,1205.68
2,Flat,911,Summer,3382.2
3,House,1729,Winter,898.73
5,Flat,538,Winter,969.27
2,Flat,2413,Summer,4446.0
1,House,2218,Summer,7287.43
1,House,901,Summer,504.0
6,House,1782,Summer,818.01
1,Flat,1118,Winter,1057.35
3,Flat,2257,Rainy,3631.17
2,Flat,2282,Rainy,646.98
5,Flat,1405,Rainy,6572.18
3,House,2259,Summer,2491.07
4,House,1065,Rainy,3620.58
2,Flat,2483,Summer,3052.06
1,House,316,Winter,488.89
4,Flat,884,Rainy,3292.5
3,House,582,Rainy,2949.48
4,House,798,Winter,407.11
2,House,1038,Winter,684.05
6,House,372,Rainy,2368.99
2,Flat,1239,Rainy,613.31
3,House,1294,Winter,2987.19
5,Flat,944,Summer,589.82
1,Flat,1063,Rainy,574.98
2,Flat,446,Rainy,946.04
4,House,1356,Summer,1290.11
5,Flat,517,Winter,736.46
6,House,1487,Rainy,565.87
2,Flat,517,Winter,2546.07
4,House,598,Rainy,2036.0
3,House,1426,Winter,426.14
4,Flat,1328,Winter,177.71
5,House,1465,Winter,817.22
4,Flat,2323,Summer,1716.4
5,Flat,512,Rainy,153.4
3,Flat,1358,Winter,738.99
5,House,441,Summer,4106.73
6,House,842,Winter,527.79
6,House,1417,Rainy,2501.84
3,House,534,Summer,4609.16
6,Flat,638,Rainy,1554.76
3,House,2164,Winter,1175.42
4,Flat,534,Winter,1569.57
5,House,1824,Summer,4698.35
2,House,799,Rainy,2037.81
1,House,1227,Rainy,286.33
2,Flat,789,Summer,2215.37
1,House,1268,Rainy,4773.4
3,House,1444,Rainy,635.94
4,Flat,2321,Rainy,1347.92
1,House,776,Summer,3814.08
2,Flat,2424,Summer,1959.8
5,House,1954,Winter,1834.39
6,House,515,Rainy,1019.1
3,House,865,Summer,5272.62
4,Flat,1376,Winter,9052.79
1,House,1653,Winter,406.86
2,Flat,952,Winter,1320.36
6,Flat,398,Rainy,677.76
1,House,519,Summer,6257.02
3,Flat,2195,Winter,5966.49
3,House,2172,Winter,3449.39
5,Flat,1482,Rainy,1809.17
6,Flat,2429,Rainy,4167.37
1,Flat,376,Rainy,1686.58
6,House,755,Rainy,4765.18
6,House,1661,Summer,2558.38
5,House,421,Rainy,1916.44
5,Flat,936,Rainy,537.94
4,House,1624,Winter,1012.96
3,Flat,938,Winter,1962.58
3,Flat,1675,Rainy,2879.03
6,House,1207,Winter,1126.24
1,Flat,1387,Summer,867.45
3,Flat,1746,Summer,364.86
4,House,2196,Winter,1649.57
4,Flat,1361,Summer,3010.69
2,Flat,2213,Rainy,607.64
3,House,1549,Summer,380.49
4,House,2095,Rainy,12702.25
6,Flat,700,Rainy,7516.31
1,House,2480,Rainy,367.83
1,House,1339,Winter,1312.38
3,House,2222,Summer,6608.55
2,Flat,301,Winter,3663.19
2,House,1909,Rainy,453.21
1,Flat,1775,Rainy,2959.26
6,House,661,Summer,15291.14
6,House,790,Rainy,1299.87
5,House,1497,Summer,2107.81
6,Flat,1227,Rainy,4476.88
2,House,2310,Summer,4527.39
5,Flat,1761,Rainy,1148.89
5,House,1226,Summer,1779.34
2,House,797,Summer,2472.93
1,House,1084,Summer,4528.47
2,House,1116,Winter,3072.49
4,Flat,1170,Rainy,2650.3
